Invoice_No,Stock_Code,Description,Category,Quantity,Invoice_Date,Unit_Price,Customer_ID,Country,Total_Spend
INV-100000,SKU-101,Wireless Noise-Canceling Headphones,Audio,2,2023-01-21 00:00:00,149.99,CUST-1390,United States,299.98
INV-100001,SKU-106,USB-C Multiport Adapter,Accessories,1,2023-03-05 00:00:00,34.5,CUST-1292,United States,34.5
INV-100002,SKU-106,USB-C Multiport Adapter,Accessories,1,2023-06-14 00:00:00,34.5,CUST-1182,United States,34.5
INV-100003,SKU-106,USB-C Multiport Adapter,Accessories,1,2023-01-27 00:00:00,34.5,CUST-1445,United States,34.5
INV-100004,SKU-108,Portable Espresso Maker,Kitchen,1,2023-11-07 00:00:00,79.99,CUST-1390,France,79.99
INV-100005,SKU-106,USB-C Multiport Adapter,Accessories,3,2023-10-12 00:00:00,34.5,CUST-1091,Australia,103.5
INV-100006,SKU-105,Smart Fitness Tracker Band,Wearables,3,2023-10-08 00:00:00,59.99,CUST-1475,United Kingdom,179.97
INV-100007,SKU-102,Ergonomic Office Chair,Furniture,1,2023-06-13 00:00:00,229.0,CUST-1446,United States,229.0
INV-100008,SKU-104,Stainless Steel Water Bottle,Lifestyle,1,2023-08-12 00:00:00,24.99,CUST-1487,United Kingdom,24.99
INV-100009,SKU-110,LED Desk Lamp with Wireless Charging,Lighting,2,2023-05-26 00:00:00,49.99,CUST-1402,United States,99.98
INV-100010,SKU-105,Smart Fitness Tracker Band,Wearables,1,2023-01-30 00:00:00,59.99,CUST-1351,United States,59.99
INV-100011,SKU-110,LED Desk Lamp with Wireless Charging,Lighting,1,2023-02-14 00:00:00,49.99,CUST-1242,France,49.99
INV-100012,SKU-104,Stainless Steel Water Bottle,Lifestyle,8,2024-04-15 00:00:00,24.99,CUST-1478,United States,199.92
INV-100013,SKU-102,Ergonomic Office Chair,Furniture,2,2023-02-03 00:00:00,229.0,CUST-1467,United States,458.0
INV-100014,SKU-107,Organic Cotton Throw Blanket,Home,10,2024-03-02 00:00:00,45.0,CUST-1033,United Kingdom,450.0
INV-100015,SKU-110,LED Desk Lamp with Wireless Charging,Lighting,1,2023-08-09 00:00:00,49.99,CUST-1011,United Kingdom,49.99
INV-100016,SKU-110,LED Desk Lamp with Wireless Charging,Lighting,2,2024-06-17 00:00:00,49.99,CUST-1226,United States,99.98
INV-100017,SKU-102,Ergonomic Office Chair,Furniture,1,2024-01-02 00:00:00,229.0,CUST-1445,United States,229.0
INV-100018,SKU-101,Wireless Noise-Canceling Headphones,Audio,1,2023-04-26 00:00:00,149.99,CUST-1499,United States,149.99
INV-100019,SKU-105,Smart Fitness Tracker Band,Wearables,1,2023-08-27 00:00:00,59.99,CUST-1080,Germany,59.99
INV-100020,SKU-101,Wireless Noise-Canceling Headphones,Audio,1,2023-12-01 00:00:00,149.99,CUST-1325,United States,149.99
INV-100021,SKU-101,Wireless Noise-Canceling Headphones,Audio,1,2024-03-16 00:00:00,149.99,CUST-1226,United States,149.99
INV-100022,SKU-101,Wireless Noise-Canceling Headphones,Audio,1,2023-05-28 00:00:00,149.99,CUST-1498,United Kingdom,149.99
INV-100023,SKU-106,USB-C Multiport Adapter,Accessories,1,2023-01-09 00:00:00,34.5,CUST-1453,Australia,34.5
INV-100024,SKU-109,Laptop Stand Aluminum,Accessories,2,2023-10-15 00:00:00,39.99,CUST-1450,United States,79.98
INV-100025,SKU-110,LED Desk Lamp with Wireless Charging,Lighting,1,2024-01-23 00:00:00,49.99,CUST-1261,United States,49.99
INV-100026,SKU-101,Wireless Noise-Canceling Headphones,Audio,1,2023-02-19 00:00:00,149.99,CUST-1242,United Kingdom,149.99
INV-100027,SKU-105,Smart Fitness Tracker Band,Wearables,1,2024-05-31 00:00:00,59.99,CUST-1154,Germany,59.99
INV-100028,SKU-109,Laptop Stand Aluminum,Accessories,1,2023-10-05 00:00:00,39.99,CUST-1034,United States,39.99
INV-100029,SKU-109,Laptop Stand Aluminum,Accessories,2,2023-10-27 00:00:00,39.99,CUST-1467,United States,79.98
INV-100030,SKU-101,Wireless Noise-Canceling Headphones,Audio,1,2023-05-15 00:00:00,149.99,CUST-1445,United States,149.99
INV-100031,SKU-108,Portable Espresso Maker,Kitchen,2,2023-05-27 00:00:00,79.99,CUST-1499,United States,159.98
INV-100032,SKU-101,Wireless Noise-Canceling Headphones,Audio,1,2024-05-04 00:00:00,149.99,CUST-1499,United Kingdom,149.99
INV-100033,SKU-108,Portable Espresso Maker,Kitchen,1,2024-04-22 00:00:00,79.99,CUST-1305,United States,79.99
INV-100034,SKU-101,Wireless Noise-Canceling Headphones,Audio,4,2023-06-08 00:00:00,149.99,CUST-1426,Canada,599.96
INV-100035,SKU-105,Smart Fitness Tracker Band,Wearables,2,2024-01-19 00:00:00,59.99,CUST-1484,United Kingdom,119.98
INV-100036,SKU-108,Portable Espresso Maker,Kitchen,1,2023-06-12 00:00:00,79.99,CUST-1462,United Kingdom,79.99
INV-100037,SKU-106,USB-C Multiport Adapter,Accessories,3,2024-03-16 00:00:00,34.5,CUST-1140,United States,103.5
INV-100038,SKU-109,Laptop Stand Aluminum,Accessories,1,2023-07-08 00:00:00,39.99,CUST-1250,United Kingdom,39.99
INV-100039,SKU-101,Wireless Noise-Canceling Headphones,Audio,3,2024-02-19 00:00:00,149.99,CUST-1069,United States,449.97
INV-100040,SKU-109,Laptop Stand Aluminum,Accessories,2,2023-12-05 00:00:00,39.99,CUST-1488,Australia,79.98
INV-100041,SKU-101,Wireless Noise-Canceling Headphones,Audio,2,2023-06-30 00:00:00,149.99,CUST-1341,India,299.98
INV-100042,SKU-110,LED Desk Lamp with Wireless Charging,Lighting,10,2023-10-15 00:00:00,49.99,CUST-1137,United States,499.9
INV-100043,SKU-110,LED Desk Lamp with Wireless Charging,Lighting,1,2023-07-06 00:00:00,49.99,CUST-1385,United States,49.99
INV-100044,SKU-103,Mechanical Gaming Keyboard,Peripherals,2,2023-05-18 00:00:00,89.5,CUST-1355,United States,179.0
INV-100045,SKU-101,Wireless Noise-Canceling Headphones,Audio,1,2023-05-10 00:00:00,149.99,CUST-1212,Germany,149.99
INV-100046,SKU-103,Mechanical Gaming Keyboard,Peripherals,1,2023-07-13 00:00:00,89.5,CUST-1066,Germany,89.5
INV-100047,SKU-102,Ergonomic Office Chair,Furniture,1,2023-11-12 00:00:00,229.0,CUST-1385,Canada,229.0
INV-100048,SKU-102,Ergonomic Office Chair,Furniture,1,2023-05-24 00:00:00,229.0,CUST-1277,Canada,229.0
INV-100049,SKU-109,Laptop Stand Aluminum,Accessories,2,2023-01-16 00:00:00,39.99,CUST-1427,United States,79.98
INV-100050,SKU-108,Portable Espresso Maker,Kitchen,1,2023-10-29 00:00:00,79.99,CUST-1277,United Kingdom,79.99
INV-100051,SKU-101,Wireless Noise-Canceling Headphones,Audio,1,2024-02-27 00:00:00,149.99,CUST-1463,Germany,149.99
INV-100052,SKU-104,Stainless Steel Water Bottle,Lifestyle,1,2023-09-02 00:00:00,24.99,CUST-1305,United Kingdom,24.99
INV-100053,SKU-101,Wireless Noise-Canceling Headphones,Audio,1,2023-04-17 00:00:00,149.99,CUST-1308,United Kingdom,149.99
INV-100054,SKU-101,Wireless Noise-Canceling Headphones,Audio,4,2023-03-29 00:00:00,149.99,CUST-1469,Germany,599.96
INV-100055,SKU-104,Stainless Steel Water Bottle,Lifestyle,1,2023-05-09 00:00:00,24.99,CUST-1240,United Kingdom,24.99
INV-100056,SKU-102,Ergonomic Office Chair,Furniture,2,2023-12-07 00:00:00,229.0,CUST-1069,Germany,458.0
INV-100057,SKU-103,Mechanical Gaming Keyboard,Peripherals,2,2023-01-04 00:00:00,89.5,CUST-1011,United Kingdom,179.0
INV-100058,SKU-109,Laptop Stand Aluminum,Accessories,2,2023-11-23 00:00:00,39.99,CUST-1412,Germany,79.98
INV-100059,SKU-102,Ergonomic Office Chair,Furniture,1,2024-02-14 00:00:00,229.0,CUST-1358,Germany,229.0
INV-100060,SKU-104,Stainless Steel Water Bottle,Lifestyle,3,2023-11-02 00:00:00,24.99,CUST-1392,United Kingdom,74.97
INV-100061,SKU-101,Wireless Noise-Canceling Headphones,Audio,1,2023-08-13 00:00:00,149.99,CUST-1126,Germany,149.99
INV-100062,SKU-102,Ergonomic Office Chair,Furniture,4,2023-12-14 00:00:00,229.0,CUST-1069,United States,916.0
INV-100063,SKU-105,Smart Fitness Tracker Band,Wearables,1,2023-11-17 00:00:00,59.99,CUST-1007,United States,59.99
INV-100064,SKU-110,LED Desk Lamp with Wireless Charging,Lighting,1,2023-06-30 00:00:00,49.99,CUST-1203,United States,49.99
INV-100065,SKU-101,Wireless Noise-Canceling Headphones,Audio,1,2024-01-21 00:00:00,149.99,CUST-1324,United Kingdom,149.99
INV-100066,SKU-107,Organic Cotton Throw Blanket,Home,2,2023-04-18 00:00:00,45.0,CUST-1230,United Kingdom,90.0
INV-100067,SKU-104,Stainless Steel Water Bottle,Lifestyle,1,2024-06-14 00:00:00,24.99,CUST-1248,India,24.99
INV-100068,SKU-106,USB-C Multiport Adapter,Accessories,1,2024-02-14 00:00:00,34.5,CUST-1475,United States,34.5
INV-100069,SKU-108,Portable Espresso Maker,Kitchen,1,2023-10-23 00:00:00,79.99,CUST-1200,United States,79.99
INV-100070,SKU-106,USB-C Multiport Adapter,Accessories,4,2023-06-20 00:00:00,34.5,CUST-1273,United States,138.0
INV-100071,SKU-102,Ergonomic Office Chair,Furniture,3,2023-11-27 00:00:00,229.0,CUST-1441,United States,687.0
INV-100072,SKU-101,Wireless Noise-Canceling Headphones,Audio,1,2024-05-07 00:00:00,149.99,CUST-1235,Canada,149.99
INV-100073,SKU-108,Portable Espresso Maker,Kitchen,2,2023-07-14 00:00:00,79.99,CUST-1358,United States,159.98
INV-100074,SKU-108,Portable Espresso Maker,Kitchen,1,2023-01-12 00:00:00,79.99,CUST-1465,United Kingdom,79.99
INV-100075,SKU-109,Laptop Stand Aluminum,Accessories,1,2023-07-14 00:00:00,39.99,CUST-1486,Germany,39.99
INV-100076,SKU-106,USB-C Multiport Adapter,Accessories,4,2024-05-04 00:00:00,34.5,CUST-1076,United Kingdom,138.0
INV-100077,SKU-101,Wireless Noise-Canceling Headphones,Audio,1,2023-07-01 00:00:00,149.99,CUST-1477,Australia,149.99
INV-100078,SKU-109,Laptop Stand Aluminum,Accessories,1,2023-11-12 00:00:00,39.99,CUST-1263,United States,39.99
INV-100079,SKU-103,Mechanical Gaming Keyboard,Peripherals,1,2023-01-30 00:00:00,89.5,CUST-1150,United States,89.5
INV-100080,SKU-106,USB-C Multiport Adapter,Accessories,1,2023-04-06 00:00:00,34.5,CUST-1256,Australia,34.5
INV-100081,SKU-110,LED Desk Lamp with Wireless Charging,Lighting,1,2024-01-16 00:00:00,49.99,CUST-1499,Australia,49.99
INV-100082,SKU-110,LED Desk Lamp with Wireless Charging,Lighting,1,2024-03-19 00:00:00,49.99,CUST-1264,United States,49.99
INV-100083,SKU-109,Laptop Stand Aluminum,Accessories,1,2023-10-25 00:00:00,39.99,CUST-1192,United States,39.99
INV-100084,SKU-103,Mechanical Gaming Keyboard,Peripherals,1,2023-12-27 00:00:00,89.5,,United States,89.5
INV-100085,SKU-105,Smart Fitness Tracker Band,Wearables,1,2024-01-09 00:00:00,59.99,CUST-1139,United States,59.99
INV-100086,SKU-105,Smart Fitness Tracker Band,Wearables,1,2023-10-30 00:00:00,59.99,,India,59.99
INV-100087,SKU-110,LED Desk Lamp with Wireless Charging,Lighting,1,2024-02-25 00:00:00,49.99,CUST-1069,United Kingdom,49.99
INV-100088,SKU-107,Organic Cotton Throw Blanket,Home,2,2023-09-03 00:00:00,45.0,CUST-1069,United States,90.0
INV-100089,SKU-104,Stainless Steel Water Bottle,Lifestyle,1,2023-08-25 00:00:00,24.99,CUST-1081,Australia,24.99
INV-100090,SKU-104,Stainless Steel Water Bottle,Lifestyle,2,2024-06-17 00:00:00,24.99,CUST-1070,United Kingdom,49.98
INV-100091,SKU-107,Organic Cotton Throw Blanket,Home,2,2023-07-04 00:00:00,45.0,CUST-1366,United States,90.0
INV-100092,SKU-109,Laptop Stand Aluminum,Accessories,2,2024-04-12 00:00:00,39.99,CUST-1112,France,79.98
INV-100093,SKU-104,Stainless Steel Water Bottle,Lifestyle,1,2023-12-29 00:00:00,24.99,CUST-1199,Canada,24.99
INV-100094,SKU-104,Stainless Steel Water Bottle,Lifestyle,1,2023-10-10 00:00:00,24.99,CUST-1475,Canada,24.99
INV-100095,SKU-106,USB-C Multiport Adapter,Accessories,1,2023-12-02 00:00:00,34.5,CUST-1261,United Kingdom,34.5
INV-100096,SKU-106,USB-C Multiport Adapter,Accessories,2,2023-06-11 00:00:00,34.5,CUST-1383,Canada,69.0
INV-100097,SKU-107,Organic Cotton Throw Blanket,Home,1,2023-06-09 00:00:00,45.0,CUST-1103,United States,45.0
INV-100098,SKU-101,Wireless Noise-Canceling Headphones,Audio,3,2024-04-18 00:00:00,149.99,CUST-1115,United Kingdom,449.97
INV-100099,SKU-103,Mechanical Gaming Keyboard,Peripherals,3,2023-11-18 00:00:00,89.5,CUST-1028,India,268.5
INV-100100,SKU-109,Laptop Stand Aluminum,Accessories,1,2023-01-12 00:00:00,39.99,,United States,39.99
INV-100101,SKU-106,USB-C Multiport Adapter,Accessories,1,2024-02-28 00:00:00,34.5,CUST-1154,Canada,34.5
INV-100102,SKU-106,USB-C Multiport Adapter,Accessories,2,2023-03-14 00:00:00,34.5,CUST-1104,United Kingdom,69.0
INV-100103,SKU-105,Smart Fitness Tracker Band,Wearables,1,2023-07-20 00:00:00,59.99,CUST-1051,United States,59.99
INV-100104,SKU-103,Mechanical Gaming Keyboard,Peripherals,1,2024-06-05 00:00:00,89.5,CUST-1069,Canada,89.5
INV-100105,SKU-105,Smart Fitness Tracker Band,Wearables,4,2024-05-19 00:00:00,59.99,CUST-1256,United States,239.96
INV-100106,SKU-101,Wireless Noise-Canceling Headphones,Audio,1,2023-02-08 00:00:00,149.99,CUST-1121,Germany,149.99
INV-100107,SKU-103,Mechanical Gaming Keyboard,Peripherals,4,2023-03-01 00:00:00,89.5,CUST-1218,United States,358.0
INV-100108,SKU-104,Stainless Steel Water Bottle,Lifestyle,2,2023-11-17 00:00:00,24.99,CUST-1270,France,49.98
INV-100109,SKU-105,Smart Fitness Tracker Band,Wearables,2,2024-03-10 00:00:00,59.99,CUST-1390,United States,119.98
INV-100110,SKU-110,LED Desk Lamp with Wireless Charging,Lighting,1,2024-02-12 00:00:00,49.99,CUST-1025,United States,49.99
INV-100111,SKU-109,Laptop Stand Aluminum,Accessories,1,2024-01-21 00:00:00,39.99,CUST-1441,United States,39.99
INV-100112,SKU-104,Stainless Steel Water Bottle,Lifestyle,1,2023-03-19 00:00:00,24.99,CUST-1360,France,24.99
INV-100113,SKU-103,Mechanical Gaming Keyboard,Peripherals,1,2023-07-13 00:00:00,89.5,CUST-1050,Germany,89.5
INV-100114,SKU-110,LED Desk Lamp with Wireless Charging,Lighting,1,2023-10-12 00:00:00,49.99,CUST-1469,Germany,49.99
INV-100115,SKU-101,Wireless Noise-Canceling Headphones,Audio,1,2024-06-10 00:00:00,149.99,CUST-1475,United Kingdom,149.99
INV-100116,SKU-110,LED Desk Lamp with Wireless Charging,Lighting,1,2024-06-07 00:00:00,49.99,CUST-1034,United Kingdom,49.99
INV-100117,SKU-106,USB-C Multiport Adapter,Accessories,1,2023-06-05 00:00:00,34.5,CUST-1154,United States,34.5
INV-100118,SKU-107,Organic Cotton Throw Blanket,Home,2,2023-12-06 00:00:00,45.0,CUST-1444,United Kingdom,90.0
INV-100119,SKU-110,LED Desk Lamp with Wireless Charging,Lighting,1,2023-05-05 00:00:00,49.99,CUST-1412,United States,49.99
INV-100120,SKU-108,Portable Espresso Maker,Kitchen,1,2023-10-07 00:00:00,79.99,CUST-1112,India,79.99
INV-100121,SKU-101,Wireless Noise-Canceling Headphones,Audio,2,2023-05-08 00:00:00,149.99,CUST-1121,Canada,299.98
INV-100122,SKU-104,Stainless Steel Water Bottle,Lifestyle,8,2023-11-10 00:00:00,24.99,CUST-1222,United States,199.92
INV-100123,SKU-105,Smart Fitness Tracker Band,Wearables,1,2023-11-28 00:00:00,59.99,CUST-1261,United States,59.99
INV-100124,SKU-102,Ergonomic Office Chair,Furniture,1,2023-05-30 00:00:00,229.0,CUST-1355,Canada,229.0
INV-100125,SKU-101,Wireless Noise-Canceling Headphones,Audio,1,2024-03-29 00:00:00,149.99,CUST-1220,United States,149.99
INV-100126,SKU-108,Portable Espresso Maker,Kitchen,4,2023-02-05 00:00:00,79.99,CUST-1257,United States,319.96
INV-100127,SKU-106,USB-C Multiport Adapter,Accessories,2,2024-02-24 00:00:00,34.5,CUST-1412,United States,69.0
INV-100128,SKU-105,Smart Fitness Tracker Band,Wearables,2,2023-01-22 00:00:00,59.99,CUST-1023,United Kingdom,119.98
INV-100129,SKU-109,Laptop Stand Aluminum,Accessories,1,2023-07-25 00:00:00,39.99,CUST-1143,Canada,39.99
INV-100130,SKU-102,Ergonomic Office Chair,Furniture,1,2023-12-22 00:00:00,229.0,CUST-1396,United States,229.0
INV-100131,SKU-110,LED Desk Lamp with Wireless Charging,Lighting,1,2024-03-15 00:00:00,49.99,CUST-1475,United States,49.99
INV-100132,SKU-108,Portable Espresso Maker,Kitchen,2,2023-04-06 00:00:00,79.99,CUST-1273,United Kingdom,159.98
INV-100133,SKU-110,LED Desk Lamp with Wireless Charging,Lighting,2,2023-06-13 00:00:00,49.99,CUST-1287,Germany,99.98
INV-100134,SKU-109,Laptop Stand Aluminum,Accessories,8,2023-05-28 00:00:00,39.99,CUST-1055,United States,319.92
INV-100135,SKU-101,Wireless Noise-Canceling Headphones,Audio,1,2024-06-13 00:00:00,149.99,CUST-1249,United States,149.99
INV-100136,SKU-107,Organic Cotton Throw Blanket,Home,1,2023-10-21 00:00:00,45.0,CUST-1288,France,45.0
INV-100137,SKU-108,Portable Espresso Maker,Kitchen,1,2023-07-14 00:00:00,79.99,CUST-1140,France,79.99
INV-100138,SKU-103,Mechanical Gaming Keyboard,Peripherals,2,2024-04-24 00:00:00,89.5,CUST-1154,India,179.0
INV-100139,SKU-104,Stainless Steel Water Bottle,Lifestyle,2,2023-05-03 00:00:00,24.99,CUST-1226,Canada,49.98
INV-100140,SKU-103,Mechanical Gaming Keyboard,Peripherals,1,2024-02-04 00:00:00,89.5,CUST-1011,United States,89.5
INV-100141,SKU-107,Organic Cotton Throw Blanket,Home,1,2024-03-27 00:00:00,45.0,CUST-1187,United States,45.0
INV-100142,SKU-109,Laptop Stand Aluminum,Accessories,1,2023-04-14 00:00:00,39.99,CUST-1126,United States,39.99
INV-100143,SKU-103,Mechanical Gaming Keyboard,Peripherals,1,2024-04-06 00:00:00,89.5,CUST-1191,United States,89.5
INV-100144,SKU-106,USB-C Multiport Adapter,Accessories,3,2024-01-31 00:00:00,34.5,CUST-1069,France,103.5
INV-100145,SKU-108,Portable Espresso Maker,Kitchen,1,2023-12-03 00:00:00,79.99,CUST-1473,Canada,79.99
INV-100146,SKU-106,USB-C Multiport Adapter,Accessories,2,2023-05-22 00:00:00,34.5,CUST-1325,Germany,69.0
INV-100147,SKU-102,Ergonomic Office Chair,Furniture,1,2023-11-13 00:00:00,229.0,CUST-1390,United States,229.0
INV-100148,SKU-107,Organic Cotton Throw Blanket,Home,2,2024-06-10 00:00:00,45.0,CUST-1441,Australia,90.0
INV-100149,SKU-102,Ergonomic Office Chair,Furniture,1,2024-02-05 00:00:00,229.0,CUST-1266,Canada,229.0
INV-100150,SKU-102,Ergonomic Office Chair,Furniture,3,2023-11-06 00:00:00,229.0,CUST-1050,United States,687.0
INV-100151,SKU-102,Ergonomic Office Chair,Furniture,1,2024-05-09 00:00:00,229.0,CUST-1294,Australia,229.0
INV-100152,SKU-101,Wireless Noise-Canceling Headphones,Audio,1,2023-04-19 00:00:00,149.99,CUST-1324,United States,149.99
INV-100153,SKU-101,Wireless Noise-Canceling Headphones,Audio,1,2024-01-07 00:00:00,149.99,CUST-1411,United States,149.99
INV-100154,SKU-107,Organic Cotton Throw Blanket,Home,1,2023-07-25 00:00:00,45.0,CUST-1247,Germany,45.0
INV-100155,SKU-105,Smart Fitness Tracker Band,Wearables,1,2023-02-12 00:00:00,59.99,CUST-1069,Germany,59.99
INV-100156,SKU-103,Mechanical Gaming Keyboard,Peripherals,1,2023-09-02 00:00:00,89.5,CUST-1157,United States,89.5
INV-100157,SKU-101,Wireless Noise-Canceling Headphones,Audio,8,2023-10-14 00:00:00,149.99,CUST-1217,United States,1199.92
INV-100158,SKU-110,LED Desk Lamp with Wireless Charging,Lighting,1,2023-12-21 00:00:00,49.99,,India,49.99
INV-100159,SKU-106,USB-C Multiport Adapter,Accessories,2,2024-04-20 00:00:00,34.5,CUST-1313,Germany,69.0
INV-100160,SKU-101,Wireless Noise-Canceling Headphones,Audio,10,2023-03-24 00:00:00,149.99,CUST-1210,Germany,1499.9
INV-100161,SKU-109,Laptop Stand Aluminum,Accessories,1,2023-04-20 00:00:00,39.99,CUST-1499,United States,39.99
INV-100162,SKU-102,Ergonomic Office Chair,Furniture,2,2023-07-09 00:00:00,229.0,CUST-1340,United States,458.0
INV-100163,SKU-101,Wireless Noise-Canceling Headphones,Audio,1,2023-09-08 00:00:00,149.99,CUST-1139,United States,149.99
INV-100164,SKU-107,Organic Cotton Throw Blanket,Home,1,2023-10-18 00:00:00,45.0,CUST-1054,United States,45.0
INV-100165,SKU-106,USB-C Multiport Adapter,Accessories,1,2023-07-20 00:00:00,34.5,CUST-1081,United States,34.5
INV-100166,SKU-106,USB-C Multiport Adapter,Accessories,5,2023-11-22 00:00:00,34.5,CUST-1140,United States,172.5
INV-100167,SKU-105,Smart Fitness Tracker Band,Wearables,1,2024-05-25 00:00:00,59.99,CUST-1088,United Kingdom,59.99
INV-100168,SKU-104,Stainless Steel Water Bottle,Lifestyle,1,2024-02-13 00:00:00,24.99,CUST-1112,United States,24.99
INV-100169,SKU-104,Stainless Steel Water Bottle,Lifestyle,1,2024-05-22 00:00:00,24.99,CUST-1159,Canada,24.99
INV-100170,SKU-103,Mechanical Gaming Keyboard,Peripherals,3,2023-03-13 00:00:00,89.5,CUST-1104,United States,268.5
INV-100171,SKU-110,LED Desk Lamp with Wireless Charging,Lighting,1,2023-09-04 00:00:00,49.99,CUST-1475,United Kingdom,49.99
INV-100172,SKU-108,Portable Espresso Maker,Kitchen,2,2023-12-10 00:00:00,79.99,CUST-1050,United States,159.98
INV-100173,SKU-107,Organic Cotton Throw Blanket,Home,2,2023-02-23 00:00:00,45.0,CUST-1279,United Kingdom,90.0
INV-100174,SKU-109,Laptop Stand Aluminum,Accessories,2,2024-06-11 00:00:00,39.99,CUST-1241,United States,79.98
INV-100175,SKU-101,Wireless Noise-Canceling Headphones,Audio,5,2024-06-15 00:00:00,149.99,CUST-1499,India,749.95
INV-100176,SKU-107,Organic Cotton Throw Blanket,Home,3,2023-07-12 00:00:00,45.0,CUST-1063,Canada,135.0
INV-100177,SKU-110,LED Desk Lamp with Wireless Charging,Lighting,1,2023-02-27 00:00:00,49.99,CUST-1238,United Kingdom,49.99
INV-100178,SKU-104,Stainless Steel Water Bottle,Lifestyle,1,2024-03-12 00:00:00,24.99,CUST-1498,United States,24.99
INV-100179,SKU-107,Organic Cotton Throw Blanket,Home,1,2023-04-21 00:00:00,45.0,CUST-1467,United Kingdom,45.0
INV-100180,SKU-101,Wireless Noise-Canceling Headphones,Audio,1,2023-05-09 00:00:00,149.99,CUST-1446,Canada,149.99
INV-100181,SKU-105,Smart Fitness Tracker Band,Wearables,1,2023-11-22 00:00:00,59.99,CUST-1150,United States,59.99
INV-100182,SKU-103,Mechanical Gaming Keyboard,Peripherals,1,2023-01-08 00:00:00,89.5,CUST-1101,United Kingdom,89.5
INV-100183,SKU-105,Smart Fitness Tracker Band,Wearables,1,2023-01-29 00:00:00,59.99,CUST-1384,Canada,59.99
INV-100184,SKU-104,Stainless Steel Water Bottle,Lifestyle,8,2023-04-22 00:00:00,24.99,CUST-1478,Canada,199.92
INV-100185,SKU-102,Ergonomic Office Chair,Furniture,1,2023-05-11 00:00:00,229.0,CUST-1305,Canada,229.0
INV-100186,SKU-104,Stainless Steel Water Bottle,Lifestyle,4,2023-07-07 00:00:00,24.99,CUST-1313,Australia,99.96
INV-100187,SKU-103,Mechanical Gaming Keyboard,Peripherals,1,2024-04-19 00:00:00,89.5,CUST-1154,France,89.5
INV-100188,SKU-101,Wireless Noise-Canceling Headphones,Audio,2,2023-12-30 00:00:00,149.99,CUST-1427,United States,299.98
INV-100189,SKU-110,LED Desk Lamp with Wireless Charging,Lighting,3,2023-07-23 00:00:00,49.99,CUST-1112,United Kingdom,149.97
INV-100190,SKU-108,Portable Espresso Maker,Kitchen,1,2023-07-31 00:00:00,79.99,CUST-1190,Canada,79.99
INV-100191,SKU-105,Smart Fitness Tracker Band,Wearables,1,2023-10-03 00:00:00,59.99,CUST-1245,Germany,59.99
INV-100192,SKU-104,Stainless Steel Water Bottle,Lifestyle,1,2023-03-14 00:00:00,24.99,CUST-1272,India,24.99
INV-100193,SKU-110,LED Desk Lamp with Wireless Charging,Lighting,1,2023-08-31 00:00:00,49.99,CUST-1140,United States,49.99
INV-100194,SKU-105,Smart Fitness Tracker Band,Wearables,4,2023-04-12 00:00:00,59.99,CUST-1067,United States,239.96
INV-100195,SKU-104,Stainless Steel Water Bottle,Lifestyle,3,2023-06-20 00:00:00,24.99,CUST-1348,United States,74.97
INV-100196,SKU-103,Mechanical Gaming Keyboard,Peripherals,1,2023-07-07 00:00:00,89.5,CUST-1162,United States,89.5
INV-100197,SKU-105,Smart Fitness Tracker Band,Wearables,1,2024-03-16 00:00:00,59.99,CUST-1321,United States,59.99
INV-100198,SKU-104,Stainless Steel Water Bottle,Lifestyle,1,2023-03-27 00:00:00,24.99,CUST-1086,Germany,24.99
INV-100199,SKU-101,Wireless Noise-Canceling Headphones,Audio,1,2024-04-20 00:00:00,149.99,CUST-1261,United States,149.99
INV-100200,SKU-103,Mechanical Gaming Keyboard,Peripherals,2,2023-02-21 00:00:00,89.5,CUST-1288,Germany,179.0
INV-100201,SKU-110,LED Desk Lamp with Wireless Charging,Lighting,1,2023-04-21 00:00:00,49.99,CUST-1034,Germany,49.99
INV-100202,SKU-110,LED Desk Lamp with Wireless Charging,Lighting,1,2023-02-12 00:00:00,49.99,CUST-1197,United States,49.99
INV-100203,SKU-108,Portable Espresso Maker,Kitchen,1,2023-07-30 00:00:00,79.99,CUST-1069,United States,79.99
INV-100204,SKU-107,Organic Cotton Throw Blanket,Home,1,2023-07-19 00:00:00,45.0,CUST-1035,United Kingdom,45.0
INV-100205,SKU-102,Ergonomic Office Chair,Furniture,2,2023-01-26 00:00:00,229.0,CUST-1499,Canada,458.0
INV-100206,SKU-101,Wireless Noise-Canceling Headphones,Audio,1,2023-10-26 00:00:00,149.99,CUST-1187,Australia,149.99
INV-100207,SKU-103,Mechanical Gaming Keyboard,Peripherals,8,2023-03-18 00:00:00,89.5,CUST-1445,Australia,716.0
INV-100208,SKU-105,Smart Fitness Tracker Band,Wearables,3,2023-05-17 00:00:00,59.99,CUST-1147,France,179.97
INV-100209,SKU-110,LED Desk Lamp with Wireless Charging,Lighting,1,2023-01-20 00:00:00,49.99,CUST-1390,United Kingdom,49.99
INV-100210,SKU-101,Wireless Noise-Canceling Headphones,Audio,1,2024-03-15 00:00:00,149.99,CUST-1418,Australia,149.99
INV-100211,SKU-103,Mechanical Gaming Keyboard,Peripherals,3,2023-07-30 00:00:00,89.5,CUST-1327,Canada,268.5
INV-100212,SKU-103,Mechanical Gaming Keyboard,Peripherals,4,2024-03-10 00:00:00,89.5,CUST-1261,Australia,358.0
INV-100213,SKU-105,Smart Fitness Tracker Band,Wearables,3,2023-07-26 00:00:00,59.99,CUST-1241,United States,179.97
INV-100214,SKU-103,Mechanical Gaming Keyboard,Peripherals,1,2024-03-14 00:00:00,89.5,CUST-1203,France,89.5
INV-100215,SKU-109,Laptop Stand Aluminum,Accessories,10,2023-02-11 00:00:00,39.99,CUST-1478,United Kingdom,399.9
INV-100216,SKU-101,Wireless Noise-Canceling Headphones,Audio,1,2024-02-15 00:00:00,149.99,CUST-1446,Canada,149.99
INV-100217,SKU-104,Stainless Steel Water Bottle,Lifestyle,2,2024-06-06 00:00:00,24.99,CUST-1495,United States,49.98
INV-100218,SKU-110,LED Desk Lamp with Wireless Charging,Lighting,4,2024-03-02 00:00:00,49.99,CUST-1069,United States,199.96
INV-100219,SKU-110,LED Desk Lamp with Wireless Charging,Lighting,1,2023-10-02 00:00:00,49.99,CUST-1405,United States,49.99
INV-100220,SKU-104,Stainless Steel Water Bottle,Lifestyle,4,2024-03-23 00:00:00,24.99,,United States,99.96
INV-100221,SKU-101,Wireless Noise-Canceling Headphones,Audio,1,2024-01-04 00:00:00,149.99,CUST-1110,United States,149.99
INV-100222,SKU-102,Ergonomic Office Chair,Furniture,8,2023-08-08 00:00:00,229.0,CUST-1039,Canada,1832.0
INV-100223,SKU-101,Wireless Noise-Canceling Headphones,Audio,1,2023-08-20 00:00:00,149.99,CUST-1411,United States,149.99
INV-100224,SKU-106,USB-C Multiport Adapter,Accessories,5,2023-11-24 00:00:00,34.5,CUST-1314,United States,172.5
INV-100225,SKU-103,Mechanical Gaming Keyboard,Peripherals,1,2024-03-18 00:00:00,89.5,CUST-1453,United States,89.5
INV-100226,SKU-107,Organic Cotton Throw Blanket,Home,2,2023-02-21 00:00:00,45.0,CUST-1073,United Kingdom,90.0
INV-100227,SKU-105,Smart Fitness Tracker Band,Wearables,1,2024-01-11 00:00:00,59.99,CUST-1441,United States,59.99
INV-100228,SKU-109,Laptop Stand Aluminum,Accessories,1,2023-09-20 00:00:00,39.99,CUST-1118,United States,39.99
INV-100229,SKU-107,Organic Cotton Throw Blanket,Home,1,2023-09-24 00:00:00,45.0,CUST-1092,United Kingdom,45.0
INV-100230,SKU-104,Stainless Steel Water Bottle,Lifestyle,2,2023-12-25 00:00:00,24.99,CUST-1092,Germany,49.98
INV-100231,SKU-105,Smart Fitness Tracker Band,Wearables,1,2023-11-13 00:00:00,59.99,CUST-1445,United States,59.99
INV-100232,SKU-105,Smart Fitness Tracker Band,Wearables,1,2023-11-20 00:00:00,59.99,CUST-1383,United States,59.99
INV-100233,SKU-105,Smart Fitness Tracker Band,Wearables,1,2024-02-25 00:00:00,59.99,,United States,59.99
INV-100234,SKU-110,LED Desk Lamp with Wireless Charging,Lighting,5,2023-02-15 00:00:00,49.99,CUST-1212,India,249.95
INV-100235,SKU-109,Laptop Stand Aluminum,Accessories,1,2023-09-26 00:00:00,39.99,CUST-1471,United States,39.99
INV-100236,SKU-110,LED Desk Lamp with Wireless Charging,Lighting,1,2024-01-16 00:00:00,49.99,CUST-1231,United Kingdom,49.99
INV-100237,SKU-103,Mechanical Gaming Keyboard,Peripherals,1,2023-04-28 00:00:00,89.5,CUST-1446,United States,89.5
INV-100238,SKU-106,USB-C Multiport Adapter,Accessories,1,2023-04-26 00:00:00,34.5,CUST-1248,United Kingdom,34.5
INV-100239,SKU-108,Portable Espresso Maker,Kitchen,1,2023-09-17 00:00:00,79.99,CUST-1226,United States,79.99
INV-100240,SKU-109,Laptop Stand Aluminum,Accessories,1,2023-03-16 00:00:00,39.99,CUST-1257,United States,39.99
INV-100241,SKU-107,Organic Cotton Throw Blanket,Home,3,2024-04-24 00:00:00,45.0,CUST-1178,United Kingdom,135.0
INV-100242,SKU-103,Mechanical Gaming Keyboard,Peripherals,2,2023-11-01 00:00:00,89.5,CUST-1412,United States,179.0
INV-100243,SKU-101,Wireless Noise-Canceling Headphones,Audio,1,2023-01-07 00:00:00,149.99,CUST-1270,United States,149.99
INV-100244,SKU-104,Stainless Steel Water Bottle,Lifestyle,1,2024-01-01 00:00:00,24.99,CUST-1139,Germany,24.99
INV-100245,SKU-106,USB-C Multiport Adapter,Accessories,2,2024-06-06 00:00:00,34.5,CUST-1475,India,69.0
INV-100246,SKU-103,Mechanical Gaming Keyboard,Peripherals,1,2023-12-14 00:00:00,89.5,CUST-1226,United States,89.5
INV-100247,SKU-101,Wireless Noise-Canceling Headphones,Audio,2,2024-03-13 00:00:00,149.99,CUST-1303,United Kingdom,299.98
INV-100248,SKU-106,USB-C Multiport Adapter,Accessories,1,2023-08-03 00:00:00,34.5,,France,34.5
INV-100249,SKU-101,Wireless Noise-Canceling Headphones,Audio,1,2024-03-04 00:00:00,149.99,CUST-1358,Canada,149.99
INV-100250,SKU-109,Laptop Stand Aluminum,Accessories,1,2024-05-12 00:00:00,39.99,CUST-1069,United Kingdom,39.99
INV-100251,SKU-101,Wireless Noise-Canceling Headphones,Audio,3,2024-06-23 00:00:00,149.99,,Germany,449.97
INV-100252,SKU-106,USB-C Multiport Adapter,Accessories,1,2024-01-02 00:00:00,34.5,CUST-1360,United States,34.5
INV-100253,SKU-101,Wireless Noise-Canceling Headphones,Audio,1,2023-11-09 00:00:00,149.99,CUST-1196,United Kingdom,149.99
INV-100254,SKU-107,Organic Cotton Throw Blanket,Home,1,2024-06-21 00:00:00,45.0,CUST-1070,United States,45.0
INV-100255,SKU-103,Mechanical Gaming Keyboard,Peripherals,2,2023-02-23 00:00:00,89.5,CUST-1441,United States,179.0
INV-100256,SKU-106,USB-C Multiport Adapter,Accessories,4,2024-06-24 00:00:00,34.5,CUST-1358,United States,138.0
INV-100257,SKU-107,Organic Cotton Throw Blanket,Home,1,2024-04-11 00:00:00,45.0,CUST-1289,United States,45.0
INV-100258,SKU-101,Wireless Noise-Canceling Headphones,Audio,1,2023-06-13 00:00:00,149.99,CUST-1475,Germany,149.99
INV-100259,SKU-101,Wireless Noise-Canceling Headphones,Audio,4,2023-11-30 00:00:00,149.99,CUST-1441,United Kingdom,599.96
INV-100260,SKU-105,Smart Fitness Tracker Band,Wearables,1,2023-12-14 00:00:00,59.99,CUST-1080,United Kingdom,59.99
INV-100261,SKU-106,USB-C Multiport Adapter,Accessories,1,2023-09-30 00:00:00,34.5,CUST-1182,United States,34.5
INV-100262,SKU-109,Laptop Stand Aluminum,Accessories,1,2024-02-18 00:00:00,39.99,CUST-1140,United States,39.99
INV-100263,SKU-101,Wireless Noise-Canceling Headphones,Audio,2,2024-05-14 00:00:00,149.99,CUST-1411,United Kingdom,299.98
INV-100264,SKU-104,Stainless Steel Water Bottle,Lifestyle,1,2023-04-03 00:00:00,24.99,CUST-1017,India,24.99
INV-100265,SKU-110,LED Desk Lamp with Wireless Charging,Lighting,3,2023-03-20 00:00:00,49.99,CUST-1313,United States,149.97
INV-100266,SKU-108,Portable Espresso Maker,Kitchen,1,2023-08-05 00:00:00,79.99,CUST-1420,United States,79.99
INV-100267,SKU-110,LED Desk Lamp with Wireless Charging,Lighting,1,2023-12-24 00:00:00,49.99,CUST-1471,Australia,49.99
INV-100268,SKU-109,Laptop Stand Aluminum,Accessories,2,2024-05-21 00:00:00,39.99,CUST-1198,United States,79.98
INV-100269,SKU-103,Mechanical Gaming Keyboard,Peripherals,1,2023-06-30 00:00:00,89.5,CUST-1446,Australia,89.5
INV-100270,SKU-102,Ergonomic Office Chair,Furniture,1,2023-09-03 00:00:00,229.0,CUST-1062,United Kingdom,229.0
INV-100271,SKU-104,Stainless Steel Water Bottle,Lifestyle,2,2023-09-01 00:00:00,24.99,CUST-1455,United States,49.98
INV-100272,SKU-102,Ergonomic Office Chair,Furniture,4,2024-05-20 00:00:00,229.0,CUST-1069,United States,916.0
INV-100273,SKU-101,Wireless Noise-Canceling Headphones,Audio,4,2024-02-26 00:00:00,149.99,CUST-1238,United States,599.96
INV-100274,SKU-103,Mechanical Gaming Keyboard,Peripherals,5,2023-11-16 00:00:00,89.5,CUST-1441,United States,447.5
INV-100275,SKU-107,Organic Cotton Throw Blanket,Home,3,2023-03-28 00:00:00,45.0,CUST-1080,Australia,135.0
INV-100276,SKU-101,Wireless Noise-Canceling Headphones,Audio,1,2023-08-05 00:00:00,149.99,CUST-1139,Germany,149.99
INV-100277,SKU-102,Ergonomic Office Chair,Furniture,1,2024-05-04 00:00:00,229.0,CUST-1401,Germany,229.0
INV-100278,SKU-101,Wireless Noise-Canceling Headphones,Audio,3,2024-06-02 00:00:00,149.99,CUST-1399,Canada,449.97
INV-100279,SKU-108,Portable Espresso Maker,Kitchen,1,2023-10-05 00:00:00,79.99,CUST-1366,United States,79.99
INV-100280,SKU-105,Smart Fitness Tracker Band,Wearables,2,2023-06-18 00:00:00,59.99,CUST-1390,United Kingdom,119.98
INV-100281,SKU-108,Portable Espresso Maker,Kitchen,2,2023-11-26 00:00:00,79.99,CUST-1302,United Kingdom,159.98
INV-100282,SKU-103,Mechanical Gaming Keyboard,Peripherals,1,2024-03-16 00:00:00,89.5,CUST-1142,Canada,89.5
INV-100283,SKU-107,Organic Cotton Throw Blanket,Home,4,2024-01-26 00:00:00,45.0,CUST-1199,United States,180.0
INV-100284,SKU-108,Portable Espresso Maker,Kitchen,1,2024-05-10 00:00:00,79.99,,Germany,79.99
INV-100285,SKU-106,USB-C Multiport Adapter,Accessories,1,2024-01-16 00:00:00,34.5,CUST-1475,Australia,34.5
INV-100286,SKU-107,Organic Cotton Throw Blanket,Home,10,2023-11-02 00:00:00,45.0,CUST-1322,United States,450.0
INV-100287,SKU-102,Ergonomic Office Chair,Furniture,1,2024-05-27 00:00:00,229.0,CUST-1240,United States,229.0
INV-100288,SKU-108,Portable Espresso Maker,Kitchen,1,2023-07-07 00:00:00,79.99,CUST-1256,United Kingdom,79.99
INV-100289,SKU-105,Smart Fitness Tracker Band,Wearables,1,2024-05-30 00:00:00,59.99,CUST-1485,United States,59.99
INV-100290,SKU-107,Organic Cotton Throw Blanket,Home,3,2024-03-02 00:00:00,45.0,CUST-1084,Germany,135.0
INV-100291,SKU-101,Wireless Noise-Canceling Headphones,Audio,2,2024-05-16 00:00:00,149.99,CUST-1324,France,299.98
INV-100292,SKU-105,Smart Fitness Tracker Band,Wearables,2,2023-09-17 00:00:00,59.99,CUST-1271,United Kingdom,119.98
INV-100293,SKU-101,Wireless Noise-Canceling Headphones,Audio,2,2024-05-27 00:00:00,149.99,CUST-1349,United Kingdom,299.98
INV-100294,SKU-108,Portable Espresso Maker,Kitchen,1,2023-03-12 00:00:00,79.99,CUST-1011,Germany,79.99
INV-100295,SKU-104,Stainless Steel Water Bottle,Lifestyle,3,2024-04-22 00:00:00,24.99,CUST-1469,United States,74.97
INV-100296,SKU-104,Stainless Steel Water Bottle,Lifestyle,4,2023-06-27 00:00:00,24.99,CUST-1478,United States,99.96
INV-100297,SKU-102,Ergonomic Office Chair,Furniture,1,2024-04-01 00:00:00,229.0,CUST-1313,Australia,229.0
INV-100298,SKU-105,Smart Fitness Tracker Band,Wearables,1,2023-07-08 00:00:00,59.99,CUST-1390,Germany,59.99
INV-100299,SKU-101,Wireless Noise-Canceling Headphones,Audio,8,2023-10-18 00:00:00,149.99,CUST-1475,United States,1199.92
INV-100300,SKU-109,Laptop Stand Aluminum,Accessories,3,2024-06-03 00:00:00,39.99,CUST-1395,United States,119.97
INV-100301,SKU-105,Smart Fitness Tracker Band,Wearables,4,2023-10-19 00:00:00,59.99,CUST-1081,Germany,239.96
INV-100302,SKU-106,USB-C Multiport Adapter,Accessories,4,2023-10-10 00:00:00,34.5,CUST-1314,Canada,138.0
INV-100303,SKU-102,Ergonomic Office Chair,Furniture,1,2024-06-27 00:00:00,229.0,CUST-1342,Canada,229.0
INV-100304,SKU-110,LED Desk Lamp with Wireless Charging,Lighting,2,2024-01-12 00:00:00,49.99,CUST-1245,United States,99.98
INV-100305,SKU-110,LED Desk Lamp with Wireless Charging,Lighting,1,2023-06-05 00:00:00,49.99,CUST-1408,France,49.99
INV-100306,SKU-101,Wireless Noise-Canceling Headphones,Audio,1,2024-05-22 00:00:00,149.99,CUST-1478,United Kingdom,149.99
INV-100307,SKU-104,Stainless Steel Water Bottle,Lifestyle,2,2024-02-17 00:00:00,24.99,CUST-1475,Germany,49.98
INV-100308,SKU-107,Organic Cotton Throw Blanket,Home,1,2024-06-11 00:00:00,45.0,CUST-1251,United Kingdom,45.0
INV-100309,SKU-106,USB-C Multiport Adapter,Accessories,2,2023-12-21 00:00:00,34.5,CUST-1065,United States,69.0
INV-100310,SKU-110,LED Desk Lamp with Wireless Charging,Lighting,1,2023-07-06 00:00:00,49.99,CUST-1499,France,49.99
INV-100311,SKU-101,Wireless Noise-Canceling Headphones,Audio,1,2023-01-31 00:00:00,149.99,CUST-1450,United States,149.99
INV-100312,SKU-101,Wireless Noise-Canceling Headphones,Audio,1,2023-09-17 00:00:00,149.99,CUST-1069,United States,149.99
INV-100313,SKU-108,Portable Espresso Maker,Kitchen,1,2024-02-25 00:00:00,79.99,CUST-1475,Canada,79.99
INV-100314,SKU-104,Stainless Steel Water Bottle,Lifestyle,1,2024-06-12 00:00:00,24.99,CUST-1469,United Kingdom,24.99
INV-100315,SKU-105,Smart Fitness Tracker Band,Wearables,1,2023-10-31 00:00:00,59.99,CUST-1276,Canada,59.99
INV-100316,SKU-107,Organic Cotton Throw Blanket,Home,8,2023-02-08 00:00:00,45.0,CUST-1324,United Kingdom,360.0
INV-100317,SKU-108,Portable Espresso Maker,Kitchen,1,2024-05-03 00:00:00,79.99,CUST-1240,United States,79.99
INV-100318,SKU-110,LED Desk Lamp with Wireless Charging,Lighting,1,2024-06-25 00:00:00,49.99,CUST-1034,France,49.99
INV-100319,SKU-107,Organic Cotton Throw Blanket,Home,1,2023-10-05 00:00:00,45.0,CUST-1196,United States,45.0
INV-100320,SKU-102,Ergonomic Office Chair,Furniture,2,2023-07-22 00:00:00,229.0,CUST-1441,Australia,458.0
INV-100321,SKU-104,Stainless Steel Water Bottle,Lifestyle,1,2023-03-07 00:00:00,24.99,CUST-1001,United States,24.99
INV-100322,SKU-110,LED Desk Lamp with Wireless Charging,Lighting,2,2023-04-18 00:00:00,49.99,CUST-1193,Canada,99.98
INV-100323,SKU-101,Wireless Noise-Canceling Headphones,Audio,2,2023-09-25 00:00:00,149.99,CUST-1238,United States,299.98
INV-100324,SKU-110,LED Desk Lamp with Wireless Charging,Lighting,1,2023-08-10 00:00:00,49.99,CUST-1295,United Kingdom,49.99
INV-100325,SKU-109,Laptop Stand Aluminum,Accessories,1,2024-06-13 00:00:00,39.99,CUST-1475,Australia,39.99
INV-100326,SKU-103,Mechanical Gaming Keyboard,Peripherals,5,2023-03-31 00:00:00,89.5,CUST-1199,United Kingdom,447.5
INV-100327,SKU-103,Mechanical Gaming Keyboard,Peripherals,3,2023-09-12 00:00:00,89.5,CUST-1199,Germany,268.5
INV-100328,SKU-110,LED Desk Lamp with Wireless Charging,Lighting,2,2024-03-30 00:00:00,49.99,CUST-1408,Canada,99.98
INV-100329,SKU-109,Laptop Stand Aluminum,Accessories,1,2023-09-10 00:00:00,39.99,CUST-1252,Germany,39.99
INV-100330,SKU-110,LED Desk Lamp with Wireless Charging,Lighting,1,2023-09-14 00:00:00,49.99,CUST-1134,France,49.99
INV-100331,SKU-103,Mechanical Gaming Keyboard,Peripherals,1,2024-01-18 00:00:00,89.5,CUST-1252,United States,89.5
INV-100332,SKU-108,Portable Espresso Maker,Kitchen,1,2024-03-17 00:00:00,79.99,CUST-1073,United States,79.99
INV-100333,SKU-102,Ergonomic Office Chair,Furniture,1,2023-03-31 00:00:00,229.0,CUST-1104,United States,229.0
INV-100334,SKU-103,Mechanical Gaming Keyboard,Peripherals,2,2024-01-25 00:00:00,89.5,CUST-1266,United States,179.0
INV-100335,SKU-102,Ergonomic Office Chair,Furniture,1,2023-02-13 00:00:00,229.0,CUST-1242,United States,229.0
INV-100336,SKU-101,Wireless Noise-Canceling Headphones,Audio,2,2023-01-19 00:00:00,149.99,CUST-1475,United Kingdom,299.98
INV-100337,SKU-102,Ergonomic Office Chair,Furniture,3,2023-04-11 00:00:00,229.0,CUST-1217,United States,687.0
INV-100338,SKU-108,Portable Espresso Maker,Kitchen,1,2023-12-23 00:00:00,79.99,CUST-1321,United States,79.99
INV-100339,SKU-109,Laptop Stand Aluminum,Accessories,3,2024-06-25 00:00:00,39.99,CUST-1364,United States,119.97
INV-100340,SKU-102,Ergonomic Office Chair,Furniture,1,2023-02-02 00:00:00,229.0,CUST-1007,Canada,229.0
INV-100341,SKU-107,Organic Cotton Throw Blanket,Home,3,2023-08-17 00:00:00,45.0,CUST-1382,United Kingdom,135.0
INV-100342,SKU-105,Smart Fitness Tracker Band,Wearables,1,2024-06-07 00:00:00,59.99,CUST-1105,United States,59.99
INV-100343,SKU-103,Mechanical Gaming Keyboard,Peripherals,1,2023-06-04 00:00:00,89.5,CUST-1489,Australia,89.5
INV-100344,SKU-109,Laptop Stand Aluminum,Accessories,2,2024-02-27 00:00:00,39.99,CUST-1080,United States,79.98
INV-100345,SKU-106,USB-C Multiport Adapter,Accessories,1,2023-09-03 00:00:00,34.5,CUST-1242,India,34.5
INV-100346,SKU-101,Wireless Noise-Canceling Headphones,Audio,4,2024-02-09 00:00:00,149.99,CUST-1050,United Kingdom,599.96
INV-100347,SKU-105,Smart Fitness Tracker Band,Wearables,1,2024-06-24 00:00:00,59.99,CUST-1499,United States,59.99
INV-100348,SKU-107,Organic Cotton Throw Blanket,Home,1,2023-06-10 00:00:00,45.0,CUST-1270,Germany,45.0
INV-100349,SKU-104,Stainless Steel Water Bottle,Lifestyle,1,2023-04-27 00:00:00,24.99,CUST-1327,Canada,24.99
INV-100350,SKU-108,Portable Espresso Maker,Kitchen,1,2023-09-28 00:00:00,79.99,CUST-1041,United States,79.99
INV-100351,SKU-110,LED Desk Lamp with Wireless Charging,Lighting,1,2024-05-01 00:00:00,49.99,CUST-1412,Australia,49.99
INV-100352,SKU-105,Smart Fitness Tracker Band,Wearables,2,2023-06-21 00:00:00,59.99,CUST-1123,United States,119.98
INV-100353,SKU-109,Laptop Stand Aluminum,Accessories,2,2023-10-01 00:00:00,39.99,CUST-1475,United States,79.98
INV-100354,SKU-109,Laptop Stand Aluminum,Accessories,3,2023-09-16 00:00:00,39.99,CUST-1121,United States,119.97
INV-100355,SKU-109,Laptop Stand Aluminum,Accessories,8,2023-05-15 00:00:00,39.99,CUST-1114,United States,319.92
INV-100356,SKU-101,Wireless Noise-Canceling Headphones,Audio,1,2024-02-26 00:00:00,149.99,CUST-1023,United States,149.99
INV-100357,SKU-102,Ergonomic Office Chair,Furniture,2,2024-02-25 00:00:00,229.0,CUST-1261,Australia,458.0
INV-100358,SKU-103,Mechanical Gaming Keyboard,Peripherals,1,2023-07-05 00:00:00,89.5,CUST-1313,United States,89.5
INV-100359,SKU-104,Stainless Steel Water Bottle,Lifestyle,2,2023-12-30 00:00:00,24.99,CUST-1038,United States,49.98
INV-100360,SKU-110,LED Desk Lamp with Wireless Charging,Lighting,1,2024-01-13 00:00:00,49.99,CUST-1431,United Kingdom,49.99
INV-100361,SKU-109,Laptop Stand Aluminum,Accessories,10,2024-06-06 00:00:00,39.99,CUST-1252,Australia,399.9
INV-100362,SKU-110,LED Desk Lamp with Wireless Charging,Lighting,2,2023-07-15 00:00:00,49.99,CUST-1279,India,99.98
INV-100363,SKU-106,USB-C Multiport Adapter,Accessories,5,2023-04-08 00:00:00,34.5,CUST-1248,Canada,172.5
INV-100364,SKU-101,Wireless Noise-Canceling Headphones,Audio,3,2023-01-22 00:00:00,149.99,CUST-1240,India,449.97
INV-100365,SKU-109,Laptop Stand Aluminum,Accessories,4,2024-03-25 00:00:00,39.99,CUST-1305,Canada,159.96
INV-100366,SKU-106,USB-C Multiport Adapter,Accessories,3,2023-06-21 00:00:00,34.5,CUST-1086,France,103.5
INV-100367,SKU-104,Stainless Steel Water Bottle,Lifestyle,1,2024-01-18 00:00:00,24.99,CUST-1112,Germany,24.99
INV-100368,SKU-104,Stainless Steel Water Bottle,Lifestyle,1,2023-05-14 00:00:00,24.99,CUST-1464,United States,24.99
INV-100369,SKU-103,Mechanical Gaming Keyboard,Peripherals,1,2024-03-01 00:00:00,89.5,CUST-1485,United States,89.5
INV-100370,SKU-107,Organic Cotton Throw Blanket,Home,1,2023-01-25 00:00:00,45.0,CUST-1226,Germany,45.0
INV-100371,SKU-103,Mechanical Gaming Keyboard,Peripherals,1,2024-05-17 00:00:00,89.5,CUST-1154,United States,89.5
INV-100372,SKU-102,Ergonomic Office Chair,Furniture,1,2023-07-04 00:00:00,229.0,CUST-1366,United States,229.0
INV-100373,SKU-110,LED Desk Lamp with Wireless Charging,Lighting,1,2023-03-26 00:00:00,49.99,CUST-1241,United Kingdom,49.99
INV-100374,SKU-108,Portable Espresso Maker,Kitchen,8,2023-05-24 00:00:00,79.99,CUST-1011,France,639.92
INV-100375,SKU-104,Stainless Steel Water Bottle,Lifestyle,4,2024-02-16 00:00:00,24.99,CUST-1087,United States,99.96
INV-100376,SKU-108,Portable Espresso Maker,Kitchen,1,2023-08-12 00:00:00,79.99,CUST-1396,Canada,79.99
INV-100377,SKU-101,Wireless Noise-Canceling Headphones,Audio,1,2023-08-08 00:00:00,149.99,CUST-1378,Germany,149.99
INV-100378,SKU-105,Smart Fitness Tracker Band,Wearables,1,2023-06-28 00:00:00,59.99,CUST-1011,France,59.99
INV-100379,SKU-109,Laptop Stand Aluminum,Accessories,1,2024-03-08 00:00:00,39.99,CUST-1134,France,39.99
INV-100380,SKU-101,Wireless Noise-Canceling Headphones,Audio,2,2023-09-22 00:00:00,149.99,CUST-1139,Canada,299.98
INV-100381,SKU-104,Stainless Steel Water Bottle,Lifestyle,1,2024-03-04 00:00:00,24.99,CUST-1386,United Kingdom,24.99
INV-100382,SKU-106,USB-C Multiport Adapter,Accessories,1,2024-02-20 00:00:00,34.5,CUST-1011,United States,34.5
INV-100383,SKU-110,LED Desk Lamp with Wireless Charging,Lighting,3,2024-03-28 00:00:00,49.99,CUST-1055,United Kingdom,149.97
INV-100384,SKU-108,Portable Espresso Maker,Kitchen,3,2023-07-16 00:00:00,79.99,CUST-1441,Canada,239.97
INV-100385,SKU-103,Mechanical Gaming Keyboard,Peripherals,1,2023-02-22 00:00:00,89.5,CUST-1106,Australia,89.5
INV-100386,SKU-105,Smart Fitness Tracker Band,Wearables,2,2024-04-24 00:00:00,59.99,CUST-1368,Canada,119.98
INV-100387,SKU-107,Organic Cotton Throw Blanket,Home,1,2024-03-18 00:00:00,45.0,CUST-1139,United States,45.0
INV-100388,SKU-101,Wireless Noise-Canceling Headphones,Audio,1,2023-11-26 00:00:00,149.99,CUST-1053,United Kingdom,149.99
INV-100389,SKU-107,Organic Cotton Throw Blanket,Home,1,2023-09-08 00:00:00,45.0,CUST-1140,United States,45.0
INV-100390,SKU-108,Portable Espresso Maker,Kitchen,1,2023-05-03 00:00:00,79.99,CUST-1401,United States,79.99
INV-100391,SKU-108,Portable Espresso Maker,Kitchen,1,2024-01-22 00:00:00,79.99,CUST-1464,United States,79.99
INV-100392,SKU-109,Laptop Stand Aluminum,Accessories,1,2023-12-05 00:00:00,39.99,CUST-1446,United States,39.99
INV-100393,SKU-106,USB-C Multiport Adapter,Accessories,2,2023-12-14 00:00:00,34.5,CUST-1238,Canada,69.0
INV-100394,SKU-106,USB-C Multiport Adapter,Accessories,2,2023-01-29 00:00:00,34.5,CUST-1384,United States,69.0
INV-100395,SKU-102,Ergonomic Office Chair,Furniture,1,2023-02-04 00:00:00,229.0,CUST-1120,United States,229.0
INV-100396,SKU-103,Mechanical Gaming Keyboard,Peripherals,1,2024-06-01 00:00:00,89.5,CUST-1165,France,89.5
INV-100397,SKU-104,Stainless Steel Water Bottle,Lifestyle,3,2024-01-31 00:00:00,24.99,CUST-1475,United States,74.97
INV-100398,SKU-104,Stainless Steel Water Bottle,Lifestyle,1,2023-10-21 00:00:00,24.99,CUST-1007,United States,24.99
INV-100399,SKU-108,Portable Espresso Maker,Kitchen,5,2023-12-15 00:00:00,79.99,CUST-1050,United States,399.95
INV-100400,SKU-101,Wireless Noise-Canceling Headphones,Audio,2,2023-05-27 00:00:00,149.99,CUST-1121,United States,299.98
INV-100401,SKU-110,LED Desk Lamp with Wireless Charging,Lighting,1,2023-03-08 00:00:00,49.99,CUST-1011,United States,49.99
INV-100402,SKU-104,Stainless Steel Water Bottle,Lifestyle,1,2024-06-03 00:00:00,24.99,CUST-1112,United States,24.99
INV-100403,SKU-104,Stainless Steel Water Bottle,Lifestyle,1,2023-05-02 00:00:00,24.99,,United Kingdom,24.99
INV-100404,SKU-101,Wireless Noise-Canceling Headphones,Audio,1,2023-12-06 00:00:00,149.99,CUST-1245,United States,149.99
INV-100405,SKU-103,Mechanical Gaming Keyboard,Peripherals,1,2023-06-24 00:00:00,89.5,CUST-1474,United States,89.5
INV-100406,SKU-105,Smart Fitness Tracker Band,Wearables,2,2024-03-26 00:00:00,59.99,CUST-1446,Australia,119.98
INV-100407,SKU-106,USB-C Multiport Adapter,Accessories,1,2023-05-16 00:00:00,34.5,CUST-1198,United States,34.5
INV-100408,SKU-109,Laptop Stand Aluminum,Accessories,1,2023-01-16 00:00:00,39.99,CUST-1150,Australia,39.99
INV-100409,SKU-109,Laptop Stand Aluminum,Accessories,1,2023-11-29 00:00:00,39.99,CUST-1226,United Kingdom,39.99
INV-100410,SKU-109,Laptop Stand Aluminum,Accessories,1,2023-07-14 00:00:00,39.99,CUST-1324,United States,39.99
INV-100411,SKU-101,Wireless Noise-Canceling Headphones,Audio,1,2024-05-10 00:00:00,149.99,CUST-1154,Canada,149.99
INV-100412,SKU-109,Laptop Stand Aluminum,Accessories,1,2023-01-09 00:00:00,39.99,CUST-1358,United States,39.99
INV-100413,SKU-108,Portable Espresso Maker,Kitchen,1,2023-11-30 00:00:00,79.99,CUST-1241,United States,79.99
INV-100414,SKU-102,Ergonomic Office Chair,Furniture,2,2023-11-29 00:00:00,229.0,CUST-1305,Germany,458.0
INV-100415,SKU-101,Wireless Noise-Canceling Headphones,Audio,1,2023-11-23 00:00:00,149.99,CUST-1247,United Kingdom,149.99
INV-100416,SKU-101,Wireless Noise-Canceling Headphones,Audio,2,2023-01-15 00:00:00,149.99,CUST-1169,Canada,299.98
INV-100417,SKU-106,USB-C Multiport Adapter,Accessories,1,2023-08-14 00:00:00,34.5,CUST-1485,Australia,34.5
INV-100418,SKU-109,Laptop Stand Aluminum,Accessories,1,2024-02-29 00:00:00,39.99,CUST-1420,United States,39.99
INV-100419,SKU-107,Organic Cotton Throw Blanket,Home,1,2024-02-12 00:00:00,45.0,CUST-1073,United Kingdom,45.0
INV-100420,SKU-105,Smart Fitness Tracker Band,Wearables,2,2023-04-23 00:00:00,59.99,CUST-1469,United Kingdom,119.98
INV-100421,SKU-102,Ergonomic Office Chair,Furniture,1,2024-03-03 00:00:00,229.0,CUST-1261,India,229.0
INV-100422,SKU-101,Wireless Noise-Canceling Headphones,Audio,1,2023-01-01 00:00:00,149.99,CUST-1475,Canada,149.99
INV-100423,SKU-102,Ergonomic Office Chair,Furniture,1,2023-09-23 00:00:00,229.0,CUST-1441,Australia,229.0
INV-100424,SKU-101,Wireless Noise-Canceling Headphones,Audio,1,2024-05-05 00:00:00,149.99,CUST-1245,United States,149.99
INV-100425,SKU-103,Mechanical Gaming Keyboard,Peripherals,1,2023-07-27 00:00:00,89.5,CUST-1011,Canada,89.5
INV-100426,SKU-106,USB-C Multiport Adapter,Accessories,2,2024-01-04 00:00:00,34.5,CUST-1154,United States,69.0
INV-100427,SKU-108,Portable Espresso Maker,Kitchen,1,2023-11-02 00:00:00,79.99,CUST-1301,United States,79.99
INV-100428,SKU-103,Mechanical Gaming Keyboard,Peripherals,2,2023-01-12 00:00:00,89.5,CUST-1364,France,179.0
INV-100429,SKU-110,LED Desk Lamp with Wireless Charging,Lighting,1,2023-12-11 00:00:00,49.99,CUST-1150,United States,49.99
INV-100430,SKU-109,Laptop Stand Aluminum,Accessories,2,2024-04-09 00:00:00,39.99,CUST-1070,France,79.98
INV-100431,SKU-110,LED Desk Lamp with Wireless Charging,Lighting,2,2024-05-08 00:00:00,49.99,CUST-1446,United States,99.98
INV-100432,SKU-105,Smart Fitness Tracker Band,Wearables,1,2024-01-03 00:00:00,59.99,CUST-1499,Canada,59.99
INV-100433,SKU-107,Organic Cotton Throw Blanket,Home,2,2024-02-24 00:00:00,45.0,CUST-1280,United States,90.0
INV-100434,SKU-108,Portable Espresso Maker,Kitchen,3,2023-06-20 00:00:00,79.99,CUST-1101,United States,239.97
INV-100435,SKU-103,Mechanical Gaming Keyboard,Peripherals,1,2023-05-14 00:00:00,89.5,CUST-1154,United States,89.5
INV-100436,SKU-102,Ergonomic Office Chair,Furniture,1,2024-03-02 00:00:00,229.0,CUST-1011,United Kingdom,229.0
INV-100437,SKU-102,Ergonomic Office Chair,Furniture,2,2023-01-25 00:00:00,229.0,CUST-1475,United States,458.0
INV-100438,SKU-105,Smart Fitness Tracker Band,Wearables,1,2024-06-13 00:00:00,59.99,CUST-1069,Germany,59.99
INV-100439,SKU-101,Wireless Noise-Canceling Headphones,Audio,1,2023-07-09 00:00:00,149.99,CUST-1314,United States,149.99
INV-100440,SKU-102,Ergonomic Office Chair,Furniture,4,2023-05-21 00:00:00,229.0,CUST-1154,United States,916.0
INV-100441,SKU-109,Laptop Stand Aluminum,Accessories,1,2023-11-11 00:00:00,39.99,CUST-1305,United States,39.99
INV-100442,SKU-107,Organic Cotton Throw Blanket,Home,2,2024-03-19 00:00:00,45.0,CUST-1367,United States,90.0
INV-100443,SKU-106,USB-C Multiport Adapter,Accessories,2,2023-11-15 00:00:00,34.5,CUST-1446,Canada,69.0
INV-100444,SKU-109,Laptop Stand Aluminum,Accessories,5,2024-03-16 00:00:00,39.99,CUST-1121,Australia,199.95
INV-100445,SKU-107,Organic Cotton Throw Blanket,Home,1,2023-04-02 00:00:00,45.0,CUST-1003,United States,45.0
INV-100446,SKU-105,Smart Fitness Tracker Band,Wearables,1,2023-06-28 00:00:00,59.99,CUST-1069,United Kingdom,59.99
INV-100447,SKU-109,Laptop Stand Aluminum,Accessories,1,2023-02-25 00:00:00,39.99,CUST-1475,Canada,39.99
INV-100448,SKU-106,USB-C Multiport Adapter,Accessories,1,2023-06-04 00:00:00,34.5,CUST-1469,United States,34.5
INV-100449,SKU-106,USB-C Multiport Adapter,Accessories,1,2023-04-21 00:00:00,34.5,CUST-1330,United States,34.5
INV-100450,SKU-104,Stainless Steel Water Bottle,Lifestyle,1,2023-05-17 00:00:00,24.99,CUST-1336,United Kingdom,24.99
INV-100451,SKU-101,Wireless Noise-Canceling Headphones,Audio,1,2023-08-20 00:00:00,149.99,CUST-1383,United States,149.99
INV-100452,SKU-105,Smart Fitness Tracker Band,Wearables,1,2024-04-12 00:00:00,59.99,CUST-1104,United States,59.99
INV-100453,SKU-109,Laptop Stand Aluminum,Accessories,2,2024-04-25 00:00:00,39.99,CUST-1475,United States,79.98
INV-100454,SKU-108,Portable Espresso Maker,Kitchen,2,2023-03-09 00:00:00,79.99,CUST-1242,United Kingdom,159.98
INV-100455,SKU-108,Portable Espresso Maker,Kitchen,2,2023-09-06 00:00:00,79.99,CUST-1226,United States,159.98
INV-100456,SKU-105,Smart Fitness Tracker Band,Wearables,4,2023-11-19 00:00:00,59.99,CUST-1276,United States,239.96
INV-100457,SKU-109,Laptop Stand Aluminum,Accessories,1,2024-06-01 00:00:00,39.99,CUST-1033,United States,39.99
INV-100458,SKU-103,Mechanical Gaming Keyboard,Peripherals,5,2024-03-07 00:00:00,89.5,CUST-1093,United States,447.5
INV-100459,SKU-103,Mechanical Gaming Keyboard,Peripherals,3,2024-05-01 00:00:00,89.5,CUST-1408,United States,268.5
INV-100460,SKU-101,Wireless Noise-Canceling Headphones,Audio,1,2024-03-04 00:00:00,149.99,CUST-1050,Australia,149.99
INV-100461,SKU-109,Laptop Stand Aluminum,Accessories,1,2023-09-26 00:00:00,39.99,CUST-1337,United States,39.99
INV-100462,SKU-106,USB-C Multiport Adapter,Accessories,1,2024-06-20 00:00:00,34.5,CUST-1140,Germany,34.5
INV-100463,SKU-102,Ergonomic Office Chair,Furniture,1,2023-05-28 00:00:00,229.0,CUST-1229,United States,229.0
INV-100464,SKU-108,Portable Espresso Maker,Kitchen,1,2023-04-28 00:00:00,79.99,CUST-1162,Germany,79.99
INV-100465,SKU-109,Laptop Stand Aluminum,Accessories,1,2024-01-02 00:00:00,39.99,CUST-1209,United Kingdom,39.99
INV-100466,SKU-109,Laptop Stand Aluminum,Accessories,2,2023-03-07 00:00:00,39.99,CUST-1399,United States,79.98
INV-100467,SKU-102,Ergonomic Office Chair,Furniture,1,2024-01-05 00:00:00,229.0,CUST-1173,Canada,229.0
INV-100468,SKU-102,Ergonomic Office Chair,Furniture,1,2023-06-24 00:00:00,229.0,CUST-1313,United Kingdom,229.0
INV-100469,SKU-107,Organic Cotton Throw Blanket,Home,3,2024-05-09 00:00:00,45.0,CUST-1261,Canada,135.0
INV-100470,SKU-104,Stainless Steel Water Bottle,Lifestyle,1,2023-04-24 00:00:00,24.99,CUST-1382,United States,24.99
INV-100471,SKU-101,Wireless Noise-Canceling Headphones,Audio,8,2023-04-21 00:00:00,149.99,CUST-1478,India,1199.92
INV-100472,SKU-108,Portable Espresso Maker,Kitchen,1,2024-03-14 00:00:00,79.99,CUST-1405,Canada,79.99
INV-100473,SKU-102,Ergonomic Office Chair,Furniture,5,2023-05-27 00:00:00,229.0,CUST-1127,France,1145.0
INV-100474,SKU-103,Mechanical Gaming Keyboard,Peripherals,1,2023-02-04 00:00:00,89.5,CUST-1012,United Kingdom,89.5
INV-100475,SKU-105,Smart Fitness Tracker Band,Wearables,1,2023-11-05 00:00:00,59.99,CUST-1154,United Kingdom,59.99
INV-100476,SKU-103,Mechanical Gaming Keyboard,Peripherals,1,2024-06-21 00:00:00,89.5,CUST-1326,Canada,89.5
INV-100477,SKU-107,Organic Cotton Throw Blanket,Home,2,2023-01-14 00:00:00,45.0,CUST-1034,Australia,90.0
INV-100478,SKU-107,Organic Cotton Throw Blanket,Home,3,2024-01-09 00:00:00,45.0,CUST-1264,France,135.0
INV-100479,SKU-102,Ergonomic Office Chair,Furniture,1,2024-03-03 00:00:00,229.0,CUST-1329,United States,229.0
INV-100480,SKU-107,Organic Cotton Throw Blanket,Home,4,2023-08-21 00:00:00,45.0,CUST-1194,Canada,180.0
INV-100481,SKU-106,USB-C Multiport Adapter,Accessories,1,2024-03-15 00:00:00,34.5,CUST-1427,United States,34.5
INV-100482,SKU-110,LED Desk Lamp with Wireless Charging,Lighting,2,2024-05-16 00:00:00,49.99,CUST-1055,United Kingdom,99.98
INV-100483,SKU-109,Laptop Stand Aluminum,Accessories,3,2023-10-02 00:00:00,39.99,CUST-1048,United States,119.97
INV-100484,SKU-109,Laptop Stand Aluminum,Accessories,1,2023-03-17 00:00:00,39.99,CUST-1403,United States,39.99
INV-100485,SKU-102,Ergonomic Office Chair,Furniture,1,2024-03-14 00:00:00,229.0,CUST-1264,France,229.0
INV-100486,SKU-107,Organic Cotton Throw Blanket,Home,4,2023-10-16 00:00:00,45.0,CUST-1390,United States,180.0
INV-100487,SKU-105,Smart Fitness Tracker Band,Wearables,4,2024-06-23 00:00:00,59.99,CUST-1247,Germany,239.96
INV-100488,SKU-106,USB-C Multiport Adapter,Accessories,8,2023-09-10 00:00:00,34.5,CUST-1140,United Kingdom,276.0
INV-100489,SKU-101,Wireless Noise-Canceling Headphones,Audio,4,2023-05-06 00:00:00,149.99,CUST-1446,United States,599.96
INV-100490,SKU-107,Organic Cotton Throw Blanket,Home,1,2023-06-26 00:00:00,45.0,CUST-1441,United States,45.0
INV-100491,SKU-106,USB-C Multiport Adapter,Accessories,3,2023-02-06 00:00:00,34.5,CUST-1390,United Kingdom,103.5
INV-100492,SKU-104,Stainless Steel Water Bottle,Lifestyle,1,2024-02-14 00:00:00,24.99,CUST-1154,United States,24.99
INV-100493,SKU-101,Wireless Noise-Canceling Headphones,Audio,10,2023-05-07 00:00:00,149.99,CUST-1324,Canada,1499.9
INV-100494,SKU-109,Laptop Stand Aluminum,Accessories,1,2024-04-27 00:00:00,39.99,CUST-1214,India,39.99
INV-100495,SKU-104,Stainless Steel Water Bottle,Lifestyle,1,2023-06-17 00:00:00,24.99,CUST-1052,United States,24.99
INV-100496,SKU-102,Ergonomic Office Chair,Furniture,1,2023-10-21 00:00:00,229.0,CUST-1475,United States,229.0
INV-100497,SKU-108,Portable Espresso Maker,Kitchen,1,2023-12-09 00:00:00,79.99,CUST-1069,United Kingdom,79.99
INV-100498,SKU-102,Ergonomic Office Chair,Furniture,1,2023-11-06 00:00:00,229.0,CUST-1488,Germany,229.0
INV-100499,SKU-105,Smart Fitness Tracker Band,Wearables,4,2024-06-11 00:00:00,59.99,CUST-1248,United States,239.96
INV-100500,SKU-106,USB-C Multiport Adapter,Accessories,3,2024-06-23 00:00:00,34.5,CUST-1112,United States,103.5
INV-100501,SKU-108,Portable Espresso Maker,Kitchen,1,2024-02-23 00:00:00,79.99,CUST-1301,United Kingdom,79.99
INV-100502,SKU-101,Wireless Noise-Canceling Headphones,Audio,2,2024-03-19 00:00:00,149.99,CUST-1469,France,299.98
INV-100503,SKU-101,Wireless Noise-Canceling Headphones,Audio,2,2023-08-24 00:00:00,149.99,CUST-1405,United States,299.98
INV-100504,SKU-104,Stainless Steel Water Bottle,Lifestyle,1,2024-03-14 00:00:00,24.99,CUST-1444,United States,24.99
INV-100505,SKU-105,Smart Fitness Tracker Band,Wearables,1,2023-08-02 00:00:00,59.99,CUST-1378,France,59.99
INV-100506,SKU-109,Laptop Stand Aluminum,Accessories,3,2023-03-26 00:00:00,39.99,CUST-1390,Germany,119.97
INV-100507,SKU-107,Organic Cotton Throw Blanket,Home,2,2023-03-26 00:00:00,45.0,CUST-1461,Germany,90.0
INV-100508,SKU-107,Organic Cotton Throw Blanket,Home,1,2024-05-03 00:00:00,45.0,CUST-1140,United Kingdom,45.0
INV-100509,SKU-108,Portable Espresso Maker,Kitchen,2,2023-03-06 00:00:00,79.99,CUST-1261,India,159.98
INV-100510,SKU-105,Smart Fitness Tracker Band,Wearables,1,2023-03-05 00:00:00,59.99,CUST-1134,Germany,59.99
INV-100511,SKU-105,Smart Fitness Tracker Band,Wearables,1,2023-12-09 00:00:00,59.99,CUST-1499,Australia,59.99
INV-100512,SKU-101,Wireless Noise-Canceling Headphones,Audio,1,2023-12-18 00:00:00,149.99,CUST-1484,Germany,149.99
INV-100513,SKU-109,Laptop Stand Aluminum,Accessories,1,2023-06-07 00:00:00,39.99,CUST-1025,Germany,39.99
INV-100514,SKU-106,USB-C Multiport Adapter,Accessories,2,2024-05-05 00:00:00,34.5,CUST-1393,United States,69.0
INV-100515,SKU-109,Laptop Stand Aluminum,Accessories,4,2024-04-07 00:00:00,39.99,CUST-1475,United States,159.96
INV-100516,SKU-103,Mechanical Gaming Keyboard,Peripherals,1,2023-08-13 00:00:00,89.5,CUST-1107,Canada,89.5
INV-100517,SKU-105,Smart Fitness Tracker Band,Wearables,1,2023-11-09 00:00:00,59.99,CUST-1313,United States,59.99
INV-100518,SKU-102,Ergonomic Office Chair,Furniture,2,2024-04-10 00:00:00,229.0,CUST-1475,United Kingdom,458.0
INV-100519,SKU-110,LED Desk Lamp with Wireless Charging,Lighting,3,2023-03-29 00:00:00,49.99,CUST-1017,United States,149.97
INV-100520,SKU-105,Smart Fitness Tracker Band,Wearables,2,2023-10-30 00:00:00,59.99,CUST-1390,Canada,119.98
INV-100521,SKU-108,Portable Espresso Maker,Kitchen,3,2024-03-10 00:00:00,79.99,CUST-1174,United States,239.97
INV-100522,SKU-102,Ergonomic Office Chair,Furniture,1,2023-05-15 00:00:00,229.0,CUST-1475,Canada,229.0
INV-100523,SKU-108,Portable Espresso Maker,Kitchen,2,2023-02-19 00:00:00,79.99,CUST-1498,United Kingdom,159.98
INV-100524,SKU-104,Stainless Steel Water Bottle,Lifestyle,1,2024-03-07 00:00:00,24.99,CUST-1484,United States,24.99
INV-100525,SKU-110,LED Desk Lamp with Wireless Charging,Lighting,1,2023-12-06 00:00:00,49.99,CUST-1261,United Kingdom,49.99
INV-100526,SKU-110,LED Desk Lamp with Wireless Charging,Lighting,1,2023-12-13 00:00:00,49.99,CUST-1464,United States,49.99
INV-100527,SKU-101,Wireless Noise-Canceling Headphones,Audio,1,2023-12-13 00:00:00,149.99,CUST-1453,United States,149.99
INV-100528,SKU-105,Smart Fitness Tracker Band,Wearables,4,2023-09-02 00:00:00,59.99,CUST-1186,United States,239.96
INV-100529,SKU-101,Wireless Noise-Canceling Headphones,Audio,3,2023-04-19 00:00:00,149.99,CUST-1446,United States,449.97
INV-100530,SKU-107,Organic Cotton Throw Blanket,Home,1,2024-06-16 00:00:00,45.0,CUST-1024,India,45.0
INV-100531,SKU-108,Portable Espresso Maker,Kitchen,1,2023-03-31 00:00:00,79.99,CUST-1328,United States,79.99
INV-100532,SKU-103,Mechanical Gaming Keyboard,Peripherals,1,2023-10-23 00:00:00,89.5,CUST-1139,Germany,89.5
INV-100533,SKU-103,Mechanical Gaming Keyboard,Peripherals,1,2023-04-22 00:00:00,89.5,CUST-1069,United States,89.5
INV-100534,SKU-107,Organic Cotton Throw Blanket,Home,2,2023-06-26 00:00:00,45.0,CUST-1050,Germany,90.0
INV-100535,SKU-104,Stainless Steel Water Bottle,Lifestyle,4,2023-12-09 00:00:00,24.99,CUST-1390,United States,99.96
INV-100536,SKU-103,Mechanical Gaming Keyboard,Peripherals,8,2023-04-11 00:00:00,89.5,CUST-1197,Germany,716.0
INV-100537,SKU-108,Portable Espresso Maker,Kitchen,2,2024-02-05 00:00:00,79.99,CUST-1401,Germany,159.98
INV-100538,SKU-103,Mechanical Gaming Keyboard,Peripherals,3,2023-01-28 00:00:00,89.5,CUST-1038,Germany,268.5
INV-100539,SKU-107,Organic Cotton Throw Blanket,Home,1,2024-06-20 00:00:00,45.0,CUST-1183,United States,45.0
INV-100540,SKU-102,Ergonomic Office Chair,Furniture,1,2023-02-27 00:00:00,229.0,CUST-1296,Germany,229.0
INV-100541,SKU-101,Wireless Noise-Canceling Headphones,Audio,1,2024-05-12 00:00:00,149.99,CUST-1441,United States,149.99
INV-100542,SKU-106,USB-C Multiport Adapter,Accessories,1,2023-10-24 00:00:00,34.5,CUST-1185,United States,34.5
INV-100543,SKU-108,Portable Espresso Maker,Kitchen,2,2023-05-14 00:00:00,79.99,CUST-1358,United States,159.98
INV-100544,SKU-101,Wireless Noise-Canceling Headphones,Audio,1,2023-11-27 00:00:00,149.99,CUST-1471,United States,149.99
INV-100545,SKU-110,LED Desk Lamp with Wireless Charging,Lighting,1,2023-09-06 00:00:00,49.99,CUST-1352,United Kingdom,49.99
INV-100546,SKU-109,Laptop Stand Aluminum,Accessories,1,2023-03-16 00:00:00,39.99,CUST-1139,Germany,39.99
INV-100547,SKU-103,Mechanical Gaming Keyboard,Peripherals,5,2023-06-17 00:00:00,89.5,CUST-1011,United States,447.5
INV-100548,SKU-103,Mechanical Gaming Keyboard,Peripherals,1,2024-05-17 00:00:00,89.5,CUST-1469,United States,89.5
INV-100549,SKU-104,Stainless Steel Water Bottle,Lifestyle,2,2023-12-21 00:00:00,24.99,CUST-1011,United States,49.98
INV-100550,SKU-101,Wireless Noise-Canceling Headphones,Audio,2,2023-08-13 00:00:00,149.99,CUST-1469,Germany,299.98
INV-100551,SKU-109,Laptop Stand Aluminum,Accessories,1,2024-06-14 00:00:00,39.99,CUST-1280,United Kingdom,39.99
INV-100552,SKU-103,Mechanical Gaming Keyboard,Peripherals,1,2023-05-26 00:00:00,89.5,CUST-1479,United States,89.5
INV-100553,SKU-110,LED Desk Lamp with Wireless Charging,Lighting,4,2023-08-29 00:00:00,49.99,CUST-1441,Germany,199.96
INV-100554,SKU-104,Stainless Steel Water Bottle,Lifestyle,1,2023-12-10 00:00:00,24.99,CUST-1499,United Kingdom,24.99
INV-100555,SKU-101,Wireless Noise-Canceling Headphones,Audio,5,2023-02-04 00:00:00,149.99,CUST-1203,United Kingdom,749.95
INV-100556,SKU-104,Stainless Steel Water Bottle,Lifestyle,1,2023-01-01 00:00:00,24.99,CUST-1423,United Kingdom,24.99
INV-100557,SKU-101,Wireless Noise-Canceling Headphones,Audio,1,2023-06-02 00:00:00,149.99,CUST-1240,Germany,149.99
INV-100558,SKU-105,Smart Fitness Tracker Band,Wearables,4,2024-03-04 00:00:00,59.99,CUST-1261,Germany,239.96
INV-100559,SKU-105,Smart Fitness Tracker Band,Wearables,3,2024-05-22 00:00:00,59.99,CUST-1359,United States,179.97
INV-100560,SKU-107,Organic Cotton Throw Blanket,Home,10,2023-05-06 00:00:00,45.0,CUST-1469,United States,450.0
INV-100561,SKU-108,Portable Espresso Maker,Kitchen,2,2024-05-05 00:00:00,79.99,CUST-1499,United States,159.98
INV-100562,SKU-104,Stainless Steel Water Bottle,Lifestyle,5,2024-04-26 00:00:00,24.99,CUST-1425,Germany,124.95
INV-100563,SKU-107,Organic Cotton Throw Blanket,Home,3,2023-12-11 00:00:00,45.0,CUST-1242,Australia,135.0
INV-100564,SKU-104,Stainless Steel Water Bottle,Lifestyle,3,2023-08-09 00:00:00,24.99,CUST-1245,United States,74.97
INV-100565,SKU-103,Mechanical Gaming Keyboard,Peripherals,1,2023-01-25 00:00:00,89.5,CUST-1408,United States,89.5
INV-100566,SKU-106,USB-C Multiport Adapter,Accessories,1,2024-06-11 00:00:00,34.5,CUST-1139,Canada,34.5
INV-100567,SKU-104,Stainless Steel Water Bottle,Lifestyle,5,2023-07-01 00:00:00,24.99,CUST-1062,Canada,124.95
INV-100568,SKU-103,Mechanical Gaming Keyboard,Peripherals,1,2024-05-13 00:00:00,89.5,CUST-1207,Australia,89.5
INV-100569,SKU-109,Laptop Stand Aluminum,Accessories,1,2023-02-11 00:00:00,39.99,CUST-1161,United Kingdom,39.99
INV-100570,SKU-105,Smart Fitness Tracker Band,Wearables,1,2024-04-25 00:00:00,59.99,CUST-1172,Australia,59.99
INV-100571,SKU-107,Organic Cotton Throw Blanket,Home,1,2024-03-14 00:00:00,45.0,CUST-1139,United States,45.0
INV-100572,SKU-106,USB-C Multiport Adapter,Accessories,1,2024-02-06 00:00:00,34.5,CUST-1030,United States,34.5
INV-100573,SKU-110,LED Desk Lamp with Wireless Charging,Lighting,1,2024-06-29 00:00:00,49.99,CUST-1011,United States,49.99
INV-100574,SKU-105,Smart Fitness Tracker Band,Wearables,4,2023-12-11 00:00:00,59.99,CUST-1499,Germany,239.96
INV-100575,SKU-107,Organic Cotton Throw Blanket,Home,1,2023-02-14 00:00:00,45.0,CUST-1247,United States,45.0
INV-100576,SKU-106,USB-C Multiport Adapter,Accessories,1,2023-01-21 00:00:00,34.5,CUST-1227,United Kingdom,34.5
INV-100577,SKU-110,LED Desk Lamp with Wireless Charging,Lighting,1,2023-03-11 00:00:00,49.99,CUST-1390,United Kingdom,49.99
INV-100578,SKU-102,Ergonomic Office Chair,Furniture,1,2023-02-17 00:00:00,229.0,CUST-1131,United States,229.0
INV-100579,SKU-103,Mechanical Gaming Keyboard,Peripherals,1,2024-05-05 00:00:00,89.5,CUST-1488,Australia,89.5
INV-100580,SKU-102,Ergonomic Office Chair,Furniture,2,2023-10-14 00:00:00,229.0,CUST-1441,United States,458.0
INV-100581,SKU-103,Mechanical Gaming Keyboard,Peripherals,1,2023-01-10 00:00:00,89.5,CUST-1051,United States,89.5
INV-100582,SKU-101,Wireless Noise-Canceling Headphones,Audio,4,2024-06-25 00:00:00,149.99,CUST-1242,Canada,599.96
INV-100583,SKU-108,Portable Espresso Maker,Kitchen,1,2023-10-01 00:00:00,79.99,CUST-1471,United States,79.99
INV-100584,SKU-106,USB-C Multiport Adapter,Accessories,1,2024-01-16 00:00:00,34.5,CUST-1484,Germany,34.5
INV-100585,SKU-102,Ergonomic Office Chair,Furniture,1,2023-11-25 00:00:00,229.0,CUST-1261,Canada,229.0
INV-100586,SKU-108,Portable Espresso Maker,Kitchen,1,2024-04-23 00:00:00,79.99,CUST-1351,France,79.99
INV-100587,SKU-106,USB-C Multiport Adapter,Accessories,2,2023-01-15 00:00:00,34.5,CUST-1094,Australia,69.0
INV-100588,SKU-107,Organic Cotton Throw Blanket,Home,3,2024-05-30 00:00:00,45.0,CUST-1499,United States,135.0
INV-100589,SKU-101,Wireless Noise-Canceling Headphones,Audio,2,2023-07-10 00:00:00,149.99,CUST-1139,United Kingdom,299.98
INV-100590,SKU-107,Organic Cotton Throw Blanket,Home,1,2023-06-17 00:00:00,45.0,CUST-1483,United States,45.0
INV-100591,SKU-103,Mechanical Gaming Keyboard,Peripherals,1,2024-06-04 00:00:00,89.5,CUST-1367,United States,89.5
INV-100592,SKU-108,Portable Espresso Maker,Kitchen,1,2023-05-17 00:00:00,79.99,CUST-1344,United States,79.99
INV-100593,SKU-106,USB-C Multiport Adapter,Accessories,5,2023-06-03 00:00:00,34.5,CUST-1273,United States,172.5
INV-100594,SKU-104,Stainless Steel Water Bottle,Lifestyle,1,2024-01-23 00:00:00,24.99,CUST-1139,Australia,24.99
INV-100595,SKU-108,Portable Espresso Maker,Kitchen,2,2023-07-28 00:00:00,79.99,CUST-1104,United States,159.98
INV-100596,SKU-109,Laptop Stand Aluminum,Accessories,1,2023-09-29 00:00:00,39.99,CUST-1134,United Kingdom,39.99
INV-100597,SKU-110,LED Desk Lamp with Wireless Charging,Lighting,1,2023-05-23 00:00:00,49.99,CUST-1112,United States,49.99
INV-100598,SKU-102,Ergonomic Office Chair,Furniture,1,2023-03-10 00:00:00,229.0,CUST-1437,United Kingdom,229.0
INV-100599,SKU-106,USB-C Multiport Adapter,Accessories,1,2023-09-04 00:00:00,34.5,CUST-1203,France,34.5
INV-100600,SKU-105,Smart Fitness Tracker Band,Wearables,2,2023-09-18 00:00:00,59.99,CUST-1034,United States,119.98
INV-100601,SKU-105,Smart Fitness Tracker Band,Wearables,1,2023-03-20 00:00:00,59.99,CUST-1498,United Kingdom,59.99
INV-100602,SKU-110,LED Desk Lamp with Wireless Charging,Lighting,2,2024-06-08 00:00:00,49.99,CUST-1471,United States,99.98
INV-100603,SKU-103,Mechanical Gaming Keyboard,Peripherals,1,2023-11-26 00:00:00,89.5,CUST-1478,United States,89.5
INV-100604,SKU-108,Portable Espresso Maker,Kitchen,5,2023-07-08 00:00:00,79.99,CUST-1499,United Kingdom,399.95
INV-100605,SKU-108,Portable Espresso Maker,Kitchen,1,2023-04-05 00:00:00,79.99,CUST-1104,Canada,79.99
INV-100606,SKU-105,Smart Fitness Tracker Band,Wearables,4,2023-01-08 00:00:00,59.99,CUST-1235,United States,239.96
INV-100607,SKU-108,Portable Espresso Maker,Kitchen,3,2023-03-08 00:00:00,79.99,CUST-1416,United States,239.97
INV-100608,SKU-110,LED Desk Lamp with Wireless Charging,Lighting,8,2024-05-10 00:00:00,49.99,CUST-1390,United States,399.92
INV-100609,SKU-108,Portable Espresso Maker,Kitchen,1,2023-07-10 00:00:00,79.99,CUST-1085,Canada,79.99
INV-100610,SKU-103,Mechanical Gaming Keyboard,Peripherals,2,2024-01-01 00:00:00,89.5,CUST-1446,Germany,179.0
INV-100611,SKU-102,Ergonomic Office Chair,Furniture,1,2024-06-04 00:00:00,229.0,CUST-1134,United Kingdom,229.0
INV-100612,SKU-109,Laptop Stand Aluminum,Accessories,1,2023-04-27 00:00:00,39.99,CUST-1134,United Kingdom,39.99
INV-100613,SKU-102,Ergonomic Office Chair,Furniture,1,2023-09-24 00:00:00,229.0,CUST-1293,Australia,229.0
INV-100614,SKU-109,Laptop Stand Aluminum,Accessories,1,2024-04-29 00:00:00,39.99,CUST-1325,Canada,39.99
INV-100615,SKU-104,Stainless Steel Water Bottle,Lifestyle,10,2024-05-23 00:00:00,24.99,CUST-1320,Canada,249.9
INV-100616,SKU-102,Ergonomic Office Chair,Furniture,1,2023-10-25 00:00:00,229.0,CUST-1052,Canada,229.0
INV-100617,SKU-110,LED Desk Lamp with Wireless Charging,Lighting,1,2023-06-13 00:00:00,49.99,CUST-1471,Germany,49.99
INV-100618,SKU-101,Wireless Noise-Canceling Headphones,Audio,2,2024-01-11 00:00:00,149.99,CUST-1154,United Kingdom,299.98
INV-100619,SKU-104,Stainless Steel Water Bottle,Lifestyle,1,2023-09-25 00:00:00,24.99,CUST-1069,Australia,24.99
INV-100620,SKU-109,Laptop Stand Aluminum,Accessories,2,2023-03-15 00:00:00,39.99,CUST-1473,France,79.98
INV-100621,SKU-109,Laptop Stand Aluminum,Accessories,1,2024-05-22 00:00:00,39.99,CUST-1488,United States,39.99
INV-100622,SKU-104,Stainless Steel Water Bottle,Lifestyle,1,2023-03-14 00:00:00,24.99,CUST-1465,United States,24.99
INV-100623,SKU-109,Laptop Stand Aluminum,Accessories,1,2023-11-04 00:00:00,39.99,CUST-1445,France,39.99
INV-100624,SKU-106,USB-C Multiport Adapter,Accessories,5,2023-07-18 00:00:00,34.5,CUST-1376,United States,172.5
INV-100625,SKU-101,Wireless Noise-Canceling Headphones,Audio,2,2023-05-10 00:00:00,149.99,CUST-1305,Australia,299.98
INV-100626,SKU-110,LED Desk Lamp with Wireless Charging,Lighting,8,2024-05-01 00:00:00,49.99,CUST-1050,United States,399.92
INV-100627,SKU-106,USB-C Multiport Adapter,Accessories,1,2023-05-31 00:00:00,34.5,CUST-1241,United States,34.5
INV-100628,SKU-109,Laptop Stand Aluminum,Accessories,1,2023-07-25 00:00:00,39.99,CUST-1226,United States,39.99
INV-100629,SKU-102,Ergonomic Office Chair,Furniture,1,2023-06-28 00:00:00,229.0,CUST-1150,United States,229.0
INV-100630,SKU-106,USB-C Multiport Adapter,Accessories,1,2023-07-16 00:00:00,34.5,CUST-1401,United States,34.5
INV-100631,SKU-102,Ergonomic Office Chair,Furniture,1,2023-03-30 00:00:00,229.0,CUST-1264,United Kingdom,229.0
INV-100632,SKU-104,Stainless Steel Water Bottle,Lifestyle,2,2024-03-09 00:00:00,24.99,CUST-1050,Germany,49.98
INV-100633,SKU-108,Portable Espresso Maker,Kitchen,1,2023-07-02 00:00:00,79.99,CUST-1134,India,79.99
INV-100634,SKU-107,Organic Cotton Throw Blanket,Home,1,2023-07-28 00:00:00,45.0,CUST-1390,United States,45.0
INV-100635,SKU-109,Laptop Stand Aluminum,Accessories,4,2024-05-07 00:00:00,39.99,CUST-1050,United Kingdom,159.96
INV-100636,SKU-107,Organic Cotton Throw Blanket,Home,2,2023-05-10 00:00:00,45.0,CUST-1462,United Kingdom,90.0
INV-100637,SKU-101,Wireless Noise-Canceling Headphones,Audio,1,2023-01-13 00:00:00,149.99,CUST-1264,United Kingdom,149.99
INV-100638,SKU-102,Ergonomic Office Chair,Furniture,1,2023-04-16 00:00:00,229.0,CUST-1261,United Kingdom,229.0
INV-100639,SKU-106,USB-C Multiport Adapter,Accessories,1,2024-01-10 00:00:00,34.5,CUST-1324,United States,34.5
INV-100640,SKU-107,Organic Cotton Throw Blanket,Home,1,2023-04-09 00:00:00,45.0,CUST-1446,United States,45.0
INV-100641,SKU-103,Mechanical Gaming Keyboard,Peripherals,2,2023-07-11 00:00:00,89.5,CUST-1200,United States,179.0
INV-100642,SKU-109,Laptop Stand Aluminum,Accessories,1,2023-11-21 00:00:00,39.99,CUST-1390,United States,39.99
INV-100643,SKU-107,Organic Cotton Throw Blanket,Home,3,2024-04-11 00:00:00,45.0,CUST-1313,Germany,135.0
INV-100644,SKU-106,USB-C Multiport Adapter,Accessories,2,2024-01-02 00:00:00,34.5,CUST-1154,United States,69.0
INV-100645,SKU-106,USB-C Multiport Adapter,Accessories,2,2023-11-14 00:00:00,34.5,CUST-1471,Australia,69.0
INV-100646,SKU-101,Wireless Noise-Canceling Headphones,Audio,1,2023-05-24 00:00:00,149.99,CUST-1441,France,149.99
INV-100647,SKU-105,Smart Fitness Tracker Band,Wearables,1,2024-01-19 00:00:00,59.99,CUST-1378,India,59.99
INV-100648,SKU-110,LED Desk Lamp with Wireless Charging,Lighting,2,2023-08-04 00:00:00,49.99,CUST-1462,France,99.98
INV-100649,SKU-103,Mechanical Gaming Keyboard,Peripherals,1,2023-12-27 00:00:00,89.5,CUST-1469,United States,89.5
INV-100650,SKU-107,Organic Cotton Throw Blanket,Home,1,2023-11-20 00:00:00,45.0,CUST-1395,United Kingdom,45.0
INV-100651,SKU-110,LED Desk Lamp with Wireless Charging,Lighting,1,2023-01-15 00:00:00,49.99,CUST-1447,United States,49.99
INV-100652,SKU-103,Mechanical Gaming Keyboard,Peripherals,1,2023-08-05 00:00:00,89.5,CUST-1390,Canada,89.5
INV-100653,SKU-105,Smart Fitness Tracker Band,Wearables,2,2024-05-06 00:00:00,59.99,CUST-1390,Australia,119.98
INV-100654,SKU-107,Organic Cotton Throw Blanket,Home,1,2023-07-02 00:00:00,45.0,CUST-1356,Australia,45.0
INV-100655,SKU-103,Mechanical Gaming Keyboard,Peripherals,1,2023-09-27 00:00:00,89.5,CUST-1412,United States,89.5
INV-100656,SKU-110,LED Desk Lamp with Wireless Charging,Lighting,1,2024-04-11 00:00:00,49.99,CUST-1088,Canada,49.99
INV-100657,SKU-102,Ergonomic Office Chair,Furniture,1,2024-06-02 00:00:00,229.0,CUST-1471,United States,229.0
INV-100658,SKU-106,USB-C Multiport Adapter,Accessories,3,2024-06-25 00:00:00,34.5,CUST-1469,United States,103.5
INV-100659,SKU-108,Portable Espresso Maker,Kitchen,3,2024-04-11 00:00:00,79.99,CUST-1011,Canada,239.97
INV-100660,SKU-104,Stainless Steel Water Bottle,Lifestyle,1,2023-11-01 00:00:00,24.99,CUST-1446,United States,24.99
INV-100661,SKU-109,Laptop Stand Aluminum,Accessories,1,2023-05-24 00:00:00,39.99,CUST-1069,India,39.99
INV-100662,SKU-108,Portable Espresso Maker,Kitchen,1,2023-04-21 00:00:00,79.99,CUST-1196,United States,79.99
INV-100663,SKU-107,Organic Cotton Throw Blanket,Home,2,2023-08-20 00:00:00,45.0,CUST-1411,Australia,90.0
INV-100664,SKU-107,Organic Cotton Throw Blanket,Home,1,2024-05-14 00:00:00,45.0,CUST-1088,United Kingdom,45.0
INV-100665,SKU-103,Mechanical Gaming Keyboard,Peripherals,2,2023-09-30 00:00:00,89.5,CUST-1446,Canada,179.0
INV-100666,SKU-106,USB-C Multiport Adapter,Accessories,1,2023-06-22 00:00:00,34.5,CUST-1446,Canada,34.5
INV-100667,SKU-105,Smart Fitness Tracker Band,Wearables,2,2023-01-07 00:00:00,59.99,CUST-1272,Australia,119.98
INV-100668,SKU-101,Wireless Noise-Canceling Headphones,Audio,1,2023-06-04 00:00:00,149.99,CUST-1001,United States,149.99
INV-100669,SKU-103,Mechanical Gaming Keyboard,Peripherals,2,2024-06-05 00:00:00,89.5,CUST-1160,France,179.0
INV-100670,SKU-101,Wireless Noise-Canceling Headphones,Audio,1,2024-06-29 00:00:00,149.99,CUST-1352,United States,149.99
INV-100671,SKU-104,Stainless Steel Water Bottle,Lifestyle,2,2024-06-01 00:00:00,24.99,CUST-1499,United States,49.98
INV-100672,SKU-110,LED Desk Lamp with Wireless Charging,Lighting,1,2023-08-03 00:00:00,49.99,CUST-1364,United States,49.99
INV-100673,SKU-103,Mechanical Gaming Keyboard,Peripherals,1,2023-05-14 00:00:00,89.5,CUST-1150,Canada,89.5
INV-100674,SKU-104,Stainless Steel Water Bottle,Lifestyle,2,2023-10-12 00:00:00,24.99,CUST-1364,United Kingdom,49.98
INV-100675,SKU-109,Laptop Stand Aluminum,Accessories,1,2023-05-06 00:00:00,39.99,CUST-1297,Canada,39.99
INV-100676,SKU-103,Mechanical Gaming Keyboard,Peripherals,2,2024-03-14 00:00:00,89.5,CUST-1437,Germany,179.0
INV-100677,SKU-106,USB-C Multiport Adapter,Accessories,2,2023-06-01 00:00:00,34.5,CUST-1055,United States,69.0
INV-100678,SKU-106,USB-C Multiport Adapter,Accessories,1,2023-11-27 00:00:00,34.5,CUST-1419,France,34.5
INV-100679,SKU-107,Organic Cotton Throw Blanket,Home,1,2024-06-21 00:00:00,45.0,CUST-1298,United States,45.0
INV-100680,SKU-109,Laptop Stand Aluminum,Accessories,1,2024-01-18 00:00:00,39.99,CUST-1491,Australia,39.99
INV-100681,SKU-107,Organic Cotton Throw Blanket,Home,1,2023-04-25 00:00:00,45.0,CUST-1198,United States,45.0
INV-100682,SKU-101,Wireless Noise-Canceling Headphones,Audio,1,2024-04-26 00:00:00,149.99,CUST-1364,United Kingdom,149.99
INV-100683,SKU-108,Portable Espresso Maker,Kitchen,2,2023-10-11 00:00:00,79.99,CUST-1478,United States,159.98
INV-100684,SKU-105,Smart Fitness Tracker Band,Wearables,1,2023-03-16 00:00:00,59.99,CUST-1055,United States,59.99
INV-100685,SKU-109,Laptop Stand Aluminum,Accessories,1,2023-06-15 00:00:00,39.99,CUST-1478,United States,39.99
INV-100686,SKU-110,LED Desk Lamp with Wireless Charging,Lighting,1,2023-07-08 00:00:00,49.99,CUST-1390,United States,49.99
INV-100687,SKU-105,Smart Fitness Tracker Band,Wearables,1,2023-03-19 00:00:00,59.99,CUST-1043,United States,59.99
INV-100688,SKU-105,Smart Fitness Tracker Band,Wearables,1,2023-01-21 00:00:00,59.99,CUST-1178,United States,59.99
INV-100689,SKU-102,Ergonomic Office Chair,Furniture,2,2023-07-03 00:00:00,229.0,,United Kingdom,458.0
INV-100690,SKU-103,Mechanical Gaming Keyboard,Peripherals,2,2023-08-10 00:00:00,89.5,CUST-1041,Canada,179.0
INV-100691,SKU-110,LED Desk Lamp with Wireless Charging,Lighting,1,2023-11-24 00:00:00,49.99,CUST-1321,United Kingdom,49.99
INV-100692,SKU-109,Laptop Stand Aluminum,Accessories,5,2023-06-28 00:00:00,39.99,CUST-1199,Australia,199.95
INV-100693,SKU-107,Organic Cotton Throw Blanket,Home,1,2023-04-22 00:00:00,45.0,CUST-1358,Germany,45.0
INV-100694,SKU-101,Wireless Noise-Canceling Headphones,Audio,4,2023-02-28 00:00:00,149.99,CUST-1033,Germany,599.96
INV-100695,SKU-103,Mechanical Gaming Keyboard,Peripherals,2,2023-11-23 00:00:00,89.5,CUST-1469,Germany,179.0
INV-100696,SKU-102,Ergonomic Office Chair,Furniture,2,2023-07-10 00:00:00,229.0,CUST-1498,United States,458.0
INV-100697,SKU-101,Wireless Noise-Canceling Headphones,Audio,1,2023-07-19 00:00:00,149.99,CUST-1498,Germany,149.99
INV-100698,SKU-109,Laptop Stand Aluminum,Accessories,1,2023-11-08 00:00:00,39.99,CUST-1412,United States,39.99
INV-100699,SKU-108,Portable Espresso Maker,Kitchen,1,2023-02-04 00:00:00,79.99,CUST-1069,Australia,79.99
INV-100700,SKU-105,Smart Fitness Tracker Band,Wearables,2,2024-01-14 00:00:00,59.99,CUST-1416,Canada,119.98
INV-100701,SKU-102,Ergonomic Office Chair,Furniture,1,2024-01-22 00:00:00,229.0,CUST-1011,United States,229.0
INV-100702,SKU-101,Wireless Noise-Canceling Headphones,Audio,2,2023-08-25 00:00:00,149.99,CUST-1011,Canada,299.98
INV-100703,SKU-107,Organic Cotton Throw Blanket,Home,1,2024-06-02 00:00:00,45.0,CUST-1189,United States,45.0
INV-100704,SKU-102,Ergonomic Office Chair,Furniture,3,2023-10-10 00:00:00,229.0,CUST-1261,United States,687.0
INV-100705,SKU-101,Wireless Noise-Canceling Headphones,Audio,1,2023-01-01 00:00:00,149.99,CUST-1427,United States,149.99
INV-100706,SKU-102,Ergonomic Office Chair,Furniture,1,2024-04-08 00:00:00,229.0,CUST-1390,Canada,229.0
INV-100707,SKU-107,Organic Cotton Throw Blanket,Home,1,2023-08-18 00:00:00,45.0,CUST-1248,Canada,45.0
INV-100708,SKU-107,Organic Cotton Throw Blanket,Home,1,2023-06-21 00:00:00,45.0,CUST-1154,Canada,45.0
INV-100709,SKU-110,LED Desk Lamp with Wireless Charging,Lighting,1,2023-03-28 00:00:00,49.99,CUST-1499,United States,49.99
INV-100710,SKU-106,USB-C Multiport Adapter,Accessories,2,2023-05-03 00:00:00,34.5,CUST-1247,United Kingdom,69.0
INV-100711,SKU-105,Smart Fitness Tracker Band,Wearables,1,2023-10-25 00:00:00,59.99,CUST-1252,Germany,59.99
INV-100712,SKU-103,Mechanical Gaming Keyboard,Peripherals,1,2024-04-28 00:00:00,89.5,CUST-1092,United States,89.5
INV-100713,SKU-103,Mechanical Gaming Keyboard,Peripherals,3,2023-06-14 00:00:00,89.5,CUST-1441,Germany,268.5
INV-100714,SKU-109,Laptop Stand Aluminum,Accessories,1,2024-01-18 00:00:00,39.99,CUST-1390,United States,39.99
INV-100715,SKU-104,Stainless Steel Water Bottle,Lifestyle,5,2023-07-28 00:00:00,24.99,CUST-1134,United States,124.95
INV-100716,SKU-109,Laptop Stand Aluminum,Accessories,10,2024-03-07 00:00:00,39.99,CUST-1050,United Kingdom,399.9
INV-100717,SKU-104,Stainless Steel Water Bottle,Lifestyle,1,2024-01-24 00:00:00,24.99,CUST-1390,Germany,24.99
INV-100718,SKU-102,Ergonomic Office Chair,Furniture,1,2023-08-12 00:00:00,229.0,CUST-1373,United States,229.0
INV-100719,SKU-104,Stainless Steel Water Bottle,Lifestyle,1,2023-01-03 00:00:00,24.99,CUST-1154,United States,24.99
INV-100720,SKU-106,USB-C Multiport Adapter,Accessories,2,2024-01-07 00:00:00,34.5,CUST-1488,United States,69.0
INV-100721,SKU-106,USB-C Multiport Adapter,Accessories,1,2024-03-21 00:00:00,34.5,CUST-1080,United States,34.5
INV-100722,SKU-105,Smart Fitness Tracker Band,Wearables,2,2023-04-26 00:00:00,59.99,CUST-1247,United States,119.98
INV-100723,SKU-101,Wireless Noise-Canceling Headphones,Audio,2,2023-09-27 00:00:00,149.99,CUST-1483,United States,299.98
INV-100724,SKU-103,Mechanical Gaming Keyboard,Peripherals,1,2024-03-22 00:00:00,89.5,CUST-1245,Germany,89.5
INV-100725,SKU-105,Smart Fitness Tracker Band,Wearables,3,2024-01-03 00:00:00,59.99,CUST-1366,United States,179.97
INV-100726,SKU-106,USB-C Multiport Adapter,Accessories,2,2023-09-10 00:00:00,34.5,CUST-1238,Canada,69.0
INV-100727,SKU-101,Wireless Noise-Canceling Headphones,Audio,1,2023-11-13 00:00:00,149.99,CUST-1154,Germany,149.99
INV-100728,SKU-109,Laptop Stand Aluminum,Accessories,4,2024-02-19 00:00:00,39.99,CUST-1499,United States,159.96
INV-100729,SKU-103,Mechanical Gaming Keyboard,Peripherals,2,2023-04-05 00:00:00,89.5,CUST-1241,United States,179.0
INV-100730,SKU-110,LED Desk Lamp with Wireless Charging,Lighting,1,2023-01-24 00:00:00,49.99,CUST-1475,Australia,49.99
INV-100731,SKU-103,Mechanical Gaming Keyboard,Peripherals,1,2023-02-19 00:00:00,89.5,CUST-1139,United States,89.5
INV-100732,SKU-102,Ergonomic Office Chair,Furniture,1,2024-05-16 00:00:00,229.0,CUST-1126,United States,229.0
INV-100733,SKU-108,Portable Espresso Maker,Kitchen,1,2024-05-12 00:00:00,79.99,CUST-1012,United States,79.99
INV-100734,SKU-103,Mechanical Gaming Keyboard,Peripherals,5,2023-12-01 00:00:00,89.5,CUST-1367,United Kingdom,447.5
INV-100735,SKU-106,USB-C Multiport Adapter,Accessories,1,2023-03-20 00:00:00,34.5,CUST-1220,United Kingdom,34.5
INV-100736,SKU-102,Ergonomic Office Chair,Furniture,2,2023-01-27 00:00:00,229.0,CUST-1467,India,458.0
INV-100737,SKU-107,Organic Cotton Throw Blanket,Home,1,2023-09-28 00:00:00,45.0,CUST-1261,Australia,45.0
INV-100738,SKU-104,Stainless Steel Water Bottle,Lifestyle,1,2023-09-04 00:00:00,24.99,CUST-1498,United States,24.99
INV-100739,SKU-109,Laptop Stand Aluminum,Accessories,4,2024-01-22 00:00:00,39.99,CUST-1112,United States,159.96
INV-100740,SKU-110,LED Desk Lamp with Wireless Charging,Lighting,3,2023-12-27 00:00:00,49.99,CUST-1469,United States,149.97
INV-100741,SKU-109,Laptop Stand Aluminum,Accessories,1,2024-05-02 00:00:00,39.99,CUST-1432,United States,39.99
INV-100742,SKU-107,Organic Cotton Throw Blanket,Home,1,2023-12-18 00:00:00,45.0,CUST-1427,United States,45.0
INV-100743,SKU-108,Portable Espresso Maker,Kitchen,1,2023-09-13 00:00:00,79.99,CUST-1453,United States,79.99
INV-100744,SKU-103,Mechanical Gaming Keyboard,Peripherals,1,2023-08-10 00:00:00,89.5,,United States,89.5
INV-100745,SKU-105,Smart Fitness Tracker Band,Wearables,1,2023-01-01 00:00:00,59.99,CUST-1358,United States,59.99
INV-100746,SKU-102,Ergonomic Office Chair,Furniture,1,2024-06-29 00:00:00,229.0,CUST-1069,United States,229.0
INV-100747,SKU-110,LED Desk Lamp with Wireless Charging,Lighting,8,2024-03-21 00:00:00,49.99,CUST-1013,France,399.92
INV-100748,SKU-107,Organic Cotton Throw Blanket,Home,1,2023-03-20 00:00:00,45.0,CUST-1475,United Kingdom,45.0
INV-100749,SKU-108,Portable Espresso Maker,Kitchen,4,2023-08-24 00:00:00,79.99,CUST-1352,India,319.96
INV-100750,SKU-109,Laptop Stand Aluminum,Accessories,2,2023-11-30 00:00:00,39.99,CUST-1441,United States,79.98
INV-100751,SKU-107,Organic Cotton Throw Blanket,Home,1,2023-12-15 00:00:00,45.0,CUST-1261,United Kingdom,45.0
INV-100752,SKU-110,LED Desk Lamp with Wireless Charging,Lighting,3,2023-04-08 00:00:00,49.99,CUST-1069,United States,149.97
INV-100753,SKU-110,LED Desk Lamp with Wireless Charging,Lighting,1,2023-03-23 00:00:00,49.99,,United States,49.99
INV-100754,SKU-108,Portable Espresso Maker,Kitchen,3,2024-05-16 00:00:00,79.99,CUST-1390,United States,239.97
INV-100755,SKU-109,Laptop Stand Aluminum,Accessories,1,2024-04-21 00:00:00,39.99,CUST-1247,France,39.99
INV-100756,SKU-106,USB-C Multiport Adapter,Accessories,1,2023-01-14 00:00:00,34.5,CUST-1118,India,34.5
INV-100757,SKU-110,LED Desk Lamp with Wireless Charging,Lighting,3,2024-01-27 00:00:00,49.99,CUST-1261,United States,149.97
INV-100758,SKU-102,Ergonomic Office Chair,Furniture,1,2023-12-13 00:00:00,229.0,CUST-1036,United States,229.0
INV-100759,SKU-102,Ergonomic Office Chair,Furniture,4,2023-11-06 00:00:00,229.0,CUST-1321,United States,916.0
INV-100760,SKU-104,Stainless Steel Water Bottle,Lifestyle,5,2024-01-21 00:00:00,24.99,CUST-1154,United States,124.95
INV-100761,SKU-109,Laptop Stand Aluminum,Accessories,1,2023-07-28 00:00:00,39.99,CUST-1441,United States,39.99
INV-100762,SKU-107,Organic Cotton Throw Blanket,Home,1,2023-12-23 00:00:00,45.0,CUST-1182,United States,45.0
INV-100763,SKU-102,Ergonomic Office Chair,Furniture,1,2023-04-04 00:00:00,229.0,CUST-1255,United Kingdom,229.0
INV-100764,SKU-108,Portable Espresso Maker,Kitchen,2,2023-04-03 00:00:00,79.99,CUST-1006,United States,159.98
INV-100765,SKU-107,Organic Cotton Throw Blanket,Home,2,2023-12-06 00:00:00,45.0,CUST-1044,United States,90.0
INV-100766,SKU-109,Laptop Stand Aluminum,Accessories,1,2024-03-20 00:00:00,39.99,CUST-1231,United States,39.99
INV-100767,SKU-108,Portable Espresso Maker,Kitchen,1,2023-01-22 00:00:00,79.99,CUST-1261,United States,79.99
INV-100768,SKU-103,Mechanical Gaming Keyboard,Peripherals,2,2023-10-18 00:00:00,89.5,CUST-1336,India,179.0
INV-100769,SKU-101,Wireless Noise-Canceling Headphones,Audio,1,2024-04-29 00:00:00,149.99,CUST-1165,United States,149.99
INV-100770,SKU-102,Ergonomic Office Chair,Furniture,3,2023-11-02 00:00:00,229.0,CUST-1390,Australia,687.0
INV-100771,SKU-102,Ergonomic Office Chair,Furniture,2,2023-05-08 00:00:00,229.0,CUST-1464,Canada,458.0
INV-100772,SKU-104,Stainless Steel Water Bottle,Lifestyle,5,2023-09-30 00:00:00,24.99,CUST-1437,France,124.95
INV-100773,SKU-106,USB-C Multiport Adapter,Accessories,1,2024-03-17 00:00:00,34.5,CUST-1025,Canada,34.5
INV-100774,SKU-104,Stainless Steel Water Bottle,Lifestyle,1,2024-05-17 00:00:00,24.99,CUST-1261,Germany,24.99
INV-100775,SKU-109,Laptop Stand Aluminum,Accessories,1,2023-05-10 00:00:00,39.99,CUST-1055,Australia,39.99
INV-100776,SKU-104,Stainless Steel Water Bottle,Lifestyle,1,2023-05-12 00:00:00,24.99,CUST-1140,United States,24.99
INV-100777,SKU-106,USB-C Multiport Adapter,Accessories,8,2024-04-26 00:00:00,34.5,CUST-1499,United Kingdom,276.0
INV-100778,SKU-106,USB-C Multiport Adapter,Accessories,1,2024-01-25 00:00:00,34.5,CUST-1074,India,34.5
INV-100779,SKU-110,LED Desk Lamp with Wireless Charging,Lighting,2,2023-11-21 00:00:00,49.99,CUST-1266,Canada,99.98
INV-100780,SKU-110,LED Desk Lamp with Wireless Charging,Lighting,1,2023-03-10 00:00:00,49.99,CUST-1355,France,49.99
INV-100781,SKU-101,Wireless Noise-Canceling Headphones,Audio,1,2024-03-23 00:00:00,149.99,CUST-1390,Canada,149.99
INV-100782,SKU-108,Portable Espresso Maker,Kitchen,1,2024-06-11 00:00:00,79.99,CUST-1305,Australia,79.99
INV-100783,SKU-103,Mechanical Gaming Keyboard,Peripherals,2,2023-06-14 00:00:00,89.5,CUST-1002,Germany,179.0
INV-100784,SKU-106,USB-C Multiport Adapter,Accessories,1,2024-05-02 00:00:00,34.5,CUST-1191,Canada,34.5
INV-100785,SKU-103,Mechanical Gaming Keyboard,Peripherals,1,2024-03-01 00:00:00,89.5,CUST-1276,United Kingdom,89.5
INV-100786,SKU-102,Ergonomic Office Chair,Furniture,4,2023-09-22 00:00:00,229.0,CUST-1051,France,916.0
INV-100787,SKU-105,Smart Fitness Tracker Band,Wearables,1,2023-12-08 00:00:00,59.99,CUST-1203,Canada,59.99
INV-100788,SKU-101,Wireless Noise-Canceling Headphones,Audio,1,2023-10-05 00:00:00,149.99,CUST-1016,Canada,149.99
INV-100789,SKU-109,Laptop Stand Aluminum,Accessories,1,2024-03-14 00:00:00,39.99,CUST-1050,Germany,39.99
INV-100790,SKU-107,Organic Cotton Throw Blanket,Home,1,2023-06-06 00:00:00,45.0,CUST-1236,United States,45.0
INV-100791,SKU-103,Mechanical Gaming Keyboard,Peripherals,5,2024-02-26 00:00:00,89.5,CUST-1069,United States,447.5
INV-100792,SKU-104,Stainless Steel Water Bottle,Lifestyle,1,2023-09-08 00:00:00,24.99,CUST-1313,France,24.99
INV-100793,SKU-106,USB-C Multiport Adapter,Accessories,1,2024-06-13 00:00:00,34.5,CUST-1390,United Kingdom,34.5
INV-100794,SKU-103,Mechanical Gaming Keyboard,Peripherals,1,2023-11-23 00:00:00,89.5,CUST-1441,United States,89.5
INV-100795,SKU-107,Organic Cotton Throw Blanket,Home,2,2023-04-07 00:00:00,45.0,CUST-1118,United States,90.0
INV-100796,SKU-106,USB-C Multiport Adapter,Accessories,1,2024-05-27 00:00:00,34.5,CUST-1094,Canada,34.5
INV-100797,SKU-109,Laptop Stand Aluminum,Accessories,2,2023-08-04 00:00:00,39.99,CUST-1055,Canada,79.98
INV-100798,SKU-105,Smart Fitness Tracker Band,Wearables,1,2023-05-12 00:00:00,59.99,CUST-1364,Canada,59.99
INV-100799,SKU-104,Stainless Steel Water Bottle,Lifestyle,1,2023-09-17 00:00:00,24.99,CUST-1394,Germany,24.99
INV-100800,SKU-103,Mechanical Gaming Keyboard,Peripherals,3,2023-05-05 00:00:00,89.5,CUST-1012,United States,268.5
INV-100801,SKU-110,LED Desk Lamp with Wireless Charging,Lighting,1,2023-03-23 00:00:00,49.99,CUST-1478,United States,49.99
INV-100802,SKU-101,Wireless Noise-Canceling Headphones,Audio,3,2023-10-10 00:00:00,149.99,CUST-1034,United States,449.97
INV-100803,SKU-103,Mechanical Gaming Keyboard,Peripherals,1,2023-02-28 00:00:00,89.5,CUST-1298,Canada,89.5
INV-100804,SKU-103,Mechanical Gaming Keyboard,Peripherals,3,2024-06-27 00:00:00,89.5,CUST-1395,United States,268.5
INV-100805,SKU-107,Organic Cotton Throw Blanket,Home,1,2023-06-10 00:00:00,45.0,CUST-1469,Germany,45.0
INV-100806,SKU-107,Organic Cotton Throw Blanket,Home,2,2023-10-11 00:00:00,45.0,CUST-1396,United Kingdom,90.0
INV-100807,SKU-101,Wireless Noise-Canceling Headphones,Audio,1,2023-04-16 00:00:00,149.99,CUST-1441,United Kingdom,149.99
INV-100808,SKU-103,Mechanical Gaming Keyboard,Peripherals,1,2023-04-15 00:00:00,89.5,CUST-1197,France,89.5
INV-100809,SKU-108,Portable Espresso Maker,Kitchen,1,2024-03-14 00:00:00,79.99,CUST-1445,United States,79.99
INV-100810,SKU-109,Laptop Stand Aluminum,Accessories,1,2023-08-16 00:00:00,39.99,CUST-1050,Canada,39.99
INV-100811,SKU-107,Organic Cotton Throw Blanket,Home,1,2023-11-14 00:00:00,45.0,CUST-1475,United States,45.0
INV-100812,SKU-107,Organic Cotton Throw Blanket,Home,1,2024-04-08 00:00:00,45.0,CUST-1305,United States,45.0
INV-100813,SKU-108,Portable Espresso Maker,Kitchen,1,2024-04-16 00:00:00,79.99,CUST-1446,United States,79.99
INV-100814,SKU-106,USB-C Multiport Adapter,Accessories,2,2023-02-25 00:00:00,34.5,CUST-1252,United States,69.0
INV-100815,SKU-103,Mechanical Gaming Keyboard,Peripherals,2,2023-01-13 00:00:00,89.5,CUST-1366,Canada,179.0
INV-100816,SKU-101,Wireless Noise-Canceling Headphones,Audio,2,2024-03-15 00:00:00,149.99,CUST-1280,United Kingdom,299.98
INV-100817,SKU-107,Organic Cotton Throw Blanket,Home,1,2023-01-18 00:00:00,45.0,CUST-1405,United States,45.0
INV-100818,SKU-101,Wireless Noise-Canceling Headphones,Audio,1,2023-04-23 00:00:00,149.99,CUST-1050,United States,149.99
INV-100819,SKU-101,Wireless Noise-Canceling Headphones,Audio,1,2023-08-17 00:00:00,149.99,CUST-1034,United Kingdom,149.99
INV-100820,SKU-109,Laptop Stand Aluminum,Accessories,3,2023-06-20 00:00:00,39.99,CUST-1140,Canada,119.97
INV-100821,SKU-110,LED Desk Lamp with Wireless Charging,Lighting,1,2023-10-22 00:00:00,49.99,CUST-1088,United States,49.99
INV-100822,SKU-107,Organic Cotton Throw Blanket,Home,1,2023-07-08 00:00:00,45.0,CUST-1469,United Kingdom,45.0
INV-100823,SKU-104,Stainless Steel Water Bottle,Lifestyle,2,2024-03-01 00:00:00,24.99,CUST-1134,Canada,49.98
INV-100824,SKU-106,USB-C Multiport Adapter,Accessories,1,2023-03-20 00:00:00,34.5,CUST-1498,United Kingdom,34.5
INV-100825,SKU-101,Wireless Noise-Canceling Headphones,Audio,4,2023-07-01 00:00:00,149.99,CUST-1197,United States,599.96
INV-100826,SKU-107,Organic Cotton Throw Blanket,Home,3,2024-05-13 00:00:00,45.0,CUST-1112,United Kingdom,135.0
INV-100827,SKU-106,USB-C Multiport Adapter,Accessories,1,2023-03-12 00:00:00,34.5,CUST-1441,United Kingdom,34.5
INV-100828,SKU-104,Stainless Steel Water Bottle,Lifestyle,1,2023-09-05 00:00:00,24.99,CUST-1378,Germany,24.99
INV-100829,SKU-107,Organic Cotton Throw Blanket,Home,1,2023-05-26 00:00:00,45.0,CUST-1265,United Kingdom,45.0
INV-100830,SKU-103,Mechanical Gaming Keyboard,Peripherals,2,2023-10-23 00:00:00,89.5,CUST-1305,France,179.0
INV-100831,SKU-101,Wireless Noise-Canceling Headphones,Audio,1,2024-04-14 00:00:00,149.99,CUST-1399,United States,149.99
INV-100832,SKU-104,Stainless Steel Water Bottle,Lifestyle,2,2024-05-20 00:00:00,24.99,CUST-1137,France,49.98
INV-100833,SKU-103,Mechanical Gaming Keyboard,Peripherals,1,2023-07-12 00:00:00,89.5,CUST-1499,United Kingdom,89.5
INV-100834,SKU-101,Wireless Noise-Canceling Headphones,Audio,1,2023-03-09 00:00:00,149.99,CUST-1498,Germany,149.99
INV-100835,SKU-102,Ergonomic Office Chair,Furniture,1,2024-05-08 00:00:00,229.0,CUST-1367,United States,229.0
INV-100836,SKU-105,Smart Fitness Tracker Band,Wearables,2,2023-02-21 00:00:00,59.99,CUST-1118,United States,119.98
INV-100837,SKU-108,Portable Espresso Maker,Kitchen,1,2023-12-29 00:00:00,79.99,CUST-1390,Canada,79.99
INV-100838,SKU-101,Wireless Noise-Canceling Headphones,Audio,3,2024-04-18 00:00:00,149.99,CUST-1043,Germany,449.97
INV-100839,SKU-104,Stainless Steel Water Bottle,Lifestyle,1,2024-06-04 00:00:00,24.99,CUST-1012,United States,24.99
INV-100840,SKU-104,Stainless Steel Water Bottle,Lifestyle,1,2024-03-06 00:00:00,24.99,CUST-1150,United Kingdom,24.99
INV-100841,SKU-105,Smart Fitness Tracker Band,Wearables,3,2023-10-25 00:00:00,59.99,CUST-1257,United States,179.97
INV-100842,SKU-107,Organic Cotton Throw Blanket,Home,3,2024-03-10 00:00:00,45.0,CUST-1469,India,135.0
INV-100843,SKU-108,Portable Espresso Maker,Kitchen,1,2023-07-17 00:00:00,79.99,CUST-1403,Australia,79.99
INV-100844,SKU-106,USB-C Multiport Adapter,Accessories,1,2023-05-08 00:00:00,34.5,CUST-1411,United States,34.5
INV-100845,SKU-101,Wireless Noise-Canceling Headphones,Audio,2,2024-06-15 00:00:00,149.99,CUST-1245,Australia,299.98
INV-100846,SKU-107,Organic Cotton Throw Blanket,Home,1,2024-02-15 00:00:00,45.0,CUST-1199,Australia,45.0
INV-100847,SKU-103,Mechanical Gaming Keyboard,Peripherals,1,2023-03-06 00:00:00,89.5,CUST-1224,United States,89.5
INV-100848,SKU-106,USB-C Multiport Adapter,Accessories,4,2023-08-29 00:00:00,34.5,CUST-1499,Germany,138.0
INV-100849,SKU-108,Portable Espresso Maker,Kitchen,1,2024-01-04 00:00:00,79.99,CUST-1027,United States,79.99
INV-100850,SKU-107,Organic Cotton Throw Blanket,Home,1,2024-06-19 00:00:00,45.0,CUST-1469,Germany,45.0
INV-100851,SKU-110,LED Desk Lamp with Wireless Charging,Lighting,1,2024-01-19 00:00:00,49.99,CUST-1316,United States,49.99
INV-100852,SKU-106,USB-C Multiport Adapter,Accessories,2,2024-03-06 00:00:00,34.5,CUST-1248,United States,69.0
INV-100853,SKU-109,Laptop Stand Aluminum,Accessories,2,2023-03-24 00:00:00,39.99,CUST-1401,United States,79.98
INV-100854,SKU-109,Laptop Stand Aluminum,Accessories,1,2023-10-13 00:00:00,39.99,CUST-1261,United States,39.99
INV-100855,SKU-101,Wireless Noise-Canceling Headphones,Audio,1,2024-06-17 00:00:00,149.99,CUST-1469,Canada,149.99
INV-100856,SKU-101,Wireless Noise-Canceling Headphones,Audio,1,2024-04-03 00:00:00,149.99,CUST-1475,United States,149.99
INV-100857,SKU-101,Wireless Noise-Canceling Headphones,Audio,2,2023-07-31 00:00:00,149.99,CUST-1245,United States,299.98
INV-100858,SKU-108,Portable Espresso Maker,Kitchen,1,2023-05-06 00:00:00,79.99,CUST-1154,Australia,79.99
INV-100859,SKU-110,LED Desk Lamp with Wireless Charging,Lighting,4,2024-02-17 00:00:00,49.99,CUST-1324,United Kingdom,199.96
INV-100860,SKU-107,Organic Cotton Throw Blanket,Home,1,2024-05-13 00:00:00,45.0,CUST-1475,United Kingdom,45.0
INV-100861,SKU-103,Mechanical Gaming Keyboard,Peripherals,10,2024-02-29 00:00:00,89.5,CUST-1125,France,895.0
INV-100862,SKU-102,Ergonomic Office Chair,Furniture,1,2024-06-26 00:00:00,229.0,CUST-1358,Australia,229.0
INV-100863,SKU-104,Stainless Steel Water Bottle,Lifestyle,2,2023-06-07 00:00:00,24.99,CUST-1364,United States,49.98
INV-100864,SKU-103,Mechanical Gaming Keyboard,Peripherals,1,2023-04-22 00:00:00,89.5,CUST-1405,United Kingdom,89.5
INV-100865,SKU-107,Organic Cotton Throw Blanket,Home,1,2024-02-06 00:00:00,45.0,CUST-1069,India,45.0
INV-100866,SKU-110,LED Desk Lamp with Wireless Charging,Lighting,3,2023-05-02 00:00:00,49.99,CUST-1396,United States,149.97
INV-100867,SKU-108,Portable Espresso Maker,Kitchen,3,2023-09-30 00:00:00,79.99,CUST-1475,United States,239.97
INV-100868,SKU-106,USB-C Multiport Adapter,Accessories,1,2023-10-21 00:00:00,34.5,CUST-1107,United States,34.5
INV-100869,SKU-103,Mechanical Gaming Keyboard,Peripherals,2,2024-02-02 00:00:00,89.5,CUST-1139,United States,179.0
INV-100870,SKU-106,USB-C Multiport Adapter,Accessories,1,2024-04-15 00:00:00,34.5,CUST-1498,Germany,34.5
INV-100871,SKU-102,Ergonomic Office Chair,Furniture,3,2023-07-26 00:00:00,229.0,CUST-1110,Canada,687.0
INV-100872,SKU-107,Organic Cotton Throw Blanket,Home,1,2023-04-20 00:00:00,45.0,CUST-1464,France,45.0
INV-100873,SKU-110,LED Desk Lamp with Wireless Charging,Lighting,1,2024-03-15 00:00:00,49.99,,Canada,49.99
INV-100874,SKU-107,Organic Cotton Throw Blanket,Home,1,2023-10-05 00:00:00,45.0,CUST-1140,United States,45.0
INV-100875,SKU-104,Stainless Steel Water Bottle,Lifestyle,1,2024-04-26 00:00:00,24.99,CUST-1469,United States,24.99
INV-100876,SKU-108,Portable Espresso Maker,Kitchen,4,2023-04-24 00:00:00,79.99,CUST-1248,India,319.96
INV-100877,SKU-104,Stainless Steel Water Bottle,Lifestyle,1,2024-04-21 00:00:00,24.99,CUST-1273,United States,24.99
INV-100878,SKU-107,Organic Cotton Throw Blanket,Home,1,2023-11-17 00:00:00,45.0,CUST-1212,United States,45.0
INV-100879,SKU-104,Stainless Steel Water Bottle,Lifestyle,1,2023-06-28 00:00:00,24.99,CUST-1325,Australia,24.99
INV-100880,SKU-105,Smart Fitness Tracker Band,Wearables,2,2023-08-07 00:00:00,59.99,CUST-1092,United Kingdom,119.98
INV-100881,SKU-107,Organic Cotton Throw Blanket,Home,1,2024-06-11 00:00:00,45.0,CUST-1230,United States,45.0
INV-100882,SKU-110,LED Desk Lamp with Wireless Charging,Lighting,1,2024-05-06 00:00:00,49.99,CUST-1498,Australia,49.99
INV-100883,SKU-103,Mechanical Gaming Keyboard,Peripherals,5,2023-03-02 00:00:00,89.5,CUST-1150,India,447.5
INV-100884,SKU-110,LED Desk Lamp with Wireless Charging,Lighting,1,2023-02-23 00:00:00,49.99,CUST-1376,United States,49.99
INV-100885,SKU-105,Smart Fitness Tracker Band,Wearables,2,2024-06-21 00:00:00,59.99,CUST-1191,Australia,119.98
INV-100886,SKU-103,Mechanical Gaming Keyboard,Peripherals,2,2023-03-06 00:00:00,89.5,CUST-1428,United States,179.0
INV-100887,SKU-105,Smart Fitness Tracker Band,Wearables,1,2023-06-20 00:00:00,59.99,CUST-1069,United Kingdom,59.99
INV-100888,SKU-103,Mechanical Gaming Keyboard,Peripherals,5,2023-09-30 00:00:00,89.5,CUST-1498,Australia,447.5
INV-100889,SKU-110,LED Desk Lamp with Wireless Charging,Lighting,2,2024-06-18 00:00:00,49.99,CUST-1252,India,99.98
INV-100890,SKU-107,Organic Cotton Throw Blanket,Home,1,2024-01-26 00:00:00,45.0,CUST-1139,United States,45.0
INV-100891,SKU-101,Wireless Noise-Canceling Headphones,Audio,1,2023-11-23 00:00:00,149.99,CUST-1045,United States,149.99
INV-100892,SKU-109,Laptop Stand Aluminum,Accessories,2,2023-04-18 00:00:00,39.99,CUST-1096,United States,79.98
INV-100893,SKU-109,Laptop Stand Aluminum,Accessories,1,2023-06-11 00:00:00,39.99,CUST-1277,United Kingdom,39.99
INV-100894,SKU-105,Smart Fitness Tracker Band,Wearables,3,2024-03-27 00:00:00,59.99,CUST-1197,United States,179.97
INV-100895,SKU-109,Laptop Stand Aluminum,Accessories,1,2023-07-25 00:00:00,39.99,CUST-1446,United States,39.99
INV-100896,SKU-110,LED Desk Lamp with Wireless Charging,Lighting,1,2023-01-16 00:00:00,49.99,CUST-1247,United States,49.99
INV-100897,SKU-106,USB-C Multiport Adapter,Accessories,1,2023-11-23 00:00:00,34.5,CUST-1140,United States,34.5
INV-100898,SKU-105,Smart Fitness Tracker Band,Wearables,1,2023-01-02 00:00:00,59.99,CUST-1352,United States,59.99
INV-100899,SKU-103,Mechanical Gaming Keyboard,Peripherals,1,2023-01-10 00:00:00,89.5,CUST-1394,Canada,89.5
INV-100900,SKU-108,Portable Espresso Maker,Kitchen,3,2024-03-09 00:00:00,79.99,CUST-1094,United States,239.97
INV-100901,SKU-104,Stainless Steel Water Bottle,Lifestyle,2,2023-05-05 00:00:00,24.99,CUST-1094,United States,49.98
INV-100902,SKU-110,LED Desk Lamp with Wireless Charging,Lighting,2,2023-03-22 00:00:00,49.99,CUST-1023,Australia,99.98
INV-100903,SKU-103,Mechanical Gaming Keyboard,Peripherals,2,2024-04-29 00:00:00,89.5,CUST-1408,Germany,179.0
INV-100904,SKU-106,USB-C Multiport Adapter,Accessories,3,2023-05-30 00:00:00,34.5,CUST-1383,United States,103.5
INV-100905,SKU-108,Portable Espresso Maker,Kitchen,1,2023-12-06 00:00:00,79.99,CUST-1261,United States,79.99
INV-100906,SKU-109,Laptop Stand Aluminum,Accessories,3,2023-05-09 00:00:00,39.99,CUST-1453,Germany,119.97
INV-100907,SKU-106,USB-C Multiport Adapter,Accessories,1,2024-03-13 00:00:00,34.5,CUST-1444,United States,34.5
INV-100908,SKU-105,Smart Fitness Tracker Band,Wearables,4,2024-05-15 00:00:00,59.99,CUST-1324,Canada,239.96
INV-100909,SKU-102,Ergonomic Office Chair,Furniture,2,2023-02-27 00:00:00,229.0,CUST-1469,United States,458.0
INV-100910,SKU-102,Ergonomic Office Chair,Furniture,1,2023-07-17 00:00:00,229.0,CUST-1121,United States,229.0
INV-100911,SKU-109,Laptop Stand Aluminum,Accessories,1,2023-07-30 00:00:00,39.99,CUST-1062,United Kingdom,39.99
INV-100912,SKU-102,Ergonomic Office Chair,Furniture,1,2023-02-14 00:00:00,229.0,CUST-1154,Germany,229.0
INV-100913,SKU-102,Ergonomic Office Chair,Furniture,1,2023-04-07 00:00:00,229.0,CUST-1034,Australia,229.0
INV-100914,SKU-103,Mechanical Gaming Keyboard,Peripherals,1,2023-10-06 00:00:00,89.5,CUST-1286,United States,89.5
INV-100915,SKU-103,Mechanical Gaming Keyboard,Peripherals,1,2024-06-18 00:00:00,89.5,CUST-1478,United Kingdom,89.5
INV-100916,SKU-104,Stainless Steel Water Bottle,Lifestyle,1,2024-02-14 00:00:00,24.99,CUST-1025,United States,24.99
INV-100917,SKU-107,Organic Cotton Throw Blanket,Home,5,2024-04-05 00:00:00,45.0,CUST-1069,United Kingdom,225.0
INV-100918,SKU-109,Laptop Stand Aluminum,Accessories,2,2024-01-26 00:00:00,39.99,CUST-1252,Australia,79.98
INV-100919,SKU-102,Ergonomic Office Chair,Furniture,3,2023-02-13 00:00:00,229.0,CUST-1478,United States,687.0
INV-100920,SKU-104,Stainless Steel Water Bottle,Lifestyle,2,2023-01-27 00:00:00,24.99,CUST-1183,France,49.98
INV-100921,SKU-109,Laptop Stand Aluminum,Accessories,1,2023-04-07 00:00:00,39.99,CUST-1272,Germany,39.99
INV-100922,SKU-102,Ergonomic Office Chair,Furniture,1,2023-08-07 00:00:00,229.0,CUST-1028,France,229.0
INV-100923,SKU-110,LED Desk Lamp with Wireless Charging,Lighting,2,2023-07-04 00:00:00,49.99,CUST-1080,Canada,99.98
INV-100924,SKU-101,Wireless Noise-Canceling Headphones,Audio,8,2023-03-10 00:00:00,149.99,CUST-1499,United States,1199.92
INV-100925,SKU-110,LED Desk Lamp with Wireless Charging,Lighting,1,2023-05-10 00:00:00,49.99,CUST-1495,United States,49.99
INV-100926,SKU-108,Portable Espresso Maker,Kitchen,3,2023-11-30 00:00:00,79.99,CUST-1001,United States,239.97
INV-100927,SKU-109,Laptop Stand Aluminum,Accessories,4,2023-06-03 00:00:00,39.99,CUST-1488,United States,159.96
INV-100928,SKU-107,Organic Cotton Throw Blanket,Home,2,2023-03-20 00:00:00,45.0,CUST-1366,United Kingdom,90.0
INV-100929,SKU-108,Portable Espresso Maker,Kitchen,5,2024-02-17 00:00:00,79.99,CUST-1469,United Kingdom,399.95
INV-100930,SKU-104,Stainless Steel Water Bottle,Lifestyle,1,2024-06-29 00:00:00,24.99,CUST-1254,France,24.99
INV-100931,SKU-104,Stainless Steel Water Bottle,Lifestyle,5,2023-06-18 00:00:00,24.99,CUST-1273,United States,124.95
INV-100932,SKU-102,Ergonomic Office Chair,Furniture,2,2024-05-29 00:00:00,229.0,CUST-1261,Canada,458.0
INV-100933,SKU-108,Portable Espresso Maker,Kitchen,1,2023-11-10 00:00:00,79.99,CUST-1383,France,79.99
INV-100934,SKU-102,Ergonomic Office Chair,Furniture,4,2023-02-01 00:00:00,229.0,CUST-1071,Australia,916.0
INV-100935,SKU-109,Laptop Stand Aluminum,Accessories,1,2023-10-14 00:00:00,39.99,CUST-1012,United States,39.99
INV-100936,SKU-104,Stainless Steel Water Bottle,Lifestyle,1,2023-02-12 00:00:00,24.99,CUST-1182,United Kingdom,24.99
INV-100937,SKU-101,Wireless Noise-Canceling Headphones,Audio,1,2023-01-01 00:00:00,149.99,CUST-1393,United States,149.99
INV-100938,SKU-104,Stainless Steel Water Bottle,Lifestyle,1,2023-09-27 00:00:00,24.99,CUST-1119,United States,24.99
INV-100939,SKU-103,Mechanical Gaming Keyboard,Peripherals,1,2023-06-29 00:00:00,89.5,CUST-1388,United States,89.5
INV-100940,SKU-106,USB-C Multiport Adapter,Accessories,3,2024-06-01 00:00:00,34.5,CUST-1498,Canada,103.5
INV-100941,SKU-107,Organic Cotton Throw Blanket,Home,1,2023-04-13 00:00:00,45.0,CUST-1052,United Kingdom,45.0
INV-100942,SKU-108,Portable Espresso Maker,Kitchen,1,2023-01-10 00:00:00,79.99,CUST-1388,United Kingdom,79.99
INV-100943,SKU-102,Ergonomic Office Chair,Furniture,1,2023-03-31 00:00:00,229.0,CUST-1248,India,229.0
INV-100944,SKU-106,USB-C Multiport Adapter,Accessories,1,2023-08-14 00:00:00,34.5,CUST-1469,United States,34.5
INV-100945,SKU-106,USB-C Multiport Adapter,Accessories,2,2023-05-06 00:00:00,34.5,CUST-1104,United Kingdom,69.0
INV-100946,SKU-110,LED Desk Lamp with Wireless Charging,Lighting,2,2023-07-28 00:00:00,49.99,CUST-1390,Canada,99.98
INV-100947,SKU-105,Smart Fitness Tracker Band,Wearables,5,2023-04-07 00:00:00,59.99,CUST-1450,United States,299.95
INV-100948,SKU-110,LED Desk Lamp with Wireless Charging,Lighting,2,2023-03-15 00:00:00,49.99,CUST-1484,United Kingdom,99.98
INV-100949,SKU-110,LED Desk Lamp with Wireless Charging,Lighting,1,2023-07-10 00:00:00,49.99,CUST-1390,United States,49.99
INV-100950,SKU-107,Organic Cotton Throw Blanket,Home,4,2023-02-25 00:00:00,45.0,CUST-1265,Australia,180.0
INV-100951,SKU-103,Mechanical Gaming Keyboard,Peripherals,2,2023-02-01 00:00:00,89.5,CUST-1355,United States,179.0
INV-100952,SKU-104,Stainless Steel Water Bottle,Lifestyle,1,2024-06-10 00:00:00,24.99,CUST-1469,United States,24.99
INV-100953,SKU-110,LED Desk Lamp with Wireless Charging,Lighting,2,2023-10-11 00:00:00,49.99,CUST-1313,United Kingdom,99.98
INV-100954,SKU-109,Laptop Stand Aluminum,Accessories,4,2024-05-08 00:00:00,39.99,CUST-1012,United States,159.96
INV-100955,SKU-104,Stainless Steel Water Bottle,Lifestyle,2,2023-07-06 00:00:00,24.99,CUST-1478,United States,49.98
INV-100956,SKU-103,Mechanical Gaming Keyboard,Peripherals,1,2024-05-12 00:00:00,89.5,CUST-1390,United States,89.5
INV-100957,SKU-102,Ergonomic Office Chair,Furniture,2,2024-03-17 00:00:00,229.0,CUST-1389,United States,458.0
INV-100958,SKU-105,Smart Fitness Tracker Band,Wearables,1,2023-05-10 00:00:00,59.99,CUST-1127,United Kingdom,59.99
INV-100959,SKU-104,Stainless Steel Water Bottle,Lifestyle,1,2023-10-19 00:00:00,24.99,CUST-1378,United Kingdom,24.99
INV-100960,SKU-108,Portable Espresso Maker,Kitchen,1,2023-04-24 00:00:00,79.99,CUST-1232,United Kingdom,79.99
INV-100961,SKU-107,Organic Cotton Throw Blanket,Home,1,2023-07-18 00:00:00,45.0,CUST-1367,Germany,45.0
INV-100962,SKU-106,USB-C Multiport Adapter,Accessories,1,2023-01-13 00:00:00,34.5,CUST-1055,United States,34.5
INV-100963,SKU-102,Ergonomic Office Chair,Furniture,1,2023-09-28 00:00:00,229.0,CUST-1376,United States,229.0
INV-100964,SKU-103,Mechanical Gaming Keyboard,Peripherals,2,2023-08-03 00:00:00,89.5,CUST-1499,Canada,179.0
INV-100965,SKU-110,LED Desk Lamp with Wireless Charging,Lighting,3,2024-03-19 00:00:00,49.99,CUST-1033,Australia,149.97
INV-100966,SKU-109,Laptop Stand Aluminum,Accessories,10,2024-05-26 00:00:00,39.99,CUST-1498,United States,399.9
INV-100967,SKU-109,Laptop Stand Aluminum,Accessories,1,2024-03-22 00:00:00,39.99,CUST-1241,United States,39.99
INV-100968,SKU-105,Smart Fitness Tracker Band,Wearables,1,2023-03-15 00:00:00,59.99,CUST-1469,United Kingdom,59.99
INV-100969,SKU-103,Mechanical Gaming Keyboard,Peripherals,5,2024-06-20 00:00:00,89.5,CUST-1438,United Kingdom,447.5
INV-100970,SKU-102,Ergonomic Office Chair,Furniture,1,2023-04-11 00:00:00,229.0,CUST-1313,Germany,229.0
INV-100971,SKU-108,Portable Espresso Maker,Kitchen,2,2023-06-25 00:00:00,79.99,CUST-1408,United States,159.98
INV-100972,SKU-106,USB-C Multiport Adapter,Accessories,2,2024-03-02 00:00:00,34.5,CUST-1471,Germany,69.0
INV-100973,SKU-110,LED Desk Lamp with Wireless Charging,Lighting,1,2023-04-27 00:00:00,49.99,CUST-1240,United States,49.99
INV-100974,SKU-107,Organic Cotton Throw Blanket,Home,3,2023-06-15 00:00:00,45.0,CUST-1191,United Kingdom,135.0
INV-100975,SKU-101,Wireless Noise-Canceling Headphones,Audio,3,2023-02-10 00:00:00,149.99,CUST-1384,Canada,449.97
INV-100976,SKU-101,Wireless Noise-Canceling Headphones,Audio,1,2024-03-04 00:00:00,149.99,CUST-1445,United Kingdom,149.99
INV-100977,SKU-110,LED Desk Lamp with Wireless Charging,Lighting,1,2023-12-10 00:00:00,49.99,CUST-1420,United States,49.99
INV-100978,SKU-102,Ergonomic Office Chair,Furniture,1,2024-02-28 00:00:00,229.0,CUST-1441,India,229.0
INV-100979,SKU-110,LED Desk Lamp with Wireless Charging,Lighting,1,2024-01-01 00:00:00,49.99,CUST-1247,Australia,49.99
INV-100980,SKU-103,Mechanical Gaming Keyboard,Peripherals,1,2023-04-30 00:00:00,89.5,CUST-1446,Canada,89.5
INV-100981,SKU-101,Wireless Noise-Canceling Headphones,Audio,1,2023-08-17 00:00:00,149.99,CUST-1069,United States,149.99
INV-100982,SKU-105,Smart Fitness Tracker Band,Wearables,1,2023-05-10 00:00:00,59.99,CUST-1304,United States,59.99
INV-100983,SKU-103,Mechanical Gaming Keyboard,Peripherals,4,2023-12-18 00:00:00,89.5,CUST-1001,France,358.0
INV-100984,SKU-101,Wireless Noise-Canceling Headphones,Audio,1,2023-11-14 00:00:00,149.99,CUST-1191,United Kingdom,149.99
INV-100985,SKU-108,Portable Espresso Maker,Kitchen,1,2023-12-03 00:00:00,79.99,CUST-1219,Australia,79.99
INV-100986,SKU-106,USB-C Multiport Adapter,Accessories,1,2023-09-30 00:00:00,34.5,CUST-1235,United States,34.5
INV-100987,SKU-109,Laptop Stand Aluminum,Accessories,1,2023-04-27 00:00:00,39.99,CUST-1390,United States,39.99
INV-100988,SKU-103,Mechanical Gaming Keyboard,Peripherals,1,2024-01-03 00:00:00,89.5,CUST-1228,India,89.5
INV-100989,SKU-109,Laptop Stand Aluminum,Accessories,1,2023-04-04 00:00:00,39.99,CUST-1249,United Kingdom,39.99
INV-100990,SKU-109,Laptop Stand Aluminum,Accessories,1,2023-06-17 00:00:00,39.99,CUST-1139,United States,39.99
INV-100991,SKU-101,Wireless Noise-Canceling Headphones,Audio,3,2023-12-07 00:00:00,149.99,CUST-1226,United States,449.97
INV-100992,SKU-103,Mechanical Gaming Keyboard,Peripherals,10,2023-06-01 00:00:00,89.5,CUST-1137,United Kingdom,895.0
INV-100993,SKU-106,USB-C Multiport Adapter,Accessories,1,2023-10-01 00:00:00,34.5,CUST-1045,United States,34.5
INV-100994,SKU-108,Portable Espresso Maker,Kitchen,1,2024-05-10 00:00:00,79.99,CUST-1337,United Kingdom,79.99
INV-100995,SKU-104,Stainless Steel Water Bottle,Lifestyle,2,2023-04-11 00:00:00,24.99,CUST-1384,United States,49.98
INV-100996,SKU-105,Smart Fitness Tracker Band,Wearables,2,2023-03-23 00:00:00,59.99,CUST-1357,Canada,119.98
INV-100997,SKU-109,Laptop Stand Aluminum,Accessories,1,2024-06-12 00:00:00,39.99,CUST-1257,United States,39.99
INV-100998,SKU-106,USB-C Multiport Adapter,Accessories,4,2023-03-14 00:00:00,34.5,CUST-1226,India,138.0
INV-100999,SKU-107,Organic Cotton Throw Blanket,Home,1,2023-01-14 00:00:00,45.0,CUST-1467,United States,45.0
INV-101000,SKU-107,Organic Cotton Throw Blanket,Home,1,2024-03-08 00:00:00,45.0,CUST-1276,United Kingdom,45.0
INV-101001,SKU-104,Stainless Steel Water Bottle,Lifestyle,2,2023-06-06 00:00:00,24.99,CUST-1261,United States,49.98
INV-101002,SKU-104,Stainless Steel Water Bottle,Lifestyle,5,2023-05-12 00:00:00,24.99,CUST-1011,Germany,124.95
INV-101003,SKU-104,Stainless Steel Water Bottle,Lifestyle,2,2023-12-04 00:00:00,24.99,CUST-1198,India,49.98
INV-101004,SKU-105,Smart Fitness Tracker Band,Wearables,1,2024-02-08 00:00:00,59.99,CUST-1226,Canada,59.99
INV-101005,SKU-105,Smart Fitness Tracker Band,Wearables,1,2024-01-11 00:00:00,59.99,CUST-1240,United Kingdom,59.99
INV-101006,SKU-108,Portable Espresso Maker,Kitchen,1,2023-04-17 00:00:00,79.99,CUST-1320,United Kingdom,79.99
INV-101007,SKU-109,Laptop Stand Aluminum,Accessories,1,2023-09-22 00:00:00,39.99,CUST-1289,Canada,39.99
INV-101008,SKU-102,Ergonomic Office Chair,Furniture,2,2023-07-24 00:00:00,229.0,CUST-1345,France,458.0
INV-101009,SKU-107,Organic Cotton Throw Blanket,Home,3,2023-03-20 00:00:00,45.0,CUST-1421,India,135.0
INV-101010,SKU-101,Wireless Noise-Canceling Headphones,Audio,2,2023-06-04 00:00:00,149.99,CUST-1445,United States,299.98
INV-101011,SKU-101,Wireless Noise-Canceling Headphones,Audio,10,2023-09-04 00:00:00,149.99,CUST-1398,India,1499.9
INV-101012,SKU-104,Stainless Steel Water Bottle,Lifestyle,1,2024-06-14 00:00:00,24.99,CUST-1488,United States,24.99
INV-101013,SKU-110,LED Desk Lamp with Wireless Charging,Lighting,3,2024-06-21 00:00:00,49.99,CUST-1011,United States,149.97
INV-101014,SKU-107,Organic Cotton Throw Blanket,Home,2,2023-06-03 00:00:00,45.0,CUST-1116,United States,90.0
INV-101015,SKU-102,Ergonomic Office Chair,Furniture,1,2023-06-03 00:00:00,229.0,CUST-1001,United States,229.0
INV-101016,SKU-102,Ergonomic Office Chair,Furniture,2,2023-04-02 00:00:00,229.0,CUST-1366,Canada,458.0
INV-101017,SKU-101,Wireless Noise-Canceling Headphones,Audio,1,2024-03-08 00:00:00,149.99,CUST-1475,Australia,149.99
INV-101018,SKU-110,LED Desk Lamp with Wireless Charging,Lighting,2,2023-12-04 00:00:00,49.99,CUST-1140,Canada,99.98
INV-101019,SKU-102,Ergonomic Office Chair,Furniture,1,2024-04-24 00:00:00,229.0,CUST-1477,Germany,229.0
INV-101020,SKU-107,Organic Cotton Throw Blanket,Home,1,2023-05-11 00:00:00,45.0,CUST-1034,United Kingdom,45.0
INV-101021,SKU-109,Laptop Stand Aluminum,Accessories,2,2024-03-25 00:00:00,39.99,CUST-1478,Germany,79.98
INV-101022,SKU-106,USB-C Multiport Adapter,Accessories,2,2023-09-30 00:00:00,34.5,CUST-1203,United States,69.0
INV-101023,SKU-110,LED Desk Lamp with Wireless Charging,Lighting,1,2023-06-26 00:00:00,49.99,CUST-1054,Canada,49.99
INV-101024,SKU-102,Ergonomic Office Chair,Furniture,1,2023-02-18 00:00:00,229.0,CUST-1261,Germany,229.0
INV-101025,SKU-110,LED Desk Lamp with Wireless Charging,Lighting,1,2023-12-21 00:00:00,49.99,CUST-1150,Germany,49.99
INV-101026,SKU-110,LED Desk Lamp with Wireless Charging,Lighting,1,2023-11-04 00:00:00,49.99,CUST-1158,United Kingdom,49.99
INV-101027,SKU-109,Laptop Stand Aluminum,Accessories,3,2023-02-15 00:00:00,39.99,CUST-1179,Australia,119.97
INV-101028,SKU-107,Organic Cotton Throw Blanket,Home,4,2023-10-29 00:00:00,45.0,CUST-1441,United States,180.0
INV-101029,SKU-101,Wireless Noise-Canceling Headphones,Audio,1,2024-02-12 00:00:00,149.99,CUST-1296,United States,149.99
INV-101030,SKU-109,Laptop Stand Aluminum,Accessories,2,2023-07-08 00:00:00,39.99,CUST-1182,Canada,79.98
INV-101031,SKU-102,Ergonomic Office Chair,Furniture,1,2023-05-09 00:00:00,229.0,CUST-1348,United Kingdom,229.0
INV-101032,SKU-104,Stainless Steel Water Bottle,Lifestyle,2,2024-06-20 00:00:00,24.99,CUST-1396,Australia,49.98
INV-101033,SKU-109,Laptop Stand Aluminum,Accessories,1,2023-09-23 00:00:00,39.99,CUST-1154,United States,39.99
INV-101034,SKU-104,Stainless Steel Water Bottle,Lifestyle,1,2023-04-28 00:00:00,24.99,CUST-1241,United States,24.99
INV-101035,SKU-103,Mechanical Gaming Keyboard,Peripherals,2,2024-04-08 00:00:00,89.5,CUST-1069,Australia,179.0
INV-101036,SKU-101,Wireless Noise-Canceling Headphones,Audio,1,2023-05-24 00:00:00,149.99,CUST-1110,United Kingdom,149.99
INV-101037,SKU-107,Organic Cotton Throw Blanket,Home,2,2024-03-17 00:00:00,45.0,CUST-1390,United Kingdom,90.0
INV-101038,SKU-106,USB-C Multiport Adapter,Accessories,3,2023-07-19 00:00:00,34.5,CUST-1112,United States,103.5
INV-101039,SKU-110,LED Desk Lamp with Wireless Charging,Lighting,1,2023-06-06 00:00:00,49.99,CUST-1280,United States,49.99
INV-101040,SKU-104,Stainless Steel Water Bottle,Lifestyle,1,2024-05-01 00:00:00,24.99,CUST-1395,Germany,24.99
INV-101041,SKU-106,USB-C Multiport Adapter,Accessories,3,2023-05-14 00:00:00,34.5,CUST-1055,United States,103.5
INV-101042,SKU-106,USB-C Multiport Adapter,Accessories,2,2023-05-28 00:00:00,34.5,CUST-1313,Australia,69.0
INV-101043,SKU-104,Stainless Steel Water Bottle,Lifestyle,1,2023-12-02 00:00:00,24.99,CUST-1150,Canada,24.99
INV-101044,SKU-106,USB-C Multiport Adapter,Accessories,1,2023-03-12 00:00:00,34.5,CUST-1491,United States,34.5
INV-101045,SKU-110,LED Desk Lamp with Wireless Charging,Lighting,2,2023-08-21 00:00:00,49.99,CUST-1261,Germany,99.98
INV-101046,SKU-108,Portable Espresso Maker,Kitchen,1,2023-11-30 00:00:00,79.99,CUST-1444,United Kingdom,79.99
INV-101047,SKU-103,Mechanical Gaming Keyboard,Peripherals,1,2023-03-31 00:00:00,89.5,CUST-1305,United States,89.5
INV-101048,SKU-104,Stainless Steel Water Bottle,Lifestyle,1,2023-11-30 00:00:00,24.99,CUST-1033,United States,24.99
INV-101049,SKU-110,LED Desk Lamp with Wireless Charging,Lighting,4,2023-07-18 00:00:00,49.99,CUST-1364,United States,199.96
INV-101050,SKU-101,Wireless Noise-Canceling Headphones,Audio,2,2023-06-10 00:00:00,149.99,CUST-1488,Germany,299.98
INV-101051,SKU-104,Stainless Steel Water Bottle,Lifestyle,10,2024-06-21 00:00:00,24.99,CUST-1336,Germany,249.9
INV-101052,SKU-110,LED Desk Lamp with Wireless Charging,Lighting,2,2023-05-01 00:00:00,49.99,CUST-1446,United Kingdom,99.98
INV-101053,SKU-110,LED Desk Lamp with Wireless Charging,Lighting,5,2023-10-28 00:00:00,49.99,CUST-1471,Canada,249.95
INV-101054,SKU-109,Laptop Stand Aluminum,Accessories,1,2024-03-11 00:00:00,39.99,CUST-1137,Canada,39.99
INV-101055,SKU-108,Portable Espresso Maker,Kitchen,2,2023-03-09 00:00:00,79.99,CUST-1126,United Kingdom,159.98
INV-101056,SKU-104,Stainless Steel Water Bottle,Lifestyle,1,2024-04-03 00:00:00,24.99,CUST-1349,Canada,24.99
INV-101057,SKU-107,Organic Cotton Throw Blanket,Home,2,2024-05-28 00:00:00,45.0,CUST-1241,United States,90.0
INV-101058,SKU-110,LED Desk Lamp with Wireless Charging,Lighting,1,2024-02-02 00:00:00,49.99,CUST-1450,Australia,49.99
INV-101059,SKU-103,Mechanical Gaming Keyboard,Peripherals,1,2023-10-13 00:00:00,89.5,CUST-1475,United Kingdom,89.5
INV-101060,SKU-109,Laptop Stand Aluminum,Accessories,3,2023-05-20 00:00:00,39.99,CUST-1204,Canada,119.97
INV-101061,SKU-110,LED Desk Lamp with Wireless Charging,Lighting,3,2023-10-09 00:00:00,49.99,CUST-1139,United Kingdom,149.97
INV-101062,SKU-104,Stainless Steel Water Bottle,Lifestyle,1,2024-04-01 00:00:00,24.99,CUST-1437,United States,24.99
INV-101063,SKU-102,Ergonomic Office Chair,Furniture,2,2023-03-28 00:00:00,229.0,CUST-1154,United Kingdom,458.0
INV-101064,SKU-110,LED Desk Lamp with Wireless Charging,Lighting,1,2023-03-20 00:00:00,49.99,CUST-1446,United States,49.99
INV-101065,SKU-105,Smart Fitness Tracker Band,Wearables,1,2023-07-24 00:00:00,59.99,CUST-1245,Germany,59.99
INV-101066,SKU-102,Ergonomic Office Chair,Furniture,3,2023-12-03 00:00:00,229.0,CUST-1383,United Kingdom,687.0
INV-101067,SKU-110,LED Desk Lamp with Wireless Charging,Lighting,1,2023-09-11 00:00:00,49.99,CUST-1052,Canada,49.99
INV-101068,SKU-106,USB-C Multiport Adapter,Accessories,5,2023-10-31 00:00:00,34.5,CUST-1358,Germany,172.5
INV-101069,SKU-110,LED Desk Lamp with Wireless Charging,Lighting,1,2024-01-15 00:00:00,49.99,,Germany,49.99
INV-101070,SKU-101,Wireless Noise-Canceling Headphones,Audio,2,2023-05-10 00:00:00,149.99,CUST-1324,United States,299.98
INV-101071,SKU-106,USB-C Multiport Adapter,Accessories,2,2023-10-03 00:00:00,34.5,CUST-1094,India,69.0
INV-101072,SKU-104,Stainless Steel Water Bottle,Lifestyle,1,2023-07-02 00:00:00,24.99,CUST-1408,Canada,24.99
INV-101073,SKU-103,Mechanical Gaming Keyboard,Peripherals,1,2023-09-25 00:00:00,89.5,CUST-1466,Canada,89.5
INV-101074,SKU-102,Ergonomic Office Chair,Furniture,3,2023-11-18 00:00:00,229.0,CUST-1127,United States,687.0
INV-101075,SKU-107,Organic Cotton Throw Blanket,Home,2,2024-05-26 00:00:00,45.0,CUST-1052,United Kingdom,90.0
INV-101076,SKU-109,Laptop Stand Aluminum,Accessories,1,2023-03-19 00:00:00,39.99,CUST-1011,United States,39.99
INV-101077,SKU-103,Mechanical Gaming Keyboard,Peripherals,1,2023-12-05 00:00:00,89.5,CUST-1366,United Kingdom,89.5
INV-101078,SKU-106,USB-C Multiport Adapter,Accessories,1,2024-05-23 00:00:00,34.5,CUST-1343,United States,34.5
INV-101079,SKU-109,Laptop Stand Aluminum,Accessories,1,2023-08-26 00:00:00,39.99,CUST-1305,United Kingdom,39.99
INV-101080,SKU-102,Ergonomic Office Chair,Furniture,1,2023-05-14 00:00:00,229.0,CUST-1139,Germany,229.0
INV-101081,SKU-107,Organic Cotton Throw Blanket,Home,1,2023-07-11 00:00:00,45.0,CUST-1230,United States,45.0
INV-101082,SKU-105,Smart Fitness Tracker Band,Wearables,3,2023-12-22 00:00:00,59.99,CUST-1326,United Kingdom,179.97
INV-101083,SKU-105,Smart Fitness Tracker Band,Wearables,2,2023-10-05 00:00:00,59.99,CUST-1265,Australia,119.98
INV-101084,SKU-107,Organic Cotton Throw Blanket,Home,5,2023-01-18 00:00:00,45.0,CUST-1499,United States,225.0
INV-101085,SKU-109,Laptop Stand Aluminum,Accessories,2,2024-06-07 00:00:00,39.99,CUST-1069,Canada,79.98
INV-101086,SKU-104,Stainless Steel Water Bottle,Lifestyle,5,2023-06-29 00:00:00,24.99,CUST-1390,United States,124.95
INV-101087,SKU-109,Laptop Stand Aluminum,Accessories,1,2023-05-03 00:00:00,39.99,CUST-1240,United States,39.99
INV-101088,SKU-110,LED Desk Lamp with Wireless Charging,Lighting,2,2023-09-03 00:00:00,49.99,CUST-1247,United States,99.98
INV-101089,SKU-109,Laptop Stand Aluminum,Accessories,8,2024-01-08 00:00:00,39.99,CUST-1398,Canada,319.92
INV-101090,SKU-104,Stainless Steel Water Bottle,Lifestyle,2,2023-02-20 00:00:00,24.99,CUST-1390,United States,49.98
INV-101091,SKU-103,Mechanical Gaming Keyboard,Peripherals,1,2023-03-12 00:00:00,89.5,CUST-1499,Australia,89.5
INV-101092,SKU-102,Ergonomic Office Chair,Furniture,2,2024-04-24 00:00:00,229.0,CUST-1069,United Kingdom,458.0
INV-101093,SKU-109,Laptop Stand Aluminum,Accessories,4,2023-01-19 00:00:00,39.99,CUST-1055,United States,159.96
INV-101094,SKU-102,Ergonomic Office Chair,Furniture,2,2023-03-25 00:00:00,229.0,CUST-1401,Germany,458.0
INV-101095,SKU-106,USB-C Multiport Adapter,Accessories,1,2023-06-04 00:00:00,34.5,CUST-1315,United States,34.5
INV-101096,SKU-105,Smart Fitness Tracker Band,Wearables,2,2023-12-23 00:00:00,59.99,CUST-1154,Canada,119.98
INV-101097,SKU-105,Smart Fitness Tracker Band,Wearables,10,2024-03-18 00:00:00,59.99,CUST-1050,United States,599.9
INV-101098,SKU-104,Stainless Steel Water Bottle,Lifestyle,1,2023-03-10 00:00:00,24.99,CUST-1050,United States,24.99
INV-101099,SKU-106,USB-C Multiport Adapter,Accessories,2,2024-06-06 00:00:00,34.5,CUST-1475,Canada,69.0
INV-101100,SKU-105,Smart Fitness Tracker Band,Wearables,1,2023-05-23 00:00:00,59.99,CUST-1115,France,59.99
INV-101101,SKU-104,Stainless Steel Water Bottle,Lifestyle,2,2023-07-11 00:00:00,24.99,CUST-1188,United States,49.98
INV-101102,SKU-109,Laptop Stand Aluminum,Accessories,2,2024-01-22 00:00:00,39.99,CUST-1136,Canada,79.98
INV-101103,SKU-106,USB-C Multiport Adapter,Accessories,1,2024-01-13 00:00:00,34.5,CUST-1207,United States,34.5
INV-101104,SKU-110,LED Desk Lamp with Wireless Charging,Lighting,1,2024-06-18 00:00:00,49.99,CUST-1043,Canada,49.99
INV-101105,SKU-110,LED Desk Lamp with Wireless Charging,Lighting,2,2023-10-20 00:00:00,49.99,CUST-1276,Germany,99.98
INV-101106,SKU-110,LED Desk Lamp with Wireless Charging,Lighting,1,2023-01-09 00:00:00,49.99,CUST-1043,United States,49.99
INV-101107,SKU-103,Mechanical Gaming Keyboard,Peripherals,1,2023-09-28 00:00:00,89.5,CUST-1441,United States,89.5
INV-101108,SKU-110,LED Desk Lamp with Wireless Charging,Lighting,3,2024-01-22 00:00:00,49.99,CUST-1139,United States,149.97
INV-101109,SKU-106,USB-C Multiport Adapter,Accessories,1,2023-04-03 00:00:00,34.5,CUST-1297,United States,34.5
INV-101110,SKU-101,Wireless Noise-Canceling Headphones,Audio,1,2024-06-12 00:00:00,149.99,CUST-1471,United States,149.99
INV-101111,SKU-105,Smart Fitness Tracker Band,Wearables,5,2023-06-03 00:00:00,59.99,CUST-1367,Germany,299.95
INV-101112,SKU-110,LED Desk Lamp with Wireless Charging,Lighting,1,2024-02-09 00:00:00,49.99,CUST-1289,India,49.99
INV-101113,SKU-106,USB-C Multiport Adapter,Accessories,1,2023-05-29 00:00:00,34.5,CUST-1191,United States,34.5
INV-101114,SKU-108,Portable Espresso Maker,Kitchen,2,2023-09-24 00:00:00,79.99,CUST-1193,United Kingdom,159.98
INV-101115,SKU-109,Laptop Stand Aluminum,Accessories,2,2024-02-26 00:00:00,39.99,CUST-1385,United Kingdom,79.98
INV-101116,SKU-103,Mechanical Gaming Keyboard,Peripherals,4,2024-04-16 00:00:00,89.5,CUST-1499,Australia,358.0
INV-101117,SKU-102,Ergonomic Office Chair,Furniture,4,2024-06-09 00:00:00,229.0,CUST-1381,United Kingdom,916.0
INV-101118,SKU-104,Stainless Steel Water Bottle,Lifestyle,2,2024-05-17 00:00:00,24.99,CUST-1305,United Kingdom,49.98
INV-101119,SKU-108,Portable Espresso Maker,Kitchen,1,2023-01-14 00:00:00,79.99,CUST-1405,United Kingdom,79.99
INV-101120,SKU-108,Portable Espresso Maker,Kitchen,1,2023-12-30 00:00:00,79.99,CUST-1260,United States,79.99
INV-101121,SKU-103,Mechanical Gaming Keyboard,Peripherals,1,2023-04-29 00:00:00,89.5,CUST-1034,United States,89.5
INV-101122,SKU-104,Stainless Steel Water Bottle,Lifestyle,1,2023-08-26 00:00:00,24.99,CUST-1308,United States,24.99
INV-101123,SKU-103,Mechanical Gaming Keyboard,Peripherals,2,2024-06-29 00:00:00,89.5,CUST-1488,United States,179.0
INV-101124,SKU-110,LED Desk Lamp with Wireless Charging,Lighting,2,2023-06-18 00:00:00,49.99,CUST-1104,United Kingdom,99.98
INV-101125,SKU-102,Ergonomic Office Chair,Furniture,1,2024-06-05 00:00:00,229.0,CUST-1390,United States,229.0
INV-101126,SKU-104,Stainless Steel Water Bottle,Lifestyle,3,2024-05-30 00:00:00,24.99,CUST-1118,United Kingdom,74.97
INV-101127,SKU-106,USB-C Multiport Adapter,Accessories,1,2024-02-01 00:00:00,34.5,CUST-1292,United States,34.5
INV-101128,SKU-105,Smart Fitness Tracker Band,Wearables,1,2023-04-16 00:00:00,59.99,CUST-1052,France,59.99
INV-101129,SKU-103,Mechanical Gaming Keyboard,Peripherals,2,2023-03-26 00:00:00,89.5,CUST-1250,Australia,179.0
INV-101130,SKU-102,Ergonomic Office Chair,Furniture,1,2023-08-02 00:00:00,229.0,CUST-1413,United States,229.0
INV-101131,SKU-109,Laptop Stand Aluminum,Accessories,1,2023-05-01 00:00:00,39.99,CUST-1200,United States,39.99
INV-101132,SKU-101,Wireless Noise-Canceling Headphones,Audio,1,2023-05-12 00:00:00,149.99,CUST-1383,United Kingdom,149.99
INV-101133,SKU-109,Laptop Stand Aluminum,Accessories,1,2023-07-16 00:00:00,39.99,CUST-1441,United States,39.99
INV-101134,SKU-101,Wireless Noise-Canceling Headphones,Audio,2,2023-01-19 00:00:00,149.99,CUST-1478,United States,299.98
INV-101135,SKU-107,Organic Cotton Throw Blanket,Home,4,2023-01-12 00:00:00,45.0,CUST-1139,United States,180.0
INV-101136,SKU-106,USB-C Multiport Adapter,Accessories,1,2023-03-22 00:00:00,34.5,CUST-1240,Australia,34.5
INV-101137,SKU-107,Organic Cotton Throw Blanket,Home,1,2023-11-26 00:00:00,45.0,CUST-1081,Australia,45.0
INV-101138,SKU-103,Mechanical Gaming Keyboard,Peripherals,2,2024-01-27 00:00:00,89.5,CUST-1499,United Kingdom,179.0
INV-101139,SKU-103,Mechanical Gaming Keyboard,Peripherals,5,2023-11-03 00:00:00,89.5,CUST-1477,United Kingdom,447.5
INV-101140,SKU-101,Wireless Noise-Canceling Headphones,Audio,1,2023-09-24 00:00:00,149.99,CUST-1296,France,149.99
INV-101141,SKU-104,Stainless Steel Water Bottle,Lifestyle,1,2024-03-22 00:00:00,24.99,CUST-1453,France,24.99
INV-101142,SKU-102,Ergonomic Office Chair,Furniture,2,2024-03-16 00:00:00,229.0,CUST-1278,France,458.0
INV-101143,SKU-110,LED Desk Lamp with Wireless Charging,Lighting,2,2023-01-02 00:00:00,49.99,CUST-1358,United States,99.98
INV-101144,SKU-108,Portable Espresso Maker,Kitchen,1,2024-06-03 00:00:00,79.99,CUST-1051,United States,79.99
INV-101145,SKU-103,Mechanical Gaming Keyboard,Peripherals,2,2023-11-05 00:00:00,89.5,CUST-1412,Germany,179.0
INV-101146,SKU-107,Organic Cotton Throw Blanket,Home,1,2024-06-05 00:00:00,45.0,CUST-1069,United Kingdom,45.0
INV-101147,SKU-107,Organic Cotton Throw Blanket,Home,1,2024-04-13 00:00:00,45.0,CUST-1446,United States,45.0
INV-101148,SKU-109,Laptop Stand Aluminum,Accessories,1,2023-07-31 00:00:00,39.99,CUST-1438,United States,39.99
INV-101149,SKU-106,USB-C Multiport Adapter,Accessories,3,2023-04-22 00:00:00,34.5,CUST-1395,Australia,103.5
INV-101150,SKU-101,Wireless Noise-Canceling Headphones,Audio,1,2023-01-08 00:00:00,149.99,CUST-1021,Australia,149.99
INV-101151,SKU-108,Portable Espresso Maker,Kitchen,1,2024-04-21 00:00:00,79.99,CUST-1178,United States,79.99
INV-101152,SKU-101,Wireless Noise-Canceling Headphones,Audio,1,2024-04-04 00:00:00,149.99,CUST-1154,Australia,149.99
INV-101153,SKU-103,Mechanical Gaming Keyboard,Peripherals,3,2023-09-10 00:00:00,89.5,CUST-1214,United Kingdom,268.5
INV-101154,SKU-105,Smart Fitness Tracker Band,Wearables,1,2024-06-09 00:00:00,59.99,CUST-1050,Canada,59.99
INV-101155,SKU-108,Portable Espresso Maker,Kitchen,1,2024-03-13 00:00:00,79.99,CUST-1478,United States,79.99
INV-101156,SKU-109,Laptop Stand Aluminum,Accessories,1,2023-08-24 00:00:00,39.99,CUST-1305,United States,39.99
INV-101157,SKU-107,Organic Cotton Throw Blanket,Home,2,2023-11-02 00:00:00,45.0,CUST-1178,United States,90.0
INV-101158,SKU-109,Laptop Stand Aluminum,Accessories,1,2024-04-22 00:00:00,39.99,CUST-1236,United Kingdom,39.99
INV-101159,SKU-103,Mechanical Gaming Keyboard,Peripherals,1,2023-01-20 00:00:00,89.5,CUST-1249,United Kingdom,89.5
INV-101160,SKU-105,Smart Fitness Tracker Band,Wearables,1,2023-08-04 00:00:00,59.99,CUST-1336,United States,59.99
INV-101161,SKU-110,LED Desk Lamp with Wireless Charging,Lighting,3,2023-05-15 00:00:00,49.99,CUST-1273,India,149.97
INV-101162,SKU-108,Portable Espresso Maker,Kitchen,1,2023-05-09 00:00:00,79.99,CUST-1475,United States,79.99
INV-101163,SKU-101,Wireless Noise-Canceling Headphones,Audio,2,2024-02-14 00:00:00,149.99,CUST-1265,United States,299.98
INV-101164,SKU-108,Portable Espresso Maker,Kitchen,4,2024-02-26 00:00:00,79.99,CUST-1499,United Kingdom,319.96
INV-101165,SKU-107,Organic Cotton Throw Blanket,Home,4,2023-10-21 00:00:00,45.0,CUST-1463,United Kingdom,180.0
INV-101166,SKU-101,Wireless Noise-Canceling Headphones,Audio,1,2023-09-03 00:00:00,149.99,CUST-1121,United States,149.99
INV-101167,SKU-110,LED Desk Lamp with Wireless Charging,Lighting,5,2023-03-27 00:00:00,49.99,CUST-1478,Canada,249.95
INV-101168,SKU-110,LED Desk Lamp with Wireless Charging,Lighting,1,2024-01-10 00:00:00,49.99,CUST-1069,United Kingdom,49.99
INV-101169,SKU-106,USB-C Multiport Adapter,Accessories,1,2024-03-21 00:00:00,34.5,CUST-1446,United Kingdom,34.5
INV-101170,SKU-101,Wireless Noise-Canceling Headphones,Audio,4,2024-01-13 00:00:00,149.99,CUST-1226,Germany,599.96
INV-101171,SKU-102,Ergonomic Office Chair,Furniture,1,2024-01-25 00:00:00,229.0,CUST-1471,United States,229.0
INV-101172,SKU-105,Smart Fitness Tracker Band,Wearables,1,2023-02-20 00:00:00,59.99,CUST-1469,United Kingdom,59.99
INV-101173,SKU-102,Ergonomic Office Chair,Furniture,1,2023-08-30 00:00:00,229.0,CUST-1444,Australia,229.0
INV-101174,SKU-110,LED Desk Lamp with Wireless Charging,Lighting,2,2023-10-21 00:00:00,49.99,CUST-1441,United States,99.98
INV-101175,SKU-101,Wireless Noise-Canceling Headphones,Audio,1,2023-09-23 00:00:00,149.99,CUST-1178,United States,149.99
INV-101176,SKU-106,USB-C Multiport Adapter,Accessories,2,2023-04-30 00:00:00,34.5,CUST-1050,France,69.0
INV-101177,SKU-108,Portable Espresso Maker,Kitchen,4,2023-09-05 00:00:00,79.99,CUST-1240,United States,319.96
INV-101178,SKU-108,Portable Espresso Maker,Kitchen,2,2023-03-11 00:00:00,79.99,CUST-1104,United Kingdom,159.98
INV-101179,SKU-108,Portable Espresso Maker,Kitchen,1,2023-02-26 00:00:00,79.99,CUST-1390,India,79.99
INV-101180,SKU-106,USB-C Multiport Adapter,Accessories,5,2024-01-17 00:00:00,34.5,CUST-1199,United States,172.5
INV-101181,SKU-103,Mechanical Gaming Keyboard,Peripherals,1,2023-02-08 00:00:00,89.5,CUST-1498,United States,89.5
INV-101182,SKU-101,Wireless Noise-Canceling Headphones,Audio,1,2024-03-18 00:00:00,149.99,CUST-1366,Australia,149.99
INV-101183,SKU-102,Ergonomic Office Chair,Furniture,1,2023-01-18 00:00:00,229.0,CUST-1446,Australia,229.0
INV-101184,SKU-105,Smart Fitness Tracker Band,Wearables,1,2023-12-18 00:00:00,59.99,CUST-1069,United Kingdom,59.99
INV-101185,SKU-110,LED Desk Lamp with Wireless Charging,Lighting,1,2023-10-25 00:00:00,49.99,CUST-1464,United Kingdom,49.99
INV-101186,SKU-105,Smart Fitness Tracker Band,Wearables,1,2023-10-10 00:00:00,59.99,CUST-1475,Canada,59.99
INV-101187,SKU-110,LED Desk Lamp with Wireless Charging,Lighting,1,2023-04-20 00:00:00,49.99,CUST-1261,Germany,49.99
INV-101188,SKU-101,Wireless Noise-Canceling Headphones,Audio,1,2023-06-29 00:00:00,149.99,CUST-1341,United States,149.99
INV-101189,SKU-101,Wireless Noise-Canceling Headphones,Audio,2,2024-06-27 00:00:00,149.99,CUST-1421,United States,299.98
INV-101190,SKU-109,Laptop Stand Aluminum,Accessories,3,2023-01-25 00:00:00,39.99,CUST-1104,United Kingdom,119.97
INV-101191,SKU-102,Ergonomic Office Chair,Furniture,2,2023-02-26 00:00:00,229.0,CUST-1270,Australia,458.0
INV-101192,SKU-107,Organic Cotton Throw Blanket,Home,1,2023-06-29 00:00:00,45.0,CUST-1240,Australia,45.0
INV-101193,SKU-110,LED Desk Lamp with Wireless Charging,Lighting,1,2023-08-20 00:00:00,49.99,CUST-1076,France,49.99
INV-101194,SKU-104,Stainless Steel Water Bottle,Lifestyle,8,2023-12-09 00:00:00,24.99,CUST-1219,Australia,199.92
INV-101195,SKU-107,Organic Cotton Throw Blanket,Home,1,2024-04-21 00:00:00,45.0,CUST-1043,United Kingdom,45.0
INV-101196,SKU-108,Portable Espresso Maker,Kitchen,3,2024-03-30 00:00:00,79.99,CUST-1011,United States,239.97
INV-101197,SKU-105,Smart Fitness Tracker Band,Wearables,1,2023-08-20 00:00:00,59.99,CUST-1069,Canada,59.99
INV-101198,SKU-101,Wireless Noise-Canceling Headphones,Audio,5,2023-10-16 00:00:00,149.99,CUST-1491,Germany,749.95
INV-101199,SKU-104,Stainless Steel Water Bottle,Lifestyle,1,2023-08-01 00:00:00,24.99,CUST-1305,United Kingdom,24.99
INV-101200,SKU-110,LED Desk Lamp with Wireless Charging,Lighting,1,2023-09-15 00:00:00,49.99,CUST-1496,United States,49.99
INV-101201,SKU-103,Mechanical Gaming Keyboard,Peripherals,2,2024-06-13 00:00:00,89.5,CUST-1247,France,179.0
INV-101202,SKU-110,LED Desk Lamp with Wireless Charging,Lighting,1,2023-08-17 00:00:00,49.99,CUST-1182,United Kingdom,49.99
INV-101203,SKU-105,Smart Fitness Tracker Band,Wearables,1,2023-08-14 00:00:00,59.99,CUST-1271,United States,59.99
INV-101204,SKU-110,LED Desk Lamp with Wireless Charging,Lighting,1,2024-03-10 00:00:00,49.99,CUST-1248,United Kingdom,49.99
INV-101205,SKU-110,LED Desk Lamp with Wireless Charging,Lighting,2,2024-02-06 00:00:00,49.99,CUST-1055,Germany,99.98
INV-101206,SKU-106,USB-C Multiport Adapter,Accessories,1,2023-03-29 00:00:00,34.5,CUST-1366,United States,34.5
INV-101207,SKU-102,Ergonomic Office Chair,Furniture,1,2024-06-25 00:00:00,229.0,CUST-1127,Canada,229.0
INV-101208,SKU-107,Organic Cotton Throw Blanket,Home,1,2023-11-05 00:00:00,45.0,CUST-1357,United States,45.0
INV-101209,SKU-103,Mechanical Gaming Keyboard,Peripherals,1,2023-12-09 00:00:00,89.5,CUST-1367,United States,89.5
INV-101210,SKU-101,Wireless Noise-Canceling Headphones,Audio,2,2024-03-11 00:00:00,149.99,CUST-1081,United States,299.98
INV-101211,SKU-110,LED Desk Lamp with Wireless Charging,Lighting,1,2023-06-26 00:00:00,49.99,CUST-1034,Germany,49.99
INV-101212,SKU-103,Mechanical Gaming Keyboard,Peripherals,1,2023-05-19 00:00:00,89.5,CUST-1437,France,89.5
INV-101213,SKU-109,Laptop Stand Aluminum,Accessories,1,2023-07-13 00:00:00,39.99,CUST-1256,Canada,39.99
INV-101214,SKU-110,LED Desk Lamp with Wireless Charging,Lighting,1,2023-07-05 00:00:00,49.99,CUST-1034,France,49.99
INV-101215,SKU-106,USB-C Multiport Adapter,Accessories,1,2023-08-06 00:00:00,34.5,CUST-1499,United States,34.5
INV-101216,SKU-106,USB-C Multiport Adapter,Accessories,1,2023-06-13 00:00:00,34.5,CUST-1034,United States,34.5
INV-101217,SKU-104,Stainless Steel Water Bottle,Lifestyle,1,2023-06-10 00:00:00,24.99,CUST-1390,United Kingdom,24.99
INV-101218,SKU-108,Portable Espresso Maker,Kitchen,5,2024-06-08 00:00:00,79.99,CUST-1499,United States,399.95
INV-101219,SKU-105,Smart Fitness Tracker Band,Wearables,1,2023-02-11 00:00:00,59.99,CUST-1139,Canada,59.99
INV-101220,SKU-107,Organic Cotton Throw Blanket,Home,2,2023-07-29 00:00:00,45.0,CUST-1073,Germany,90.0
INV-101221,SKU-109,Laptop Stand Aluminum,Accessories,1,2023-10-02 00:00:00,39.99,CUST-1069,India,39.99
INV-101222,SKU-105,Smart Fitness Tracker Band,Wearables,1,2023-10-06 00:00:00,59.99,CUST-1178,United States,59.99
INV-101223,SKU-105,Smart Fitness Tracker Band,Wearables,1,2023-09-08 00:00:00,59.99,CUST-1054,United Kingdom,59.99
INV-101224,SKU-104,Stainless Steel Water Bottle,Lifestyle,1,2023-11-06 00:00:00,24.99,CUST-1390,United Kingdom,24.99
INV-101225,SKU-106,USB-C Multiport Adapter,Accessories,5,2023-05-20 00:00:00,34.5,CUST-1035,United States,172.5
INV-101226,SKU-102,Ergonomic Office Chair,Furniture,5,2024-06-29 00:00:00,229.0,CUST-1272,United Kingdom,1145.0
INV-101227,SKU-103,Mechanical Gaming Keyboard,Peripherals,2,2024-06-13 00:00:00,89.5,CUST-1499,United States,179.0
INV-101228,SKU-101,Wireless Noise-Canceling Headphones,Audio,2,2023-02-26 00:00:00,149.99,CUST-1445,United States,299.98
INV-101229,SKU-102,Ergonomic Office Chair,Furniture,1,2023-04-22 00:00:00,229.0,CUST-1351,United States,229.0
INV-101230,SKU-102,Ergonomic Office Chair,Furniture,1,2023-01-05 00:00:00,229.0,CUST-1178,United States,229.0
INV-101231,SKU-108,Portable Espresso Maker,Kitchen,5,2024-02-14 00:00:00,79.99,CUST-1358,United Kingdom,399.95
INV-101232,SKU-108,Portable Espresso Maker,Kitchen,2,2024-02-18 00:00:00,79.99,CUST-1280,United States,159.98
INV-101233,SKU-102,Ergonomic Office Chair,Furniture,1,2023-07-01 00:00:00,229.0,CUST-1246,United States,229.0
INV-101234,SKU-106,USB-C Multiport Adapter,Accessories,1,2023-01-13 00:00:00,34.5,CUST-1069,United States,34.5
INV-101235,SKU-105,Smart Fitness Tracker Band,Wearables,1,2023-12-05 00:00:00,59.99,CUST-1471,United States,59.99
INV-101236,SKU-103,Mechanical Gaming Keyboard,Peripherals,5,2023-09-16 00:00:00,89.5,CUST-1249,United States,447.5
INV-101237,SKU-105,Smart Fitness Tracker Band,Wearables,1,2023-03-31 00:00:00,59.99,CUST-1115,United States,59.99
INV-101238,SKU-105,Smart Fitness Tracker Band,Wearables,1,2023-09-07 00:00:00,59.99,CUST-1219,United Kingdom,59.99
INV-101239,SKU-105,Smart Fitness Tracker Band,Wearables,1,2023-09-12 00:00:00,59.99,CUST-1242,Germany,59.99
INV-101240,SKU-103,Mechanical Gaming Keyboard,Peripherals,3,2023-04-18 00:00:00,89.5,CUST-1446,Germany,268.5
INV-101241,SKU-103,Mechanical Gaming Keyboard,Peripherals,1,2024-04-29 00:00:00,89.5,CUST-1405,Canada,89.5
INV-101242,SKU-104,Stainless Steel Water Bottle,Lifestyle,3,2023-09-15 00:00:00,24.99,CUST-1427,United Kingdom,74.97
INV-101243,SKU-107,Organic Cotton Throw Blanket,Home,1,2023-10-09 00:00:00,45.0,CUST-1003,United Kingdom,45.0
INV-101244,SKU-102,Ergonomic Office Chair,Furniture,4,2023-03-29 00:00:00,229.0,CUST-1242,Canada,916.0
INV-101245,SKU-110,LED Desk Lamp with Wireless Charging,Lighting,2,2023-07-23 00:00:00,49.99,CUST-1261,United States,99.98
INV-101246,SKU-104,Stainless Steel Water Bottle,Lifestyle,1,2023-01-16 00:00:00,24.99,CUST-1011,Germany,24.99
INV-101247,SKU-104,Stainless Steel Water Bottle,Lifestyle,1,2023-05-31 00:00:00,24.99,CUST-1150,United States,24.99
INV-101248,SKU-101,Wireless Noise-Canceling Headphones,Audio,1,2023-09-11 00:00:00,149.99,CUST-1419,United States,149.99
INV-101249,SKU-110,LED Desk Lamp with Wireless Charging,Lighting,1,2023-07-07 00:00:00,49.99,CUST-1069,Canada,49.99
INV-101250,SKU-108,Portable Espresso Maker,Kitchen,3,2023-11-25 00:00:00,79.99,CUST-1292,United States,239.97
INV-101251,SKU-101,Wireless Noise-Canceling Headphones,Audio,1,2024-06-27 00:00:00,149.99,CUST-1127,United States,149.99
INV-101252,SKU-108,Portable Espresso Maker,Kitchen,1,2024-02-01 00:00:00,79.99,CUST-1007,United States,79.99
INV-101253,SKU-107,Organic Cotton Throw Blanket,Home,1,2024-05-31 00:00:00,45.0,CUST-1139,United States,45.0
INV-101254,SKU-109,Laptop Stand Aluminum,Accessories,1,2024-04-03 00:00:00,39.99,CUST-1498,United States,39.99
INV-101255,SKU-108,Portable Espresso Maker,Kitchen,3,2023-11-26 00:00:00,79.99,CUST-1441,United Kingdom,239.97
INV-101256,SKU-105,Smart Fitness Tracker Band,Wearables,1,2023-06-18 00:00:00,59.99,CUST-1489,Canada,59.99
INV-101257,SKU-108,Portable Espresso Maker,Kitchen,5,2024-01-01 00:00:00,79.99,CUST-1261,Canada,399.95
INV-101258,SKU-110,LED Desk Lamp with Wireless Charging,Lighting,5,2023-06-27 00:00:00,49.99,CUST-1062,United States,249.95
INV-101259,SKU-103,Mechanical Gaming Keyboard,Peripherals,1,2023-12-28 00:00:00,89.5,CUST-1305,India,89.5
INV-101260,SKU-110,LED Desk Lamp with Wireless Charging,Lighting,1,2023-02-09 00:00:00,49.99,CUST-1253,United Kingdom,49.99
INV-101261,SKU-107,Organic Cotton Throw Blanket,Home,3,2024-02-20 00:00:00,45.0,CUST-1453,United States,135.0
INV-101262,SKU-104,Stainless Steel Water Bottle,Lifestyle,1,2023-12-21 00:00:00,24.99,CUST-1053,Canada,24.99
INV-101263,SKU-105,Smart Fitness Tracker Band,Wearables,1,2023-09-12 00:00:00,59.99,CUST-1261,Germany,59.99
INV-101264,SKU-109,Laptop Stand Aluminum,Accessories,1,2023-05-23 00:00:00,39.99,CUST-1080,Germany,39.99
INV-101265,SKU-107,Organic Cotton Throw Blanket,Home,1,2023-01-11 00:00:00,45.0,CUST-1191,United States,45.0
INV-101266,SKU-104,Stainless Steel Water Bottle,Lifestyle,2,2023-01-26 00:00:00,24.99,CUST-1408,United Kingdom,49.98
INV-101267,SKU-106,USB-C Multiport Adapter,Accessories,1,2024-02-25 00:00:00,34.5,CUST-1261,Australia,34.5
INV-101268,SKU-110,LED Desk Lamp with Wireless Charging,Lighting,1,2023-08-09 00:00:00,49.99,CUST-1226,United Kingdom,49.99
INV-101269,SKU-107,Organic Cotton Throw Blanket,Home,4,2024-05-10 00:00:00,45.0,CUST-1233,Germany,180.0
INV-101270,SKU-110,LED Desk Lamp with Wireless Charging,Lighting,2,2023-08-25 00:00:00,49.99,CUST-1256,United Kingdom,99.98
INV-101271,SKU-109,Laptop Stand Aluminum,Accessories,1,2023-08-25 00:00:00,39.99,CUST-1441,Canada,39.99
INV-101272,SKU-104,Stainless Steel Water Bottle,Lifestyle,2,2023-08-07 00:00:00,24.99,,United States,49.98
INV-101273,SKU-110,LED Desk Lamp with Wireless Charging,Lighting,1,2024-05-01 00:00:00,49.99,CUST-1488,United Kingdom,49.99
INV-101274,SKU-103,Mechanical Gaming Keyboard,Peripherals,2,2024-04-05 00:00:00,89.5,CUST-1441,United States,179.0
INV-101275,SKU-108,Portable Espresso Maker,Kitchen,1,2023-05-24 00:00:00,79.99,CUST-1183,Germany,79.99
INV-101276,SKU-101,Wireless Noise-Canceling Headphones,Audio,1,2023-07-08 00:00:00,149.99,CUST-1390,Germany,149.99
INV-101277,SKU-109,Laptop Stand Aluminum,Accessories,2,2023-09-12 00:00:00,39.99,CUST-1248,United States,79.98
INV-101278,SKU-101,Wireless Noise-Canceling Headphones,Audio,1,2023-03-09 00:00:00,149.99,CUST-1147,Germany,149.99
INV-101279,SKU-102,Ergonomic Office Chair,Furniture,10,2023-12-02 00:00:00,229.0,CUST-1451,United States,2290.0
INV-101280,SKU-108,Portable Espresso Maker,Kitchen,1,2024-02-13 00:00:00,79.99,CUST-1025,United States,79.99
INV-101281,SKU-109,Laptop Stand Aluminum,Accessories,4,2023-10-27 00:00:00,39.99,CUST-1475,United States,159.96
INV-101282,SKU-107,Organic Cotton Throw Blanket,Home,5,2023-12-23 00:00:00,45.0,CUST-1256,United States,225.0
INV-101283,SKU-103,Mechanical Gaming Keyboard,Peripherals,1,2023-09-13 00:00:00,89.5,CUST-1364,United States,89.5
INV-101284,SKU-107,Organic Cotton Throw Blanket,Home,2,2023-12-19 00:00:00,45.0,CUST-1378,United States,90.0
INV-101285,SKU-106,USB-C Multiport Adapter,Accessories,1,2024-06-04 00:00:00,34.5,CUST-1475,Germany,34.5
INV-101286,SKU-102,Ergonomic Office Chair,Furniture,4,2024-06-07 00:00:00,229.0,CUST-1364,Canada,916.0
INV-101287,SKU-103,Mechanical Gaming Keyboard,Peripherals,1,2023-10-11 00:00:00,89.5,CUST-1351,United Kingdom,89.5
INV-101288,SKU-110,LED Desk Lamp with Wireless Charging,Lighting,2,2023-11-08 00:00:00,49.99,CUST-1041,United States,99.98
INV-101289,SKU-110,LED Desk Lamp with Wireless Charging,Lighting,1,2023-04-09 00:00:00,49.99,CUST-1276,France,49.99
INV-101290,SKU-105,Smart Fitness Tracker Band,Wearables,1,2023-07-16 00:00:00,59.99,CUST-1080,Germany,59.99
INV-101291,SKU-110,LED Desk Lamp with Wireless Charging,Lighting,1,2024-04-26 00:00:00,49.99,CUST-1408,United States,49.99
INV-101292,SKU-104,Stainless Steel Water Bottle,Lifestyle,1,2023-08-14 00:00:00,24.99,CUST-1273,Canada,24.99
INV-101293,SKU-102,Ergonomic Office Chair,Furniture,2,2023-12-31 00:00:00,229.0,CUST-1390,United States,458.0
INV-101294,SKU-104,Stainless Steel Water Bottle,Lifestyle,2,2024-01-03 00:00:00,24.99,CUST-1028,United Kingdom,49.98
INV-101295,SKU-108,Portable Espresso Maker,Kitchen,2,2023-03-16 00:00:00,79.99,CUST-1050,United Kingdom,159.98
INV-101296,SKU-105,Smart Fitness Tracker Band,Wearables,1,2023-02-11 00:00:00,59.99,CUST-1397,United States,59.99
INV-101297,SKU-105,Smart Fitness Tracker Band,Wearables,1,2024-02-26 00:00:00,59.99,CUST-1043,Australia,59.99
INV-101298,SKU-110,LED Desk Lamp with Wireless Charging,Lighting,1,2023-06-30 00:00:00,49.99,CUST-1043,United States,49.99
INV-101299,SKU-103,Mechanical Gaming Keyboard,Peripherals,3,2024-06-28 00:00:00,89.5,,United States,268.5
INV-101300,SKU-108,Portable Espresso Maker,Kitchen,10,2023-03-12 00:00:00,79.99,CUST-1488,France,799.9
INV-101301,SKU-106,USB-C Multiport Adapter,Accessories,1,2023-04-15 00:00:00,34.5,CUST-1408,France,34.5
INV-101302,SKU-102,Ergonomic Office Chair,Furniture,1,2023-07-19 00:00:00,229.0,CUST-1204,Germany,229.0
INV-101303,SKU-102,Ergonomic Office Chair,Furniture,1,2023-04-11 00:00:00,229.0,CUST-1172,United Kingdom,229.0
INV-101304,SKU-109,Laptop Stand Aluminum,Accessories,2,2023-11-03 00:00:00,39.99,CUST-1203,United States,79.98
INV-101305,SKU-107,Organic Cotton Throw Blanket,Home,2,2024-01-12 00:00:00,45.0,CUST-1431,Canada,90.0
INV-101306,SKU-110,LED Desk Lamp with Wireless Charging,Lighting,2,2024-02-03 00:00:00,49.99,CUST-1381,United States,99.98
INV-101307,SKU-109,Laptop Stand Aluminum,Accessories,1,2023-08-09 00:00:00,39.99,CUST-1112,United States,39.99
INV-101308,SKU-106,USB-C Multiport Adapter,Accessories,2,2023-07-01 00:00:00,34.5,CUST-1104,United Kingdom,69.0
INV-101309,SKU-105,Smart Fitness Tracker Band,Wearables,2,2023-11-03 00:00:00,59.99,CUST-1053,United States,119.98
INV-101310,SKU-101,Wireless Noise-Canceling Headphones,Audio,1,2024-06-05 00:00:00,149.99,CUST-1378,United States,149.99
INV-101311,SKU-106,USB-C Multiport Adapter,Accessories,1,2024-01-31 00:00:00,34.5,,United States,34.5
INV-101312,SKU-106,USB-C Multiport Adapter,Accessories,1,2023-01-04 00:00:00,34.5,CUST-1154,United States,34.5
INV-101313,SKU-103,Mechanical Gaming Keyboard,Peripherals,1,2023-10-08 00:00:00,89.5,CUST-1011,United States,89.5
INV-101314,SKU-103,Mechanical Gaming Keyboard,Peripherals,4,2023-08-03 00:00:00,89.5,CUST-1050,United States,358.0
INV-101315,SKU-103,Mechanical Gaming Keyboard,Peripherals,1,2024-02-24 00:00:00,89.5,CUST-1498,United States,89.5
INV-101316,SKU-103,Mechanical Gaming Keyboard,Peripherals,3,2023-04-11 00:00:00,89.5,CUST-1170,Germany,268.5
INV-101317,SKU-107,Organic Cotton Throw Blanket,Home,1,2024-06-04 00:00:00,45.0,CUST-1427,Canada,45.0
INV-101318,SKU-110,LED Desk Lamp with Wireless Charging,Lighting,1,2023-11-05 00:00:00,49.99,CUST-1358,United Kingdom,49.99
INV-101319,SKU-102,Ergonomic Office Chair,Furniture,1,2024-05-24 00:00:00,229.0,CUST-1226,United Kingdom,229.0
INV-101320,SKU-110,LED Desk Lamp with Wireless Charging,Lighting,1,2023-03-04 00:00:00,49.99,CUST-1121,United States,49.99
INV-101321,SKU-110,LED Desk Lamp with Wireless Charging,Lighting,1,2023-08-14 00:00:00,49.99,CUST-1069,United States,49.99
INV-101322,SKU-102,Ergonomic Office Chair,Furniture,1,2023-04-15 00:00:00,229.0,CUST-1351,United States,229.0
INV-101323,SKU-103,Mechanical Gaming Keyboard,Peripherals,1,2024-02-29 00:00:00,89.5,CUST-1431,United Kingdom,89.5
INV-101324,SKU-110,LED Desk Lamp with Wireless Charging,Lighting,1,2023-09-12 00:00:00,49.99,CUST-1366,Germany,49.99
INV-101325,SKU-107,Organic Cotton Throw Blanket,Home,1,2024-03-04 00:00:00,45.0,CUST-1284,United Kingdom,45.0
INV-101326,SKU-103,Mechanical Gaming Keyboard,Peripherals,1,2024-03-09 00:00:00,89.5,CUST-1030,United States,89.5
INV-101327,SKU-107,Organic Cotton Throw Blanket,Home,1,2023-07-26 00:00:00,45.0,CUST-1498,United States,45.0
INV-101328,SKU-109,Laptop Stand Aluminum,Accessories,4,2023-01-28 00:00:00,39.99,CUST-1441,Canada,159.96
INV-101329,SKU-110,LED Desk Lamp with Wireless Charging,Lighting,1,2023-12-02 00:00:00,49.99,CUST-1165,United States,49.99
INV-101330,SKU-104,Stainless Steel Water Bottle,Lifestyle,2,2023-03-10 00:00:00,24.99,CUST-1499,Germany,49.98
INV-101331,SKU-107,Organic Cotton Throw Blanket,Home,1,2024-05-27 00:00:00,45.0,CUST-1336,United Kingdom,45.0
INV-101332,SKU-109,Laptop Stand Aluminum,Accessories,2,2023-06-16 00:00:00,39.99,CUST-1322,Germany,79.98
INV-101333,SKU-108,Portable Espresso Maker,Kitchen,1,2024-01-03 00:00:00,79.99,CUST-1412,Australia,79.99
INV-101334,SKU-108,Portable Espresso Maker,Kitchen,5,2023-09-08 00:00:00,79.99,CUST-1445,France,399.95
INV-101335,SKU-109,Laptop Stand Aluminum,Accessories,1,2023-06-19 00:00:00,39.99,CUST-1376,United Kingdom,39.99
INV-101336,SKU-105,Smart Fitness Tracker Band,Wearables,3,2023-03-31 00:00:00,59.99,CUST-1069,United Kingdom,179.97
INV-101337,SKU-105,Smart Fitness Tracker Band,Wearables,1,2024-03-21 00:00:00,59.99,CUST-1197,United States,59.99
INV-101338,SKU-103,Mechanical Gaming Keyboard,Peripherals,1,2023-10-21 00:00:00,89.5,CUST-1478,France,89.5
INV-101339,SKU-105,Smart Fitness Tracker Band,Wearables,2,2023-05-30 00:00:00,59.99,CUST-1134,United Kingdom,119.98
INV-101340,SKU-108,Portable Espresso Maker,Kitchen,1,2023-05-12 00:00:00,79.99,CUST-1226,United States,79.99
INV-101341,SKU-105,Smart Fitness Tracker Band,Wearables,1,2024-03-08 00:00:00,59.99,CUST-1247,United States,59.99
INV-101342,SKU-104,Stainless Steel Water Bottle,Lifestyle,1,2023-02-28 00:00:00,24.99,CUST-1248,United States,24.99
INV-101343,SKU-108,Portable Espresso Maker,Kitchen,2,2023-07-18 00:00:00,79.99,CUST-1351,United Kingdom,159.98
INV-101344,SKU-107,Organic Cotton Throw Blanket,Home,8,2023-08-03 00:00:00,45.0,,United Kingdom,360.0
INV-101345,SKU-106,USB-C Multiport Adapter,Accessories,1,2024-04-16 00:00:00,34.5,CUST-1139,United States,34.5
INV-101346,SKU-105,Smart Fitness Tracker Band,Wearables,3,2023-09-04 00:00:00,59.99,CUST-1069,United States,179.97
INV-101347,SKU-105,Smart Fitness Tracker Band,Wearables,1,2024-01-17 00:00:00,59.99,,France,59.99
INV-101348,SKU-110,LED Desk Lamp with Wireless Charging,Lighting,1,2023-08-27 00:00:00,49.99,CUST-1471,Canada,49.99
INV-101349,SKU-102,Ergonomic Office Chair,Furniture,5,2024-01-02 00:00:00,229.0,CUST-1366,Canada,1145.0
INV-101350,SKU-104,Stainless Steel Water Bottle,Lifestyle,4,2023-06-17 00:00:00,24.99,CUST-1159,United States,99.96
INV-101351,SKU-108,Portable Espresso Maker,Kitchen,2,2023-02-20 00:00:00,79.99,CUST-1446,Canada,159.98
INV-101352,SKU-108,Portable Espresso Maker,Kitchen,1,2024-01-15 00:00:00,79.99,CUST-1464,United Kingdom,79.99
INV-101353,SKU-101,Wireless Noise-Canceling Headphones,Audio,1,2024-04-18 00:00:00,149.99,CUST-1455,United States,149.99
INV-101354,SKU-102,Ergonomic Office Chair,Furniture,1,2023-03-21 00:00:00,229.0,CUST-1475,United States,229.0
INV-101355,SKU-105,Smart Fitness Tracker Band,Wearables,1,2024-01-02 00:00:00,59.99,CUST-1142,United States,59.99
INV-101356,SKU-109,Laptop Stand Aluminum,Accessories,1,2024-04-05 00:00:00,39.99,CUST-1412,United States,39.99
INV-101357,SKU-110,LED Desk Lamp with Wireless Charging,Lighting,3,2024-06-22 00:00:00,49.99,CUST-1256,India,149.97
INV-101358,SKU-107,Organic Cotton Throw Blanket,Home,4,2024-03-27 00:00:00,45.0,CUST-1453,United States,180.0
INV-101359,SKU-110,LED Desk Lamp with Wireless Charging,Lighting,1,2024-04-08 00:00:00,49.99,CUST-1403,United States,49.99
INV-101360,SKU-105,Smart Fitness Tracker Band,Wearables,1,2024-04-22 00:00:00,59.99,CUST-1432,United Kingdom,59.99
INV-101361,SKU-101,Wireless Noise-Canceling Headphones,Audio,3,2024-02-24 00:00:00,149.99,CUST-1376,United States,449.97
INV-101362,SKU-106,USB-C Multiport Adapter,Accessories,1,2023-08-02 00:00:00,34.5,CUST-1104,United Kingdom,34.5
INV-101363,SKU-108,Portable Espresso Maker,Kitchen,2,2024-01-04 00:00:00,79.99,CUST-1304,United States,159.98
INV-101364,SKU-107,Organic Cotton Throw Blanket,Home,1,2023-04-24 00:00:00,45.0,CUST-1499,Canada,45.0
INV-101365,SKU-102,Ergonomic Office Chair,Furniture,1,2024-05-17 00:00:00,229.0,CUST-1478,United States,229.0
INV-101366,SKU-105,Smart Fitness Tracker Band,Wearables,10,2023-11-07 00:00:00,59.99,CUST-1033,United Kingdom,599.9
INV-101367,SKU-104,Stainless Steel Water Bottle,Lifestyle,1,2024-04-13 00:00:00,24.99,CUST-1092,Germany,24.99
INV-101368,SKU-109,Laptop Stand Aluminum,Accessories,1,2023-02-13 00:00:00,39.99,CUST-1069,Australia,39.99
INV-101369,SKU-110,LED Desk Lamp with Wireless Charging,Lighting,1,2024-02-19 00:00:00,49.99,CUST-1402,Canada,49.99
INV-101370,SKU-101,Wireless Noise-Canceling Headphones,Audio,4,2023-09-03 00:00:00,149.99,CUST-1446,United Kingdom,599.96
INV-101371,SKU-106,USB-C Multiport Adapter,Accessories,3,2023-03-25 00:00:00,34.5,CUST-1127,United States,103.5
INV-101372,SKU-103,Mechanical Gaming Keyboard,Peripherals,1,2023-07-26 00:00:00,89.5,CUST-1271,United Kingdom,89.5
INV-101373,SKU-109,Laptop Stand Aluminum,Accessories,1,2023-05-31 00:00:00,39.99,CUST-1451,Canada,39.99
INV-101374,SKU-105,Smart Fitness Tracker Band,Wearables,2,2024-06-11 00:00:00,59.99,CUST-1405,Australia,119.98
INV-101375,SKU-106,USB-C Multiport Adapter,Accessories,1,2023-06-14 00:00:00,34.5,CUST-1301,United States,34.5
INV-101376,SKU-109,Laptop Stand Aluminum,Accessories,2,2023-05-25 00:00:00,39.99,CUST-1324,United States,79.98
INV-101377,SKU-109,Laptop Stand Aluminum,Accessories,1,2023-02-06 00:00:00,39.99,CUST-1272,Canada,39.99
INV-101378,SKU-108,Portable Espresso Maker,Kitchen,1,2023-11-29 00:00:00,79.99,CUST-1174,United States,79.99
INV-101379,SKU-109,Laptop Stand Aluminum,Accessories,2,2024-02-07 00:00:00,39.99,CUST-1313,United States,79.98
INV-101380,SKU-104,Stainless Steel Water Bottle,Lifestyle,1,2024-02-18 00:00:00,24.99,CUST-1390,United States,24.99
INV-101381,SKU-106,USB-C Multiport Adapter,Accessories,3,2023-02-14 00:00:00,34.5,CUST-1469,United Kingdom,103.5
INV-101382,SKU-105,Smart Fitness Tracker Band,Wearables,1,2024-02-06 00:00:00,59.99,CUST-1364,India,59.99
INV-101383,SKU-105,Smart Fitness Tracker Band,Wearables,1,2023-07-25 00:00:00,59.99,CUST-1419,United Kingdom,59.99
INV-101384,SKU-104,Stainless Steel Water Bottle,Lifestyle,10,2023-03-03 00:00:00,24.99,CUST-1088,United States,249.9
INV-101385,SKU-102,Ergonomic Office Chair,Furniture,1,2024-02-24 00:00:00,229.0,CUST-1256,United States,229.0
INV-101386,SKU-106,USB-C Multiport Adapter,Accessories,2,2024-04-12 00:00:00,34.5,CUST-1002,United States,69.0
INV-101387,SKU-109,Laptop Stand Aluminum,Accessories,1,2023-01-19 00:00:00,39.99,CUST-1140,United Kingdom,39.99
INV-101388,SKU-101,Wireless Noise-Canceling Headphones,Audio,2,2023-12-31 00:00:00,149.99,CUST-1403,United Kingdom,299.98
INV-101389,SKU-107,Organic Cotton Throw Blanket,Home,2,2023-10-27 00:00:00,45.0,CUST-1499,United States,90.0
INV-101390,SKU-106,USB-C Multiport Adapter,Accessories,1,2023-01-07 00:00:00,34.5,CUST-1053,Germany,34.5
INV-101391,SKU-103,Mechanical Gaming Keyboard,Peripherals,3,2024-03-03 00:00:00,89.5,CUST-1240,Germany,268.5
INV-101392,SKU-101,Wireless Noise-Canceling Headphones,Audio,2,2023-04-27 00:00:00,149.99,CUST-1441,United States,299.98
INV-101393,SKU-104,Stainless Steel Water Bottle,Lifestyle,1,2024-05-21 00:00:00,24.99,CUST-1120,United States,24.99
INV-101394,SKU-109,Laptop Stand Aluminum,Accessories,1,2024-06-29 00:00:00,39.99,CUST-1305,India,39.99
INV-101395,SKU-102,Ergonomic Office Chair,Furniture,1,2023-11-21 00:00:00,229.0,CUST-1405,United States,229.0
INV-101396,SKU-103,Mechanical Gaming Keyboard,Peripherals,1,2023-02-24 00:00:00,89.5,CUST-1352,Canada,89.5
INV-101397,SKU-102,Ergonomic Office Chair,Furniture,1,2023-02-11 00:00:00,229.0,CUST-1113,United Kingdom,229.0
INV-101398,SKU-102,Ergonomic Office Chair,Furniture,1,2023-10-24 00:00:00,229.0,CUST-1207,Canada,229.0
INV-101399,SKU-110,LED Desk Lamp with Wireless Charging,Lighting,1,2023-08-19 00:00:00,49.99,CUST-1441,Canada,49.99
INV-101400,SKU-108,Portable Espresso Maker,Kitchen,2,2024-03-28 00:00:00,79.99,CUST-1305,Germany,159.98
INV-101401,SKU-103,Mechanical Gaming Keyboard,Peripherals,1,2024-01-29 00:00:00,89.5,CUST-1001,Australia,89.5
INV-101402,SKU-107,Organic Cotton Throw Blanket,Home,5,2024-06-05 00:00:00,45.0,CUST-1419,France,225.0
INV-101403,SKU-108,Portable Espresso Maker,Kitchen,1,2023-12-24 00:00:00,79.99,CUST-1020,United Kingdom,79.99
INV-101404,SKU-103,Mechanical Gaming Keyboard,Peripherals,1,2024-03-19 00:00:00,89.5,CUST-1411,United States,89.5
INV-101405,SKU-102,Ergonomic Office Chair,Furniture,2,2023-05-08 00:00:00,229.0,CUST-1119,United States,458.0
INV-101406,SKU-108,Portable Espresso Maker,Kitchen,1,2024-02-09 00:00:00,79.99,CUST-1489,Canada,79.99
INV-101407,SKU-103,Mechanical Gaming Keyboard,Peripherals,1,2024-01-27 00:00:00,89.5,CUST-1219,Germany,89.5
INV-101408,SKU-107,Organic Cotton Throw Blanket,Home,1,2023-07-12 00:00:00,45.0,CUST-1191,United States,45.0
INV-101409,SKU-101,Wireless Noise-Canceling Headphones,Audio,1,2023-03-19 00:00:00,149.99,CUST-1080,United States,149.99
INV-101410,SKU-106,USB-C Multiport Adapter,Accessories,1,2023-03-26 00:00:00,34.5,CUST-1178,Germany,34.5
INV-101411,SKU-109,Laptop Stand Aluminum,Accessories,10,2023-01-30 00:00:00,39.99,CUST-1469,United States,399.9
INV-101412,SKU-103,Mechanical Gaming Keyboard,Peripherals,1,2023-02-18 00:00:00,89.5,CUST-1499,United Kingdom,89.5
INV-101413,SKU-107,Organic Cotton Throw Blanket,Home,4,2023-05-25 00:00:00,45.0,CUST-1220,Germany,180.0
INV-101414,SKU-106,USB-C Multiport Adapter,Accessories,2,2023-03-10 00:00:00,34.5,CUST-1249,United Kingdom,69.0
INV-101415,SKU-108,Portable Espresso Maker,Kitchen,1,2023-02-27 00:00:00,79.99,CUST-1401,United States,79.99
INV-101416,SKU-103,Mechanical Gaming Keyboard,Peripherals,1,2024-04-23 00:00:00,89.5,CUST-1471,United States,89.5
INV-101417,SKU-103,Mechanical Gaming Keyboard,Peripherals,3,2024-03-20 00:00:00,89.5,CUST-1325,United States,268.5
INV-101418,SKU-104,Stainless Steel Water Bottle,Lifestyle,4,2023-10-23 00:00:00,24.99,CUST-1230,United States,99.96
INV-101419,SKU-103,Mechanical Gaming Keyboard,Peripherals,1,2023-06-20 00:00:00,89.5,CUST-1241,United Kingdom,89.5
INV-101420,SKU-109,Laptop Stand Aluminum,Accessories,1,2023-05-27 00:00:00,39.99,CUST-1390,United Kingdom,39.99
INV-101421,SKU-104,Stainless Steel Water Bottle,Lifestyle,1,2024-04-28 00:00:00,24.99,CUST-1001,United States,24.99
INV-101422,SKU-106,USB-C Multiport Adapter,Accessories,1,2023-11-02 00:00:00,34.5,CUST-1357,United States,34.5
INV-101423,SKU-108,Portable Espresso Maker,Kitchen,1,2024-03-21 00:00:00,79.99,CUST-1207,United States,79.99
INV-101424,SKU-108,Portable Espresso Maker,Kitchen,3,2023-08-09 00:00:00,79.99,CUST-1441,India,239.97
INV-101425,SKU-105,Smart Fitness Tracker Band,Wearables,1,2024-01-13 00:00:00,59.99,CUST-1052,United Kingdom,59.99
INV-101426,SKU-105,Smart Fitness Tracker Band,Wearables,2,2023-09-23 00:00:00,59.99,CUST-1324,Australia,119.98
INV-101427,SKU-106,USB-C Multiport Adapter,Accessories,2,2023-04-05 00:00:00,34.5,CUST-1261,Canada,69.0
INV-101428,SKU-110,LED Desk Lamp with Wireless Charging,Lighting,1,2023-09-19 00:00:00,49.99,CUST-1366,United Kingdom,49.99
INV-101429,SKU-107,Organic Cotton Throw Blanket,Home,1,2023-03-12 00:00:00,45.0,CUST-1038,Germany,45.0
INV-101430,SKU-110,LED Desk Lamp with Wireless Charging,Lighting,2,2023-08-07 00:00:00,49.99,CUST-1320,United States,99.98
INV-101431,SKU-107,Organic Cotton Throw Blanket,Home,3,2024-06-16 00:00:00,45.0,CUST-1308,Germany,135.0
INV-101432,SKU-104,Stainless Steel Water Bottle,Lifestyle,2,2023-04-02 00:00:00,24.99,CUST-1307,United States,49.98
INV-101433,SKU-106,USB-C Multiport Adapter,Accessories,1,2023-05-07 00:00:00,34.5,CUST-1337,Canada,34.5
INV-101434,SKU-107,Organic Cotton Throw Blanket,Home,1,2023-03-21 00:00:00,45.0,CUST-1389,United States,45.0
INV-101435,SKU-105,Smart Fitness Tracker Band,Wearables,1,2023-08-26 00:00:00,59.99,CUST-1443,Canada,59.99
INV-101436,SKU-105,Smart Fitness Tracker Band,Wearables,1,2024-01-07 00:00:00,59.99,CUST-1154,United States,59.99
INV-101437,SKU-102,Ergonomic Office Chair,Furniture,2,2024-04-30 00:00:00,229.0,CUST-1446,Australia,458.0
INV-101438,SKU-107,Organic Cotton Throw Blanket,Home,1,2023-01-25 00:00:00,45.0,CUST-1266,United States,45.0
INV-101439,SKU-106,USB-C Multiport Adapter,Accessories,3,2023-06-05 00:00:00,34.5,CUST-1050,Germany,103.5
INV-101440,SKU-101,Wireless Noise-Canceling Headphones,Audio,1,2024-05-31 00:00:00,149.99,CUST-1034,United Kingdom,149.99
INV-101441,SKU-104,Stainless Steel Water Bottle,Lifestyle,2,2024-06-13 00:00:00,24.99,CUST-1194,United States,49.98
INV-101442,SKU-103,Mechanical Gaming Keyboard,Peripherals,8,2023-02-26 00:00:00,89.5,CUST-1441,Germany,716.0
INV-101443,SKU-103,Mechanical Gaming Keyboard,Peripherals,1,2023-01-19 00:00:00,89.5,CUST-1395,France,89.5
INV-101444,SKU-107,Organic Cotton Throw Blanket,Home,4,2024-01-19 00:00:00,45.0,CUST-1441,United States,180.0
INV-101445,SKU-110,LED Desk Lamp with Wireless Charging,Lighting,1,2023-07-12 00:00:00,49.99,CUST-1275,Australia,49.99
INV-101446,SKU-104,Stainless Steel Water Bottle,Lifestyle,1,2023-08-25 00:00:00,24.99,CUST-1248,United Kingdom,24.99
INV-101447,SKU-108,Portable Espresso Maker,Kitchen,3,2024-01-22 00:00:00,79.99,CUST-1076,Canada,239.97
INV-101448,SKU-109,Laptop Stand Aluminum,Accessories,4,2024-03-01 00:00:00,39.99,CUST-1192,United States,159.96
INV-101449,SKU-103,Mechanical Gaming Keyboard,Peripherals,1,2023-10-04 00:00:00,89.5,CUST-1247,United Kingdom,89.5
INV-101450,SKU-105,Smart Fitness Tracker Band,Wearables,1,2023-08-15 00:00:00,59.99,CUST-1051,Australia,59.99
INV-101451,SKU-104,Stainless Steel Water Bottle,Lifestyle,2,2023-11-19 00:00:00,24.99,CUST-1134,United States,49.98
INV-101452,SKU-110,LED Desk Lamp with Wireless Charging,Lighting,3,2023-06-02 00:00:00,49.99,CUST-1331,United Kingdom,149.97
INV-101453,SKU-106,USB-C Multiport Adapter,Accessories,1,2023-08-25 00:00:00,34.5,CUST-1408,United States,34.5
INV-101454,SKU-110,LED Desk Lamp with Wireless Charging,Lighting,3,2023-02-24 00:00:00,49.99,CUST-1499,United States,149.97
INV-101455,SKU-104,Stainless Steel Water Bottle,Lifestyle,1,2024-03-11 00:00:00,24.99,CUST-1478,Germany,24.99
INV-101456,SKU-108,Portable Espresso Maker,Kitchen,1,2023-04-19 00:00:00,79.99,CUST-1366,Germany,79.99
INV-101457,SKU-103,Mechanical Gaming Keyboard,Peripherals,1,2023-07-03 00:00:00,89.5,CUST-1245,United Kingdom,89.5
INV-101458,SKU-105,Smart Fitness Tracker Band,Wearables,1,2024-01-03 00:00:00,59.99,CUST-1364,United States,59.99
INV-101459,SKU-101,Wireless Noise-Canceling Headphones,Audio,5,2023-07-17 00:00:00,149.99,CUST-1441,United States,749.95
INV-101460,SKU-106,USB-C Multiport Adapter,Accessories,1,2024-01-06 00:00:00,34.5,CUST-1069,United States,34.5
INV-101461,SKU-105,Smart Fitness Tracker Band,Wearables,5,2024-01-08 00:00:00,59.99,CUST-1241,United Kingdom,299.95
INV-101462,SKU-108,Portable Espresso Maker,Kitchen,1,2024-05-11 00:00:00,79.99,CUST-1450,Australia,79.99
INV-101463,SKU-109,Laptop Stand Aluminum,Accessories,2,2023-07-20 00:00:00,39.99,CUST-1226,Canada,79.98
INV-101464,SKU-108,Portable Espresso Maker,Kitchen,3,2024-05-23 00:00:00,79.99,CUST-1313,United States,239.97
INV-101465,SKU-108,Portable Espresso Maker,Kitchen,2,2023-11-18 00:00:00,79.99,CUST-1324,Australia,159.98
INV-101466,SKU-103,Mechanical Gaming Keyboard,Peripherals,2,2023-10-02 00:00:00,89.5,CUST-1112,United Kingdom,179.0
INV-101467,SKU-104,Stainless Steel Water Bottle,Lifestyle,1,2023-07-30 00:00:00,24.99,CUST-1217,Germany,24.99
INV-101468,SKU-104,Stainless Steel Water Bottle,Lifestyle,3,2024-05-18 00:00:00,24.99,CUST-1195,United States,74.97
INV-101469,SKU-105,Smart Fitness Tracker Band,Wearables,3,2023-04-28 00:00:00,59.99,CUST-1011,Germany,179.97
INV-101470,SKU-109,Laptop Stand Aluminum,Accessories,1,2023-02-11 00:00:00,39.99,CUST-1011,United States,39.99
INV-101471,SKU-109,Laptop Stand Aluminum,Accessories,3,2023-11-11 00:00:00,39.99,CUST-1446,United States,119.97
INV-101472,SKU-110,LED Desk Lamp with Wireless Charging,Lighting,1,2023-11-25 00:00:00,49.99,CUST-1154,United States,49.99
INV-101473,SKU-101,Wireless Noise-Canceling Headphones,Audio,1,2023-01-17 00:00:00,149.99,CUST-1276,United States,149.99
INV-101474,SKU-108,Portable Espresso Maker,Kitchen,3,2023-10-10 00:00:00,79.99,CUST-1176,United States,239.97
INV-101475,SKU-101,Wireless Noise-Canceling Headphones,Audio,1,2023-09-15 00:00:00,149.99,CUST-1481,United States,149.99
INV-101476,SKU-102,Ergonomic Office Chair,Furniture,3,2023-01-19 00:00:00,229.0,CUST-1150,United States,687.0
INV-101477,SKU-107,Organic Cotton Throw Blanket,Home,1,2024-06-12 00:00:00,45.0,CUST-1247,Germany,45.0
INV-101478,SKU-108,Portable Espresso Maker,Kitchen,1,2024-02-27 00:00:00,79.99,CUST-1469,United States,79.99
INV-101479,SKU-101,Wireless Noise-Canceling Headphones,Audio,1,2024-04-10 00:00:00,149.99,CUST-1453,United Kingdom,149.99
INV-101480,SKU-103,Mechanical Gaming Keyboard,Peripherals,1,2024-01-08 00:00:00,89.5,CUST-1112,United States,89.5
INV-101481,SKU-107,Organic Cotton Throw Blanket,Home,2,2023-03-22 00:00:00,45.0,CUST-1441,France,90.0
INV-101482,SKU-109,Laptop Stand Aluminum,Accessories,1,2024-02-28 00:00:00,39.99,CUST-1256,France,39.99
INV-101483,SKU-108,Portable Espresso Maker,Kitchen,1,2024-03-04 00:00:00,79.99,CUST-1261,United States,79.99
INV-101484,SKU-108,Portable Espresso Maker,Kitchen,1,2024-01-23 00:00:00,79.99,CUST-1069,United Kingdom,79.99
INV-101485,SKU-109,Laptop Stand Aluminum,Accessories,1,2023-07-23 00:00:00,39.99,CUST-1050,United States,39.99
INV-101486,SKU-110,LED Desk Lamp with Wireless Charging,Lighting,2,2023-07-15 00:00:00,49.99,CUST-1403,France,99.98
INV-101487,SKU-103,Mechanical Gaming Keyboard,Peripherals,1,2023-10-12 00:00:00,89.5,CUST-1265,United Kingdom,89.5
INV-101488,SKU-108,Portable Espresso Maker,Kitchen,2,2023-07-15 00:00:00,79.99,CUST-1247,United States,159.98
INV-101489,SKU-101,Wireless Noise-Canceling Headphones,Audio,4,2023-11-03 00:00:00,149.99,CUST-1405,United States,599.96
INV-101490,SKU-108,Portable Espresso Maker,Kitchen,2,2023-01-14 00:00:00,79.99,CUST-1421,United States,159.98
INV-101491,SKU-107,Organic Cotton Throw Blanket,Home,3,2023-05-26 00:00:00,45.0,CUST-1088,United States,135.0
INV-101492,SKU-108,Portable Espresso Maker,Kitchen,1,2023-02-26 00:00:00,79.99,CUST-1348,Germany,79.99
INV-101493,SKU-101,Wireless Noise-Canceling Headphones,Audio,1,2023-07-29 00:00:00,149.99,CUST-1069,United Kingdom,149.99
INV-101494,SKU-106,USB-C Multiport Adapter,Accessories,4,2024-06-12 00:00:00,34.5,CUST-1412,United States,138.0
INV-101495,SKU-107,Organic Cotton Throw Blanket,Home,2,2023-12-10 00:00:00,45.0,CUST-1376,United States,90.0
INV-101496,SKU-105,Smart Fitness Tracker Band,Wearables,2,2023-10-06 00:00:00,59.99,CUST-1488,United States,119.98
INV-101497,SKU-105,Smart Fitness Tracker Band,Wearables,2,2023-07-28 00:00:00,59.99,CUST-1043,United States,119.98
INV-101498,SKU-107,Organic Cotton Throw Blanket,Home,1,2023-12-01 00:00:00,45.0,CUST-1034,Canada,45.0
INV-101499,SKU-103,Mechanical Gaming Keyboard,Peripherals,1,2023-10-15 00:00:00,89.5,CUST-1156,United States,89.5
INV-101500,SKU-106,USB-C Multiport Adapter,Accessories,2,2023-09-09 00:00:00,34.5,CUST-1154,United Kingdom,69.0
INV-101501,SKU-107,Organic Cotton Throw Blanket,Home,2,2023-09-22 00:00:00,45.0,CUST-1140,United States,90.0
INV-101502,SKU-101,Wireless Noise-Canceling Headphones,Audio,1,2023-09-28 00:00:00,149.99,CUST-1475,United States,149.99
INV-101503,SKU-102,Ergonomic Office Chair,Furniture,4,2024-02-23 00:00:00,229.0,CUST-1140,Germany,916.0
INV-101504,SKU-104,Stainless Steel Water Bottle,Lifestyle,1,2023-07-30 00:00:00,24.99,CUST-1154,United Kingdom,24.99
INV-101505,SKU-108,Portable Espresso Maker,Kitchen,1,2023-12-31 00:00:00,79.99,CUST-1418,United States,79.99
INV-101506,SKU-110,LED Desk Lamp with Wireless Charging,Lighting,3,2023-03-17 00:00:00,49.99,CUST-1249,United Kingdom,149.97
INV-101507,SKU-106,USB-C Multiport Adapter,Accessories,2,2023-11-17 00:00:00,34.5,CUST-1432,United Kingdom,69.0
INV-101508,SKU-101,Wireless Noise-Canceling Headphones,Audio,1,2024-03-08 00:00:00,149.99,CUST-1038,United States,149.99
INV-101509,SKU-110,LED Desk Lamp with Wireless Charging,Lighting,1,2023-04-19 00:00:00,49.99,,United Kingdom,49.99
INV-101510,SKU-105,Smart Fitness Tracker Band,Wearables,1,2024-06-05 00:00:00,59.99,CUST-1017,Germany,59.99
INV-101511,SKU-107,Organic Cotton Throw Blanket,Home,2,2023-02-16 00:00:00,45.0,CUST-1035,United States,90.0
INV-101512,SKU-106,USB-C Multiport Adapter,Accessories,1,2024-01-14 00:00:00,34.5,CUST-1475,United Kingdom,34.5
INV-101513,SKU-109,Laptop Stand Aluminum,Accessories,3,2023-04-06 00:00:00,39.99,CUST-1070,United States,119.97
INV-101514,SKU-108,Portable Espresso Maker,Kitchen,5,2023-04-13 00:00:00,79.99,CUST-1287,United States,399.95
INV-101515,SKU-104,Stainless Steel Water Bottle,Lifestyle,3,2023-05-26 00:00:00,24.99,CUST-1241,United Kingdom,74.97
INV-101516,SKU-105,Smart Fitness Tracker Band,Wearables,1,2023-01-27 00:00:00,59.99,CUST-1200,Australia,59.99
INV-101517,SKU-107,Organic Cotton Throw Blanket,Home,2,2024-06-13 00:00:00,45.0,CUST-1475,Australia,90.0
INV-101518,SKU-108,Portable Espresso Maker,Kitchen,1,2023-03-23 00:00:00,79.99,CUST-1011,United States,79.99
INV-101519,SKU-105,Smart Fitness Tracker Band,Wearables,1,2024-03-03 00:00:00,59.99,CUST-1383,United States,59.99
INV-101520,SKU-109,Laptop Stand Aluminum,Accessories,1,2024-04-23 00:00:00,39.99,CUST-1491,United Kingdom,39.99
INV-101521,SKU-110,LED Desk Lamp with Wireless Charging,Lighting,1,2023-06-11 00:00:00,49.99,CUST-1306,United States,49.99
INV-101522,SKU-104,Stainless Steel Water Bottle,Lifestyle,4,2024-02-06 00:00:00,24.99,CUST-1478,Canada,99.96
INV-101523,SKU-104,Stainless Steel Water Bottle,Lifestyle,1,2024-05-22 00:00:00,24.99,CUST-1034,Germany,24.99
INV-101524,SKU-108,Portable Espresso Maker,Kitchen,1,2023-02-07 00:00:00,79.99,CUST-1242,Australia,79.99
INV-101525,SKU-101,Wireless Noise-Canceling Headphones,Audio,8,2024-05-25 00:00:00,149.99,CUST-1151,United States,1199.92
INV-101526,SKU-108,Portable Espresso Maker,Kitchen,1,2024-01-28 00:00:00,79.99,CUST-1405,United States,79.99
INV-101527,SKU-105,Smart Fitness Tracker Band,Wearables,2,2024-05-08 00:00:00,59.99,CUST-1499,Canada,119.98
INV-101528,SKU-101,Wireless Noise-Canceling Headphones,Audio,1,2023-07-19 00:00:00,149.99,CUST-1150,Germany,149.99
INV-101529,SKU-104,Stainless Steel Water Bottle,Lifestyle,1,2023-09-12 00:00:00,24.99,CUST-1373,Australia,24.99
INV-101530,SKU-102,Ergonomic Office Chair,Furniture,4,2023-06-28 00:00:00,229.0,CUST-1118,United States,916.0
INV-101531,SKU-104,Stainless Steel Water Bottle,Lifestyle,1,2024-01-24 00:00:00,24.99,CUST-1313,United Kingdom,24.99
INV-101532,SKU-108,Portable Espresso Maker,Kitchen,1,2024-02-02 00:00:00,79.99,CUST-1258,United Kingdom,79.99
INV-101533,SKU-105,Smart Fitness Tracker Band,Wearables,1,2023-06-07 00:00:00,59.99,CUST-1498,United States,59.99
INV-101534,SKU-101,Wireless Noise-Canceling Headphones,Audio,1,2023-01-04 00:00:00,149.99,CUST-1345,United Kingdom,149.99
INV-101535,SKU-107,Organic Cotton Throw Blanket,Home,1,2023-06-16 00:00:00,45.0,CUST-1203,United Kingdom,45.0
INV-101536,SKU-101,Wireless Noise-Canceling Headphones,Audio,1,2024-04-12 00:00:00,149.99,CUST-1067,United States,149.99
INV-101537,SKU-109,Laptop Stand Aluminum,Accessories,1,2024-02-13 00:00:00,39.99,CUST-1080,United States,39.99
INV-101538,SKU-103,Mechanical Gaming Keyboard,Peripherals,2,2024-02-16 00:00:00,89.5,CUST-1134,Germany,179.0
INV-101539,SKU-103,Mechanical Gaming Keyboard,Peripherals,1,2023-07-23 00:00:00,89.5,CUST-1140,United Kingdom,89.5
INV-101540,SKU-106,USB-C Multiport Adapter,Accessories,1,2023-07-13 00:00:00,34.5,CUST-1462,Australia,34.5
INV-101541,SKU-110,LED Desk Lamp with Wireless Charging,Lighting,1,2023-08-23 00:00:00,49.99,CUST-1308,United States,49.99
INV-101542,SKU-106,USB-C Multiport Adapter,Accessories,4,2023-05-30 00:00:00,34.5,CUST-1279,United States,138.0
INV-101543,SKU-106,USB-C Multiport Adapter,Accessories,4,2023-06-08 00:00:00,34.5,CUST-1067,India,138.0
INV-101544,SKU-101,Wireless Noise-Canceling Headphones,Audio,2,2023-10-06 00:00:00,149.99,CUST-1464,Australia,299.98
INV-101545,SKU-105,Smart Fitness Tracker Band,Wearables,4,2024-02-08 00:00:00,59.99,CUST-1401,United States,239.96
INV-101546,SKU-106,USB-C Multiport Adapter,Accessories,1,2023-11-07 00:00:00,34.5,CUST-1043,Canada,34.5
INV-101547,SKU-108,Portable Espresso Maker,Kitchen,1,2023-03-09 00:00:00,79.99,CUST-1395,United States,79.99
INV-101548,SKU-101,Wireless Noise-Canceling Headphones,Audio,2,2024-04-07 00:00:00,149.99,CUST-1303,United States,299.98
INV-101549,SKU-105,Smart Fitness Tracker Band,Wearables,2,2023-03-29 00:00:00,59.99,CUST-1050,United States,119.98
INV-101550,SKU-103,Mechanical Gaming Keyboard,Peripherals,1,2023-08-05 00:00:00,89.5,CUST-1256,United States,89.5
INV-101551,SKU-102,Ergonomic Office Chair,Furniture,1,2023-01-01 00:00:00,229.0,CUST-1261,Canada,229.0
INV-101552,SKU-108,Portable Espresso Maker,Kitchen,10,2023-05-15 00:00:00,79.99,CUST-1093,Germany,799.9
INV-101553,SKU-107,Organic Cotton Throw Blanket,Home,3,2023-12-17 00:00:00,45.0,CUST-1485,India,135.0
INV-101554,SKU-110,LED Desk Lamp with Wireless Charging,Lighting,1,2023-05-20 00:00:00,49.99,CUST-1462,Germany,49.99
INV-101555,SKU-107,Organic Cotton Throw Blanket,Home,2,2023-05-13 00:00:00,45.0,CUST-1384,United States,90.0
INV-101556,SKU-105,Smart Fitness Tracker Band,Wearables,1,2023-06-27 00:00:00,59.99,CUST-1257,Germany,59.99
INV-101557,SKU-109,Laptop Stand Aluminum,Accessories,1,2023-12-24 00:00:00,39.99,CUST-1241,India,39.99
INV-101558,SKU-105,Smart Fitness Tracker Band,Wearables,1,2024-01-15 00:00:00,59.99,CUST-1367,Germany,59.99
INV-101559,SKU-102,Ergonomic Office Chair,Furniture,1,2024-03-25 00:00:00,229.0,CUST-1304,Canada,229.0
INV-101560,SKU-103,Mechanical Gaming Keyboard,Peripherals,1,2024-04-07 00:00:00,89.5,CUST-1035,France,89.5
INV-101561,SKU-104,Stainless Steel Water Bottle,Lifestyle,3,2023-04-18 00:00:00,24.99,CUST-1273,United States,74.97
INV-101562,SKU-105,Smart Fitness Tracker Band,Wearables,1,2023-05-02 00:00:00,59.99,CUST-1444,Germany,59.99
INV-101563,SKU-103,Mechanical Gaming Keyboard,Peripherals,1,2023-01-17 00:00:00,89.5,CUST-1256,Australia,89.5
INV-101564,SKU-107,Organic Cotton Throw Blanket,Home,1,2023-07-15 00:00:00,45.0,CUST-1034,France,45.0
INV-101565,SKU-105,Smart Fitness Tracker Band,Wearables,1,2023-11-23 00:00:00,59.99,CUST-1441,United States,59.99
INV-101566,SKU-105,Smart Fitness Tracker Band,Wearables,4,2023-11-14 00:00:00,59.99,CUST-1118,United Kingdom,239.96
INV-101567,SKU-106,USB-C Multiport Adapter,Accessories,2,2024-04-23 00:00:00,34.5,CUST-1150,Germany,69.0
INV-101568,SKU-107,Organic Cotton Throw Blanket,Home,5,2023-09-09 00:00:00,45.0,CUST-1092,United States,225.0
INV-101569,SKU-110,LED Desk Lamp with Wireless Charging,Lighting,10,2024-05-17 00:00:00,49.99,CUST-1192,United Kingdom,499.9
INV-101570,SKU-110,LED Desk Lamp with Wireless Charging,Lighting,1,2023-04-29 00:00:00,49.99,CUST-1414,United States,49.99
INV-101571,SKU-108,Portable Espresso Maker,Kitchen,1,2024-05-12 00:00:00,79.99,CUST-1276,United States,79.99
INV-101572,SKU-109,Laptop Stand Aluminum,Accessories,3,2024-04-30 00:00:00,39.99,CUST-1120,United States,119.97
INV-101573,SKU-104,Stainless Steel Water Bottle,Lifestyle,10,2023-02-14 00:00:00,24.99,CUST-1471,United Kingdom,249.9
INV-101574,SKU-105,Smart Fitness Tracker Band,Wearables,2,2023-11-10 00:00:00,59.99,CUST-1471,United States,119.98
INV-101575,SKU-105,Smart Fitness Tracker Band,Wearables,2,2023-06-28 00:00:00,59.99,CUST-1469,United Kingdom,119.98
INV-101576,SKU-108,Portable Espresso Maker,Kitchen,2,2024-02-22 00:00:00,79.99,CUST-1139,United States,159.98
INV-101577,SKU-109,Laptop Stand Aluminum,Accessories,1,2023-03-19 00:00:00,39.99,CUST-1252,United States,39.99
INV-101578,SKU-107,Organic Cotton Throw Blanket,Home,1,2023-11-22 00:00:00,45.0,CUST-1499,United States,45.0
INV-101579,SKU-105,Smart Fitness Tracker Band,Wearables,3,2023-12-23 00:00:00,59.99,CUST-1427,United States,179.97
INV-101580,SKU-103,Mechanical Gaming Keyboard,Peripherals,2,2024-02-20 00:00:00,89.5,CUST-1011,United Kingdom,179.0
INV-101581,SKU-101,Wireless Noise-Canceling Headphones,Audio,1,2024-05-29 00:00:00,149.99,CUST-1038,Canada,149.99
INV-101582,SKU-109,Laptop Stand Aluminum,Accessories,1,2023-08-02 00:00:00,39.99,CUST-1258,United States,39.99
INV-101583,SKU-105,Smart Fitness Tracker Band,Wearables,1,2023-03-15 00:00:00,59.99,CUST-1475,United States,59.99
INV-101584,SKU-109,Laptop Stand Aluminum,Accessories,1,2024-05-23 00:00:00,39.99,CUST-1296,Germany,39.99
INV-101585,SKU-110,LED Desk Lamp with Wireless Charging,Lighting,4,2023-11-28 00:00:00,49.99,CUST-1265,United States,199.96
INV-101586,SKU-104,Stainless Steel Water Bottle,Lifestyle,1,2023-04-03 00:00:00,24.99,CUST-1055,France,24.99
INV-101587,SKU-105,Smart Fitness Tracker Band,Wearables,1,2024-06-02 00:00:00,59.99,CUST-1376,Germany,59.99
INV-101588,SKU-104,Stainless Steel Water Bottle,Lifestyle,1,2023-09-26 00:00:00,24.99,CUST-1446,United States,24.99
INV-101589,SKU-102,Ergonomic Office Chair,Furniture,2,2024-01-11 00:00:00,229.0,CUST-1226,United States,458.0
INV-101590,SKU-101,Wireless Noise-Canceling Headphones,Audio,1,2023-01-04 00:00:00,149.99,CUST-1431,United Kingdom,149.99
INV-101591,SKU-108,Portable Espresso Maker,Kitchen,1,2023-05-18 00:00:00,79.99,CUST-1494,United States,79.99
INV-101592,SKU-104,Stainless Steel Water Bottle,Lifestyle,1,2023-08-19 00:00:00,24.99,CUST-1120,United States,24.99
INV-101593,SKU-105,Smart Fitness Tracker Band,Wearables,1,2024-06-12 00:00:00,59.99,CUST-1279,United States,59.99
INV-101594,SKU-106,USB-C Multiport Adapter,Accessories,1,2023-02-21 00:00:00,34.5,CUST-1161,Canada,34.5
INV-101595,SKU-108,Portable Espresso Maker,Kitchen,1,2023-11-21 00:00:00,79.99,CUST-1441,United Kingdom,79.99
INV-101596,SKU-108,Portable Espresso Maker,Kitchen,5,2023-10-04 00:00:00,79.99,CUST-1315,United States,399.95
INV-101597,SKU-107,Organic Cotton Throw Blanket,Home,1,2024-06-19 00:00:00,45.0,CUST-1364,Germany,45.0
INV-101598,SKU-104,Stainless Steel Water Bottle,Lifestyle,1,2024-04-30 00:00:00,24.99,CUST-1441,United States,24.99
INV-101599,SKU-106,USB-C Multiport Adapter,Accessories,2,2024-05-30 00:00:00,34.5,CUST-1235,United Kingdom,69.0
INV-101600,SKU-104,Stainless Steel Water Bottle,Lifestyle,1,2023-06-01 00:00:00,24.99,CUST-1475,United States,24.99
INV-101601,SKU-107,Organic Cotton Throw Blanket,Home,2,2024-04-27 00:00:00,45.0,CUST-1289,United Kingdom,90.0
INV-101602,SKU-101,Wireless Noise-Canceling Headphones,Audio,1,2023-09-16 00:00:00,149.99,CUST-1088,India,149.99
INV-101603,SKU-105,Smart Fitness Tracker Band,Wearables,1,2023-11-20 00:00:00,59.99,CUST-1390,United States,59.99
INV-101604,SKU-110,LED Desk Lamp with Wireless Charging,Lighting,2,2023-06-17 00:00:00,49.99,CUST-1441,United States,99.98
INV-101605,SKU-110,LED Desk Lamp with Wireless Charging,Lighting,4,2023-11-06 00:00:00,49.99,CUST-1183,United States,199.96
INV-101606,SKU-104,Stainless Steel Water Bottle,Lifestyle,1,2024-04-23 00:00:00,24.99,CUST-1464,United States,24.99
INV-101607,SKU-107,Organic Cotton Throw Blanket,Home,1,2023-02-25 00:00:00,45.0,CUST-1475,United States,45.0
INV-101608,SKU-109,Laptop Stand Aluminum,Accessories,1,2024-04-17 00:00:00,39.99,CUST-1154,Canada,39.99
INV-101609,SKU-105,Smart Fitness Tracker Band,Wearables,4,2023-10-23 00:00:00,59.99,CUST-1499,Australia,239.96
INV-101610,SKU-104,Stainless Steel Water Bottle,Lifestyle,4,2024-04-05 00:00:00,24.99,CUST-1073,United States,99.96
INV-101611,SKU-109,Laptop Stand Aluminum,Accessories,1,2023-11-20 00:00:00,39.99,CUST-1119,United Kingdom,39.99
INV-101612,SKU-105,Smart Fitness Tracker Band,Wearables,1,2023-05-21 00:00:00,59.99,CUST-1112,Germany,59.99
INV-101613,SKU-109,Laptop Stand Aluminum,Accessories,1,2023-09-19 00:00:00,39.99,CUST-1475,United Kingdom,39.99
INV-101614,SKU-108,Portable Espresso Maker,Kitchen,1,2024-02-24 00:00:00,79.99,CUST-1373,United States,79.99
INV-101615,SKU-104,Stainless Steel Water Bottle,Lifestyle,1,2023-08-29 00:00:00,24.99,CUST-1081,United States,24.99
INV-101616,SKU-107,Organic Cotton Throw Blanket,Home,1,2023-12-21 00:00:00,45.0,CUST-1248,United Kingdom,45.0
INV-101617,SKU-105,Smart Fitness Tracker Band,Wearables,2,2023-06-29 00:00:00,59.99,CUST-1351,United States,119.98
INV-101618,SKU-110,LED Desk Lamp with Wireless Charging,Lighting,5,2023-03-07 00:00:00,49.99,CUST-1050,Canada,249.95
INV-101619,SKU-104,Stainless Steel Water Bottle,Lifestyle,10,2023-12-14 00:00:00,24.99,CUST-1471,Canada,249.9
INV-101620,SKU-105,Smart Fitness Tracker Band,Wearables,1,2023-06-20 00:00:00,59.99,CUST-1441,United States,59.99
INV-101621,SKU-105,Smart Fitness Tracker Band,Wearables,1,2024-04-18 00:00:00,59.99,CUST-1271,United States,59.99
INV-101622,SKU-109,Laptop Stand Aluminum,Accessories,3,2024-06-17 00:00:00,39.99,CUST-1498,Australia,119.97
INV-101623,SKU-109,Laptop Stand Aluminum,Accessories,1,2024-01-02 00:00:00,39.99,CUST-1242,United Kingdom,39.99
INV-101624,SKU-106,USB-C Multiport Adapter,Accessories,2,2023-04-17 00:00:00,34.5,CUST-1499,Australia,69.0
INV-101625,SKU-104,Stainless Steel Water Bottle,Lifestyle,1,2024-03-14 00:00:00,24.99,CUST-1384,United States,24.99
INV-101626,SKU-102,Ergonomic Office Chair,Furniture,1,2023-08-15 00:00:00,229.0,CUST-1364,United Kingdom,229.0
INV-101627,SKU-103,Mechanical Gaming Keyboard,Peripherals,1,2024-03-19 00:00:00,89.5,CUST-1093,United Kingdom,89.5
INV-101628,SKU-102,Ergonomic Office Chair,Furniture,1,2024-03-17 00:00:00,229.0,CUST-1471,Australia,229.0
INV-101629,SKU-105,Smart Fitness Tracker Band,Wearables,2,2024-01-31 00:00:00,59.99,CUST-1247,United States,119.98
INV-101630,SKU-106,USB-C Multiport Adapter,Accessories,1,2023-03-25 00:00:00,34.5,CUST-1091,United States,34.5
INV-101631,SKU-105,Smart Fitness Tracker Band,Wearables,1,2023-01-13 00:00:00,59.99,CUST-1007,United States,59.99
INV-101632,SKU-102,Ergonomic Office Chair,Furniture,1,2024-05-07 00:00:00,229.0,CUST-1306,Australia,229.0
INV-101633,SKU-105,Smart Fitness Tracker Band,Wearables,3,2023-09-25 00:00:00,59.99,CUST-1280,France,179.97
INV-101634,SKU-109,Laptop Stand Aluminum,Accessories,1,2024-06-08 00:00:00,39.99,CUST-1399,India,39.99
INV-101635,SKU-104,Stainless Steel Water Bottle,Lifestyle,1,2023-04-30 00:00:00,24.99,CUST-1473,France,24.99
INV-101636,SKU-110,LED Desk Lamp with Wireless Charging,Lighting,1,2023-12-19 00:00:00,49.99,,United States,49.99
INV-101637,SKU-102,Ergonomic Office Chair,Furniture,1,2023-02-26 00:00:00,229.0,CUST-1405,United States,229.0
INV-101638,SKU-103,Mechanical Gaming Keyboard,Peripherals,1,2023-02-09 00:00:00,89.5,CUST-1112,United States,89.5
INV-101639,SKU-103,Mechanical Gaming Keyboard,Peripherals,2,2023-12-02 00:00:00,89.5,CUST-1464,United States,179.0
INV-101640,SKU-109,Laptop Stand Aluminum,Accessories,1,2023-06-22 00:00:00,39.99,CUST-1446,Canada,39.99
INV-101641,SKU-104,Stainless Steel Water Bottle,Lifestyle,1,2023-09-16 00:00:00,24.99,CUST-1298,Australia,24.99
INV-101642,SKU-101,Wireless Noise-Canceling Headphones,Audio,2,2024-05-31 00:00:00,149.99,CUST-1395,United States,299.98
INV-101643,SKU-101,Wireless Noise-Canceling Headphones,Audio,1,2024-06-06 00:00:00,149.99,CUST-1183,United Kingdom,149.99
INV-101644,SKU-107,Organic Cotton Throw Blanket,Home,1,2023-04-27 00:00:00,45.0,CUST-1261,Australia,45.0
INV-101645,SKU-107,Organic Cotton Throw Blanket,Home,1,2023-07-03 00:00:00,45.0,CUST-1446,United Kingdom,45.0
INV-101646,SKU-102,Ergonomic Office Chair,Furniture,1,2023-04-26 00:00:00,229.0,CUST-1256,United States,229.0
INV-101647,SKU-109,Laptop Stand Aluminum,Accessories,2,2023-06-11 00:00:00,39.99,CUST-1211,United Kingdom,79.98
INV-101648,SKU-109,Laptop Stand Aluminum,Accessories,2,2024-06-26 00:00:00,39.99,CUST-1264,United States,79.98
INV-101649,SKU-105,Smart Fitness Tracker Band,Wearables,2,2023-08-25 00:00:00,59.99,CUST-1446,United Kingdom,119.98
INV-101650,SKU-103,Mechanical Gaming Keyboard,Peripherals,2,2023-03-07 00:00:00,89.5,CUST-1196,United States,179.0
INV-101651,SKU-103,Mechanical Gaming Keyboard,Peripherals,1,2023-03-11 00:00:00,89.5,CUST-1104,United States,89.5
INV-101652,SKU-103,Mechanical Gaming Keyboard,Peripherals,1,2024-03-22 00:00:00,89.5,CUST-1395,India,89.5
INV-101653,SKU-106,USB-C Multiport Adapter,Accessories,1,2024-02-20 00:00:00,34.5,CUST-1446,United Kingdom,34.5
INV-101654,SKU-104,Stainless Steel Water Bottle,Lifestyle,1,2024-06-15 00:00:00,24.99,CUST-1053,United Kingdom,24.99
INV-101655,SKU-108,Portable Espresso Maker,Kitchen,10,2024-03-16 00:00:00,79.99,CUST-1139,France,799.9
INV-101656,SKU-105,Smart Fitness Tracker Band,Wearables,3,2024-04-08 00:00:00,59.99,CUST-1073,United States,179.97
INV-101657,SKU-101,Wireless Noise-Canceling Headphones,Audio,1,2024-01-31 00:00:00,149.99,CUST-1200,United States,149.99
INV-101658,SKU-109,Laptop Stand Aluminum,Accessories,1,2024-01-30 00:00:00,39.99,,Canada,39.99
INV-101659,SKU-101,Wireless Noise-Canceling Headphones,Audio,1,2023-11-22 00:00:00,149.99,CUST-1412,United States,149.99
INV-101660,SKU-106,USB-C Multiport Adapter,Accessories,1,2023-04-01 00:00:00,34.5,CUST-1367,Canada,34.5
INV-101661,SKU-101,Wireless Noise-Canceling Headphones,Audio,1,2023-03-11 00:00:00,149.99,CUST-1358,United States,149.99
INV-101662,SKU-103,Mechanical Gaming Keyboard,Peripherals,1,2023-06-15 00:00:00,89.5,CUST-1203,United States,89.5
INV-101663,SKU-110,LED Desk Lamp with Wireless Charging,Lighting,3,2023-08-02 00:00:00,49.99,CUST-1452,United Kingdom,149.97
INV-101664,SKU-105,Smart Fitness Tracker Band,Wearables,2,2023-12-01 00:00:00,59.99,CUST-1261,United States,119.98
INV-101665,SKU-110,LED Desk Lamp with Wireless Charging,Lighting,1,2024-01-04 00:00:00,49.99,CUST-1498,Canada,49.99
INV-101666,SKU-107,Organic Cotton Throw Blanket,Home,1,2023-02-18 00:00:00,45.0,CUST-1364,Germany,45.0
INV-101667,SKU-110,LED Desk Lamp with Wireless Charging,Lighting,1,2023-02-21 00:00:00,49.99,CUST-1069,France,49.99
INV-101668,SKU-108,Portable Espresso Maker,Kitchen,3,2023-10-16 00:00:00,79.99,CUST-1389,Canada,239.97
INV-101669,SKU-109,Laptop Stand Aluminum,Accessories,3,2023-08-27 00:00:00,39.99,CUST-1191,United States,119.97
INV-101670,SKU-106,USB-C Multiport Adapter,Accessories,4,2023-05-13 00:00:00,34.5,CUST-1390,Canada,138.0
INV-101671,SKU-109,Laptop Stand Aluminum,Accessories,1,2023-06-15 00:00:00,39.99,CUST-1043,Germany,39.99
INV-101672,SKU-108,Portable Espresso Maker,Kitchen,2,2024-01-09 00:00:00,79.99,CUST-1104,Germany,159.98
INV-101673,SKU-109,Laptop Stand Aluminum,Accessories,1,2024-01-08 00:00:00,39.99,CUST-1464,Canada,39.99
INV-101674,SKU-110,LED Desk Lamp with Wireless Charging,Lighting,1,2024-04-22 00:00:00,49.99,CUST-1137,United Kingdom,49.99
INV-101675,SKU-104,Stainless Steel Water Bottle,Lifestyle,1,2024-04-23 00:00:00,24.99,CUST-1447,United Kingdom,24.99
INV-101676,SKU-109,Laptop Stand Aluminum,Accessories,1,2023-10-27 00:00:00,39.99,CUST-1154,Germany,39.99
INV-101677,SKU-107,Organic Cotton Throw Blanket,Home,2,2023-03-23 00:00:00,45.0,CUST-1366,United States,90.0
INV-101678,SKU-105,Smart Fitness Tracker Band,Wearables,1,2023-03-28 00:00:00,59.99,CUST-1390,United States,59.99
INV-101679,SKU-105,Smart Fitness Tracker Band,Wearables,1,2023-08-13 00:00:00,59.99,CUST-1273,United Kingdom,59.99
INV-101680,SKU-101,Wireless Noise-Canceling Headphones,Audio,1,2023-01-16 00:00:00,149.99,CUST-1178,United States,149.99
INV-101681,SKU-102,Ergonomic Office Chair,Furniture,1,2023-12-24 00:00:00,229.0,CUST-1126,United States,229.0
INV-101682,SKU-110,LED Desk Lamp with Wireless Charging,Lighting,1,2023-06-12 00:00:00,49.99,CUST-1016,United States,49.99
INV-101683,SKU-103,Mechanical Gaming Keyboard,Peripherals,1,2024-05-28 00:00:00,89.5,CUST-1178,United Kingdom,89.5
INV-101684,SKU-108,Portable Espresso Maker,Kitchen,1,2023-12-16 00:00:00,79.99,CUST-1373,United States,79.99
INV-101685,SKU-106,USB-C Multiport Adapter,Accessories,1,2024-04-08 00:00:00,34.5,CUST-1478,Canada,34.5
INV-101686,SKU-110,LED Desk Lamp with Wireless Charging,Lighting,10,2024-01-10 00:00:00,49.99,CUST-1469,United States,499.9
INV-101687,SKU-105,Smart Fitness Tracker Band,Wearables,1,2023-04-02 00:00:00,59.99,CUST-1421,United Kingdom,59.99
INV-101688,SKU-101,Wireless Noise-Canceling Headphones,Audio,1,2023-06-30 00:00:00,149.99,CUST-1441,United States,149.99
INV-101689,SKU-109,Laptop Stand Aluminum,Accessories,1,2023-10-28 00:00:00,39.99,CUST-1383,Germany,39.99
INV-101690,SKU-103,Mechanical Gaming Keyboard,Peripherals,3,2023-07-08 00:00:00,89.5,CUST-1152,United States,268.5
INV-101691,SKU-103,Mechanical Gaming Keyboard,Peripherals,2,2023-11-10 00:00:00,89.5,CUST-1475,France,179.0
INV-101692,SKU-102,Ergonomic Office Chair,Furniture,1,2024-05-07 00:00:00,229.0,CUST-1385,France,229.0
INV-101693,SKU-104,Stainless Steel Water Bottle,Lifestyle,1,2023-05-08 00:00:00,24.99,CUST-1306,Canada,24.99
INV-101694,SKU-102,Ergonomic Office Chair,Furniture,2,2024-06-02 00:00:00,229.0,CUST-1062,France,458.0
INV-101695,SKU-109,Laptop Stand Aluminum,Accessories,2,2024-03-01 00:00:00,39.99,CUST-1249,United States,79.98
INV-101696,SKU-110,LED Desk Lamp with Wireless Charging,Lighting,2,2023-07-06 00:00:00,49.99,CUST-1256,United Kingdom,99.98
INV-101697,SKU-107,Organic Cotton Throw Blanket,Home,3,2024-03-28 00:00:00,45.0,CUST-1467,Germany,135.0
INV-101698,SKU-108,Portable Espresso Maker,Kitchen,3,2024-04-15 00:00:00,79.99,CUST-1305,Germany,239.97
INV-101699,SKU-103,Mechanical Gaming Keyboard,Peripherals,1,2023-08-12 00:00:00,89.5,CUST-1226,Australia,89.5
INV-101700,SKU-106,USB-C Multiport Adapter,Accessories,1,2023-06-03 00:00:00,34.5,CUST-1498,Germany,34.5
INV-101701,SKU-110,LED Desk Lamp with Wireless Charging,Lighting,2,2023-12-17 00:00:00,49.99,CUST-1062,India,99.98
INV-101702,SKU-106,USB-C Multiport Adapter,Accessories,3,2023-05-27 00:00:00,34.5,CUST-1245,United States,103.5
INV-101703,SKU-101,Wireless Noise-Canceling Headphones,Audio,1,2023-12-15 00:00:00,149.99,CUST-1030,Canada,149.99
INV-101704,SKU-106,USB-C Multiport Adapter,Accessories,10,2023-07-01 00:00:00,34.5,CUST-1411,Germany,345.0
INV-101705,SKU-103,Mechanical Gaming Keyboard,Peripherals,1,2023-06-28 00:00:00,89.5,CUST-1475,Germany,89.5
INV-101706,SKU-103,Mechanical Gaming Keyboard,Peripherals,1,2023-02-08 00:00:00,89.5,CUST-1154,United States,89.5
INV-101707,SKU-103,Mechanical Gaming Keyboard,Peripherals,3,2023-01-03 00:00:00,89.5,CUST-1464,Canada,268.5
INV-101708,SKU-110,LED Desk Lamp with Wireless Charging,Lighting,1,2023-03-05 00:00:00,49.99,CUST-1165,Australia,49.99
INV-101709,SKU-110,LED Desk Lamp with Wireless Charging,Lighting,1,2023-01-29 00:00:00,49.99,CUST-1475,United States,49.99
INV-101710,SKU-108,Portable Espresso Maker,Kitchen,1,2024-01-07 00:00:00,79.99,CUST-1412,United Kingdom,79.99
INV-101711,SKU-105,Smart Fitness Tracker Band,Wearables,1,2024-06-06 00:00:00,59.99,CUST-1443,United States,59.99
INV-101712,SKU-104,Stainless Steel Water Bottle,Lifestyle,1,2023-04-07 00:00:00,24.99,CUST-1011,India,24.99
INV-101713,SKU-109,Laptop Stand Aluminum,Accessories,1,2024-03-17 00:00:00,39.99,CUST-1491,United Kingdom,39.99
INV-101714,SKU-109,Laptop Stand Aluminum,Accessories,1,2023-07-22 00:00:00,39.99,CUST-1403,United States,39.99
INV-101715,SKU-101,Wireless Noise-Canceling Headphones,Audio,10,2024-02-15 00:00:00,149.99,CUST-1178,United States,1499.9
INV-101716,SKU-102,Ergonomic Office Chair,Furniture,10,2023-01-21 00:00:00,229.0,CUST-1446,Germany,2290.0
INV-101717,SKU-108,Portable Espresso Maker,Kitchen,1,2023-04-12 00:00:00,79.99,CUST-1156,United States,79.99
INV-101718,SKU-105,Smart Fitness Tracker Band,Wearables,2,2023-02-15 00:00:00,59.99,CUST-1469,United Kingdom,119.98
INV-101719,SKU-107,Organic Cotton Throw Blanket,Home,1,2023-03-07 00:00:00,45.0,CUST-1064,France,45.0
INV-101720,SKU-101,Wireless Noise-Canceling Headphones,Audio,1,2023-06-13 00:00:00,149.99,CUST-1391,Australia,149.99
INV-101721,SKU-110,LED Desk Lamp with Wireless Charging,Lighting,1,2023-04-21 00:00:00,49.99,CUST-1298,United States,49.99
INV-101722,SKU-105,Smart Fitness Tracker Band,Wearables,8,2023-12-04 00:00:00,59.99,CUST-1052,India,479.92
INV-101723,SKU-103,Mechanical Gaming Keyboard,Peripherals,5,2023-05-03 00:00:00,89.5,CUST-1140,Germany,447.5
INV-101724,SKU-110,LED Desk Lamp with Wireless Charging,Lighting,1,2024-03-22 00:00:00,49.99,CUST-1007,United States,49.99
INV-101725,SKU-102,Ergonomic Office Chair,Furniture,1,2023-10-18 00:00:00,229.0,CUST-1261,United States,229.0
INV-101726,SKU-102,Ergonomic Office Chair,Furniture,1,2024-02-16 00:00:00,229.0,CUST-1178,United States,229.0
INV-101727,SKU-109,Laptop Stand Aluminum,Accessories,1,2023-10-08 00:00:00,39.99,CUST-1331,Canada,39.99
INV-101728,SKU-104,Stainless Steel Water Bottle,Lifestyle,1,2023-02-12 00:00:00,24.99,CUST-1173,United States,24.99
INV-101729,SKU-104,Stainless Steel Water Bottle,Lifestyle,1,2024-04-30 00:00:00,24.99,CUST-1176,United States,24.99
INV-101730,SKU-107,Organic Cotton Throw Blanket,Home,2,2023-02-20 00:00:00,45.0,CUST-1411,Canada,90.0
INV-101731,SKU-110,LED Desk Lamp with Wireless Charging,Lighting,1,2023-07-29 00:00:00,49.99,CUST-1033,United Kingdom,49.99
INV-101732,SKU-110,LED Desk Lamp with Wireless Charging,Lighting,4,2023-05-06 00:00:00,49.99,CUST-1475,Canada,199.96
INV-101733,SKU-102,Ergonomic Office Chair,Furniture,2,2024-05-06 00:00:00,229.0,CUST-1464,Germany,458.0
INV-101734,SKU-103,Mechanical Gaming Keyboard,Peripherals,1,2024-05-23 00:00:00,89.5,CUST-1384,United States,89.5
INV-101735,SKU-103,Mechanical Gaming Keyboard,Peripherals,2,2023-09-15 00:00:00,89.5,CUST-1325,Australia,179.0
INV-101736,SKU-106,USB-C Multiport Adapter,Accessories,3,2023-07-07 00:00:00,34.5,CUST-1473,United States,103.5
INV-101737,SKU-103,Mechanical Gaming Keyboard,Peripherals,1,2023-08-18 00:00:00,89.5,CUST-1112,United Kingdom,89.5
INV-101738,SKU-105,Smart Fitness Tracker Band,Wearables,1,2023-07-08 00:00:00,59.99,CUST-1050,Germany,59.99
INV-101739,SKU-104,Stainless Steel Water Bottle,Lifestyle,5,2024-02-19 00:00:00,24.99,CUST-1139,United States,124.95
INV-101740,SKU-103,Mechanical Gaming Keyboard,Peripherals,1,2023-01-10 00:00:00,89.5,CUST-1441,India,89.5
INV-101741,SKU-108,Portable Espresso Maker,Kitchen,1,2023-04-24 00:00:00,79.99,CUST-1019,United Kingdom,79.99
INV-101742,SKU-110,LED Desk Lamp with Wireless Charging,Lighting,1,2023-03-17 00:00:00,49.99,CUST-1322,United States,49.99
INV-101743,SKU-103,Mechanical Gaming Keyboard,Peripherals,3,2024-05-16 00:00:00,89.5,CUST-1499,France,268.5
INV-101744,SKU-106,USB-C Multiport Adapter,Accessories,2,2023-03-26 00:00:00,34.5,CUST-1464,United Kingdom,69.0
INV-101745,SKU-107,Organic Cotton Throw Blanket,Home,4,2023-02-18 00:00:00,45.0,CUST-1278,Germany,180.0
INV-101746,SKU-107,Organic Cotton Throw Blanket,Home,1,2024-05-09 00:00:00,45.0,CUST-1035,United Kingdom,45.0
INV-101747,SKU-102,Ergonomic Office Chair,Furniture,1,2024-01-22 00:00:00,229.0,CUST-1446,Canada,229.0
INV-101748,SKU-103,Mechanical Gaming Keyboard,Peripherals,1,2024-01-24 00:00:00,89.5,CUST-1331,United States,89.5
INV-101749,SKU-110,LED Desk Lamp with Wireless Charging,Lighting,2,2023-08-06 00:00:00,49.99,CUST-1067,United States,99.98
INV-101750,SKU-110,LED Desk Lamp with Wireless Charging,Lighting,1,2023-12-12 00:00:00,49.99,CUST-1052,United Kingdom,49.99
INV-101751,SKU-104,Stainless Steel Water Bottle,Lifestyle,1,2023-08-18 00:00:00,24.99,CUST-1475,United States,24.99
INV-101752,SKU-107,Organic Cotton Throw Blanket,Home,1,2023-09-12 00:00:00,45.0,CUST-1384,Germany,45.0
INV-101753,SKU-102,Ergonomic Office Chair,Furniture,1,2023-08-24 00:00:00,229.0,CUST-1446,United States,229.0
INV-101754,SKU-103,Mechanical Gaming Keyboard,Peripherals,4,2023-01-26 00:00:00,89.5,CUST-1471,United States,358.0
INV-101755,SKU-107,Organic Cotton Throw Blanket,Home,2,2023-09-18 00:00:00,45.0,CUST-1313,United States,90.0
INV-101756,SKU-107,Organic Cotton Throw Blanket,Home,10,2023-09-28 00:00:00,45.0,CUST-1276,Germany,450.0
INV-101757,SKU-110,LED Desk Lamp with Wireless Charging,Lighting,1,2023-05-03 00:00:00,49.99,CUST-1247,Canada,49.99
INV-101758,SKU-103,Mechanical Gaming Keyboard,Peripherals,4,2023-09-14 00:00:00,89.5,CUST-1183,United States,358.0
INV-101759,SKU-101,Wireless Noise-Canceling Headphones,Audio,3,2024-02-25 00:00:00,149.99,CUST-1247,United Kingdom,449.97
INV-101760,SKU-103,Mechanical Gaming Keyboard,Peripherals,1,2023-09-16 00:00:00,89.5,CUST-1431,United States,89.5
INV-101761,SKU-105,Smart Fitness Tracker Band,Wearables,8,2023-02-16 00:00:00,59.99,CUST-1336,United Kingdom,479.92
INV-101762,SKU-107,Organic Cotton Throw Blanket,Home,1,2024-06-08 00:00:00,45.0,CUST-1473,United States,45.0
INV-101763,SKU-104,Stainless Steel Water Bottle,Lifestyle,4,2023-07-27 00:00:00,24.99,CUST-1248,United Kingdom,99.96
INV-101764,SKU-101,Wireless Noise-Canceling Headphones,Audio,4,2023-11-07 00:00:00,149.99,CUST-1343,Germany,599.96
INV-101765,SKU-106,USB-C Multiport Adapter,Accessories,2,2023-05-29 00:00:00,34.5,CUST-1364,Australia,69.0
INV-101766,SKU-102,Ergonomic Office Chair,Furniture,1,2024-03-13 00:00:00,229.0,CUST-1324,United States,229.0
INV-101767,SKU-103,Mechanical Gaming Keyboard,Peripherals,1,2023-06-04 00:00:00,89.5,CUST-1390,Canada,89.5
INV-101768,SKU-104,Stainless Steel Water Bottle,Lifestyle,1,2023-03-31 00:00:00,24.99,CUST-1139,United Kingdom,24.99
INV-101769,SKU-106,USB-C Multiport Adapter,Accessories,1,2023-12-24 00:00:00,34.5,CUST-1273,France,34.5
INV-101770,SKU-106,USB-C Multiport Adapter,Accessories,2,2023-06-23 00:00:00,34.5,CUST-1055,United States,69.0
INV-101771,SKU-107,Organic Cotton Throw Blanket,Home,2,2023-08-05 00:00:00,45.0,CUST-1227,United States,90.0
INV-101772,SKU-105,Smart Fitness Tracker Band,Wearables,4,2024-03-31 00:00:00,59.99,CUST-1261,Australia,239.96
INV-101773,SKU-107,Organic Cotton Throw Blanket,Home,1,2023-07-18 00:00:00,45.0,CUST-1367,United States,45.0
INV-101774,SKU-102,Ergonomic Office Chair,Furniture,3,2024-04-30 00:00:00,229.0,CUST-1488,United States,687.0
INV-101775,SKU-101,Wireless Noise-Canceling Headphones,Audio,5,2024-06-16 00:00:00,149.99,CUST-1336,United States,749.95
INV-101776,SKU-110,LED Desk Lamp with Wireless Charging,Lighting,2,2023-07-19 00:00:00,49.99,CUST-1411,Canada,99.98
INV-101777,SKU-108,Portable Espresso Maker,Kitchen,1,2024-01-06 00:00:00,79.99,CUST-1271,United States,79.99
INV-101778,SKU-101,Wireless Noise-Canceling Headphones,Audio,1,2024-03-23 00:00:00,149.99,CUST-1364,Australia,149.99
INV-101779,SKU-102,Ergonomic Office Chair,Furniture,1,2023-09-05 00:00:00,229.0,CUST-1043,United Kingdom,229.0
INV-101780,SKU-110,LED Desk Lamp with Wireless Charging,Lighting,2,2023-09-21 00:00:00,49.99,CUST-1147,United States,99.98
INV-101781,SKU-106,USB-C Multiport Adapter,Accessories,2,2023-02-27 00:00:00,34.5,CUST-1216,United States,69.0
INV-101782,SKU-101,Wireless Noise-Canceling Headphones,Audio,10,2023-10-29 00:00:00,149.99,CUST-1261,United States,1499.9
INV-101783,SKU-110,LED Desk Lamp with Wireless Charging,Lighting,1,2023-01-31 00:00:00,49.99,CUST-1033,United Kingdom,49.99
INV-101784,SKU-103,Mechanical Gaming Keyboard,Peripherals,1,2024-05-12 00:00:00,89.5,CUST-1073,Germany,89.5
INV-101785,SKU-107,Organic Cotton Throw Blanket,Home,2,2023-09-06 00:00:00,45.0,CUST-1154,United Kingdom,90.0
INV-101786,SKU-108,Portable Espresso Maker,Kitchen,3,2023-09-28 00:00:00,79.99,CUST-1498,United States,239.97
INV-101787,SKU-104,Stainless Steel Water Bottle,Lifestyle,5,2024-01-29 00:00:00,24.99,CUST-1192,Germany,124.95
INV-101788,SKU-103,Mechanical Gaming Keyboard,Peripherals,3,2024-05-16 00:00:00,89.5,CUST-1261,Canada,268.5
INV-101789,SKU-101,Wireless Noise-Canceling Headphones,Audio,1,2023-03-25 00:00:00,149.99,CUST-1116,Germany,149.99
INV-101790,SKU-109,Laptop Stand Aluminum,Accessories,2,2023-12-31 00:00:00,39.99,CUST-1349,Canada,79.98
INV-101791,SKU-110,LED Desk Lamp with Wireless Charging,Lighting,3,2023-12-08 00:00:00,49.99,CUST-1154,United States,149.97
INV-101792,SKU-106,USB-C Multiport Adapter,Accessories,1,2024-02-11 00:00:00,34.5,,Australia,34.5
INV-101793,SKU-106,USB-C Multiport Adapter,Accessories,1,2024-02-29 00:00:00,34.5,CUST-1275,United States,34.5
INV-101794,SKU-109,Laptop Stand Aluminum,Accessories,1,2023-04-03 00:00:00,39.99,CUST-1001,United States,39.99
INV-101795,SKU-101,Wireless Noise-Canceling Headphones,Audio,1,2024-02-16 00:00:00,149.99,CUST-1001,Canada,149.99
INV-101796,SKU-106,USB-C Multiport Adapter,Accessories,2,2024-03-07 00:00:00,34.5,CUST-1134,France,69.0
INV-101797,SKU-105,Smart Fitness Tracker Band,Wearables,1,2023-06-08 00:00:00,59.99,CUST-1023,Germany,59.99
INV-101798,SKU-106,USB-C Multiport Adapter,Accessories,1,2023-01-14 00:00:00,34.5,CUST-1059,United States,34.5
INV-101799,SKU-108,Portable Espresso Maker,Kitchen,1,2024-01-08 00:00:00,79.99,CUST-1197,United States,79.99
INV-101800,SKU-105,Smart Fitness Tracker Band,Wearables,1,2023-08-13 00:00:00,59.99,CUST-1441,United Kingdom,59.99
INV-101801,SKU-102,Ergonomic Office Chair,Furniture,1,2024-05-19 00:00:00,229.0,CUST-1313,Australia,229.0
INV-101802,SKU-102,Ergonomic Office Chair,Furniture,2,2023-03-14 00:00:00,229.0,CUST-1273,United States,458.0
INV-101803,SKU-110,LED Desk Lamp with Wireless Charging,Lighting,1,2023-09-06 00:00:00,49.99,CUST-1166,Canada,49.99
INV-101804,SKU-105,Smart Fitness Tracker Band,Wearables,1,2024-05-25 00:00:00,59.99,CUST-1478,United States,59.99
INV-101805,SKU-103,Mechanical Gaming Keyboard,Peripherals,1,2023-08-04 00:00:00,89.5,CUST-1236,Canada,89.5
INV-101806,SKU-110,LED Desk Lamp with Wireless Charging,Lighting,1,2024-06-24 00:00:00,49.99,CUST-1050,France,49.99
INV-101807,SKU-103,Mechanical Gaming Keyboard,Peripherals,1,2023-08-08 00:00:00,89.5,CUST-1352,United States,89.5
INV-101808,SKU-108,Portable Espresso Maker,Kitchen,1,2023-08-09 00:00:00,79.99,CUST-1067,United States,79.99
INV-101809,SKU-107,Organic Cotton Throw Blanket,Home,4,2024-01-24 00:00:00,45.0,CUST-1199,Canada,180.0
INV-101810,SKU-101,Wireless Noise-Canceling Headphones,Audio,2,2023-02-11 00:00:00,149.99,CUST-1272,United Kingdom,299.98
INV-101811,SKU-105,Smart Fitness Tracker Band,Wearables,1,2023-10-10 00:00:00,59.99,CUST-1469,Germany,59.99
INV-101812,SKU-109,Laptop Stand Aluminum,Accessories,1,2023-02-27 00:00:00,39.99,CUST-1264,United Kingdom,39.99
INV-101813,SKU-104,Stainless Steel Water Bottle,Lifestyle,8,2024-06-20 00:00:00,24.99,CUST-1390,United States,199.92
INV-101814,SKU-101,Wireless Noise-Canceling Headphones,Audio,2,2023-03-14 00:00:00,149.99,CUST-1499,Canada,299.98
INV-101815,SKU-108,Portable Espresso Maker,Kitchen,1,2023-05-09 00:00:00,79.99,CUST-1069,United States,79.99
INV-101816,SKU-105,Smart Fitness Tracker Band,Wearables,2,2024-03-01 00:00:00,59.99,,France,119.98
INV-101817,SKU-102,Ergonomic Office Chair,Furniture,2,2023-05-05 00:00:00,229.0,CUST-1233,United States,458.0
INV-101818,SKU-101,Wireless Noise-Canceling Headphones,Audio,2,2023-03-08 00:00:00,149.99,CUST-1245,Germany,299.98
INV-101819,SKU-103,Mechanical Gaming Keyboard,Peripherals,1,2023-01-06 00:00:00,89.5,CUST-1241,United States,89.5
INV-101820,SKU-109,Laptop Stand Aluminum,Accessories,1,2023-11-10 00:00:00,39.99,CUST-1475,United States,39.99
INV-101821,SKU-101,Wireless Noise-Canceling Headphones,Audio,1,2023-11-22 00:00:00,149.99,CUST-1396,United States,149.99
INV-101822,SKU-104,Stainless Steel Water Bottle,Lifestyle,4,2024-05-20 00:00:00,24.99,CUST-1345,Germany,99.96
INV-101823,SKU-108,Portable Espresso Maker,Kitchen,2,2023-03-23 00:00:00,79.99,CUST-1182,United Kingdom,159.98
INV-101824,SKU-108,Portable Espresso Maker,Kitchen,1,2023-01-02 00:00:00,79.99,CUST-1446,Australia,79.99
INV-101825,SKU-110,LED Desk Lamp with Wireless Charging,Lighting,4,2023-07-23 00:00:00,49.99,CUST-1488,United States,199.96
INV-101826,SKU-108,Portable Espresso Maker,Kitchen,4,2024-02-08 00:00:00,79.99,CUST-1446,Germany,319.96
INV-101827,SKU-110,LED Desk Lamp with Wireless Charging,Lighting,10,2023-04-13 00:00:00,49.99,CUST-1001,Canada,499.9
INV-101828,SKU-108,Portable Espresso Maker,Kitchen,3,2024-06-19 00:00:00,79.99,CUST-1364,United States,239.97
INV-101829,SKU-104,Stainless Steel Water Bottle,Lifestyle,10,2024-01-03 00:00:00,24.99,CUST-1034,United States,249.9
INV-101830,SKU-108,Portable Espresso Maker,Kitchen,1,2023-07-31 00:00:00,79.99,CUST-1150,United Kingdom,79.99
INV-101831,SKU-109,Laptop Stand Aluminum,Accessories,3,2023-07-28 00:00:00,39.99,CUST-1034,United States,119.97
INV-101832,SKU-107,Organic Cotton Throw Blanket,Home,3,2023-04-27 00:00:00,45.0,CUST-1337,United States,135.0
INV-101833,SKU-102,Ergonomic Office Chair,Furniture,1,2024-04-22 00:00:00,229.0,CUST-1390,Germany,229.0
INV-101834,SKU-109,Laptop Stand Aluminum,Accessories,1,2023-04-15 00:00:00,39.99,CUST-1067,United States,39.99
INV-101835,SKU-108,Portable Espresso Maker,Kitchen,8,2024-05-09 00:00:00,79.99,CUST-1226,Germany,639.92
INV-101836,SKU-105,Smart Fitness Tracker Band,Wearables,1,2023-02-15 00:00:00,59.99,CUST-1256,France,59.99
INV-101837,SKU-103,Mechanical Gaming Keyboard,Peripherals,3,2023-11-27 00:00:00,89.5,CUST-1220,United Kingdom,268.5
INV-101838,SKU-107,Organic Cotton Throw Blanket,Home,1,2023-08-04 00:00:00,45.0,CUST-1069,United Kingdom,45.0
INV-101839,SKU-102,Ergonomic Office Chair,Furniture,1,2024-05-06 00:00:00,229.0,CUST-1242,United States,229.0
INV-101840,SKU-103,Mechanical Gaming Keyboard,Peripherals,1,2024-03-24 00:00:00,89.5,CUST-1412,Australia,89.5
INV-101841,SKU-109,Laptop Stand Aluminum,Accessories,1,2024-06-19 00:00:00,39.99,CUST-1043,United States,39.99
INV-101842,SKU-104,Stainless Steel Water Bottle,Lifestyle,2,2024-05-25 00:00:00,24.99,CUST-1050,United Kingdom,49.98
INV-101843,SKU-104,Stainless Steel Water Bottle,Lifestyle,1,2024-04-02 00:00:00,24.99,CUST-1207,India,24.99
INV-101844,SKU-103,Mechanical Gaming Keyboard,Peripherals,1,2024-06-19 00:00:00,89.5,CUST-1481,United Kingdom,89.5
INV-101845,SKU-105,Smart Fitness Tracker Band,Wearables,1,2024-06-23 00:00:00,59.99,CUST-1384,Germany,59.99
INV-101846,SKU-103,Mechanical Gaming Keyboard,Peripherals,1,2024-04-28 00:00:00,89.5,CUST-1390,United States,89.5
INV-101847,SKU-109,Laptop Stand Aluminum,Accessories,1,2023-01-16 00:00:00,39.99,CUST-1217,United States,39.99
INV-101848,SKU-103,Mechanical Gaming Keyboard,Peripherals,2,2023-08-31 00:00:00,89.5,CUST-1325,Canada,179.0
INV-101849,SKU-102,Ergonomic Office Chair,Furniture,1,2023-07-26 00:00:00,229.0,CUST-1002,United States,229.0
INV-101850,SKU-105,Smart Fitness Tracker Band,Wearables,1,2023-09-28 00:00:00,59.99,CUST-1364,Germany,59.99
INV-101851,SKU-106,USB-C Multiport Adapter,Accessories,1,2023-04-25 00:00:00,34.5,CUST-1475,United States,34.5
INV-101852,SKU-101,Wireless Noise-Canceling Headphones,Audio,1,2023-10-26 00:00:00,149.99,CUST-1351,Australia,149.99
INV-101853,SKU-106,USB-C Multiport Adapter,Accessories,1,2024-04-27 00:00:00,34.5,CUST-1469,United States,34.5
INV-101854,SKU-110,LED Desk Lamp with Wireless Charging,Lighting,1,2024-02-01 00:00:00,49.99,CUST-1401,United Kingdom,49.99
INV-101855,SKU-103,Mechanical Gaming Keyboard,Peripherals,3,2024-01-29 00:00:00,89.5,CUST-1069,United Kingdom,268.5
INV-101856,SKU-104,Stainless Steel Water Bottle,Lifestyle,4,2023-03-16 00:00:00,24.99,CUST-1475,United Kingdom,99.96
INV-101857,SKU-106,USB-C Multiport Adapter,Accessories,3,2024-04-26 00:00:00,34.5,CUST-1039,United States,103.5
INV-101858,SKU-108,Portable Espresso Maker,Kitchen,1,2023-04-13 00:00:00,79.99,CUST-1292,United Kingdom,79.99
INV-101859,SKU-109,Laptop Stand Aluminum,Accessories,1,2023-10-24 00:00:00,39.99,CUST-1073,United States,39.99
INV-101860,SKU-106,USB-C Multiport Adapter,Accessories,1,2023-06-27 00:00:00,34.5,CUST-1007,United States,34.5
INV-101861,SKU-107,Organic Cotton Throw Blanket,Home,2,2023-08-03 00:00:00,45.0,CUST-1245,United States,90.0
INV-101862,SKU-105,Smart Fitness Tracker Band,Wearables,10,2023-11-11 00:00:00,59.99,CUST-1170,United Kingdom,599.9
INV-101863,SKU-109,Laptop Stand Aluminum,Accessories,1,2023-02-08 00:00:00,39.99,CUST-1261,United States,39.99
INV-101864,SKU-104,Stainless Steel Water Bottle,Lifestyle,1,2023-09-16 00:00:00,24.99,CUST-1315,India,24.99
INV-101865,SKU-110,LED Desk Lamp with Wireless Charging,Lighting,2,2023-01-07 00:00:00,49.99,CUST-1033,United Kingdom,99.98
INV-101866,SKU-106,USB-C Multiport Adapter,Accessories,3,2023-02-18 00:00:00,34.5,CUST-1069,United States,103.5
INV-101867,SKU-105,Smart Fitness Tracker Band,Wearables,3,2024-06-21 00:00:00,59.99,CUST-1305,United Kingdom,179.97
INV-101868,SKU-101,Wireless Noise-Canceling Headphones,Audio,2,2023-06-10 00:00:00,149.99,CUST-1198,Australia,299.98
INV-101869,SKU-105,Smart Fitness Tracker Band,Wearables,5,2023-06-25 00:00:00,59.99,CUST-1404,United States,299.95
INV-101870,SKU-105,Smart Fitness Tracker Band,Wearables,1,2023-01-02 00:00:00,59.99,CUST-1367,Germany,59.99
INV-101871,SKU-109,Laptop Stand Aluminum,Accessories,4,2024-03-30 00:00:00,39.99,CUST-1453,United Kingdom,159.96
INV-101872,SKU-101,Wireless Noise-Canceling Headphones,Audio,8,2023-10-03 00:00:00,149.99,CUST-1390,United States,1199.92
INV-101873,SKU-105,Smart Fitness Tracker Band,Wearables,3,2024-05-12 00:00:00,59.99,CUST-1247,Canada,179.97
INV-101874,SKU-107,Organic Cotton Throw Blanket,Home,1,2023-01-28 00:00:00,45.0,CUST-1388,United States,45.0
INV-101875,SKU-106,USB-C Multiport Adapter,Accessories,1,2023-11-29 00:00:00,34.5,CUST-1154,United States,34.5
INV-101876,SKU-106,USB-C Multiport Adapter,Accessories,1,2023-01-01 00:00:00,34.5,CUST-1178,Canada,34.5
INV-101877,SKU-107,Organic Cotton Throw Blanket,Home,1,2023-07-07 00:00:00,45.0,CUST-1441,Germany,45.0
INV-101878,SKU-106,USB-C Multiport Adapter,Accessories,3,2023-02-25 00:00:00,34.5,CUST-1248,Australia,103.5
INV-101879,SKU-105,Smart Fitness Tracker Band,Wearables,1,2023-04-22 00:00:00,59.99,CUST-1441,United Kingdom,59.99
INV-101880,SKU-110,LED Desk Lamp with Wireless Charging,Lighting,1,2023-11-06 00:00:00,49.99,CUST-1446,Germany,49.99
INV-101881,SKU-105,Smart Fitness Tracker Band,Wearables,2,2023-02-05 00:00:00,59.99,CUST-1464,Canada,119.98
INV-101882,SKU-109,Laptop Stand Aluminum,Accessories,1,2024-03-14 00:00:00,39.99,CUST-1475,United States,39.99
INV-101883,SKU-108,Portable Espresso Maker,Kitchen,1,2023-11-21 00:00:00,79.99,CUST-1247,Canada,79.99
INV-101884,SKU-110,LED Desk Lamp with Wireless Charging,Lighting,1,2023-11-03 00:00:00,49.99,CUST-1185,United Kingdom,49.99
INV-101885,SKU-104,Stainless Steel Water Bottle,Lifestyle,2,2024-06-17 00:00:00,24.99,CUST-1322,United States,49.98
INV-101886,SKU-104,Stainless Steel Water Bottle,Lifestyle,1,2023-04-19 00:00:00,24.99,CUST-1224,United Kingdom,24.99
INV-101887,SKU-110,LED Desk Lamp with Wireless Charging,Lighting,3,2024-01-07 00:00:00,49.99,CUST-1336,United States,149.97
INV-101888,SKU-105,Smart Fitness Tracker Band,Wearables,1,2023-12-23 00:00:00,59.99,CUST-1393,Germany,59.99
INV-101889,SKU-103,Mechanical Gaming Keyboard,Peripherals,4,2023-06-30 00:00:00,89.5,CUST-1390,United Kingdom,358.0
INV-101890,SKU-108,Portable Espresso Maker,Kitchen,1,2023-12-22 00:00:00,79.99,CUST-1226,France,79.99
INV-101891,SKU-107,Organic Cotton Throw Blanket,Home,1,2023-03-09 00:00:00,45.0,,United States,45.0
INV-101892,SKU-105,Smart Fitness Tracker Band,Wearables,1,2023-10-19 00:00:00,59.99,CUST-1247,United Kingdom,59.99
INV-101893,SKU-110,LED Desk Lamp with Wireless Charging,Lighting,1,2023-06-30 00:00:00,49.99,CUST-1074,United States,49.99
INV-101894,SKU-103,Mechanical Gaming Keyboard,Peripherals,1,2024-04-10 00:00:00,89.5,CUST-1473,United Kingdom,89.5
INV-101895,SKU-105,Smart Fitness Tracker Band,Wearables,1,2024-03-09 00:00:00,59.99,CUST-1199,Germany,59.99
INV-101896,SKU-103,Mechanical Gaming Keyboard,Peripherals,1,2024-04-08 00:00:00,89.5,CUST-1086,Germany,89.5
INV-101897,SKU-110,LED Desk Lamp with Wireless Charging,Lighting,1,2024-06-17 00:00:00,49.99,CUST-1011,Canada,49.99
INV-101898,SKU-105,Smart Fitness Tracker Band,Wearables,1,2023-03-07 00:00:00,59.99,CUST-1366,Australia,59.99
INV-101899,SKU-101,Wireless Noise-Canceling Headphones,Audio,1,2023-01-21 00:00:00,149.99,CUST-1364,United States,149.99
INV-101900,SKU-106,USB-C Multiport Adapter,Accessories,2,2024-01-19 00:00:00,34.5,CUST-1197,United States,69.0
INV-101901,SKU-110,LED Desk Lamp with Wireless Charging,Lighting,5,2023-02-08 00:00:00,49.99,CUST-1043,Germany,249.95
INV-101902,SKU-104,Stainless Steel Water Bottle,Lifestyle,1,2023-10-12 00:00:00,24.99,CUST-1241,United Kingdom,24.99
INV-101903,SKU-104,Stainless Steel Water Bottle,Lifestyle,1,2023-12-02 00:00:00,24.99,CUST-1182,United States,24.99
INV-101904,SKU-108,Portable Espresso Maker,Kitchen,8,2023-07-07 00:00:00,79.99,CUST-1390,United Kingdom,639.92
INV-101905,SKU-102,Ergonomic Office Chair,Furniture,1,2023-08-31 00:00:00,229.0,CUST-1340,United States,229.0
INV-101906,SKU-104,Stainless Steel Water Bottle,Lifestyle,8,2023-03-14 00:00:00,24.99,CUST-1218,United States,199.92
INV-101907,SKU-102,Ergonomic Office Chair,Furniture,1,2024-04-23 00:00:00,229.0,CUST-1130,Canada,229.0
INV-101908,SKU-101,Wireless Noise-Canceling Headphones,Audio,3,2023-04-11 00:00:00,149.99,CUST-1499,United States,449.97
INV-101909,SKU-110,LED Desk Lamp with Wireless Charging,Lighting,1,2024-05-28 00:00:00,49.99,CUST-1252,United States,49.99
INV-101910,SKU-103,Mechanical Gaming Keyboard,Peripherals,5,2023-06-25 00:00:00,89.5,CUST-1390,United States,447.5
INV-101911,SKU-108,Portable Espresso Maker,Kitchen,1,2023-08-26 00:00:00,79.99,CUST-1073,Australia,79.99
INV-101912,SKU-106,USB-C Multiport Adapter,Accessories,2,2023-02-28 00:00:00,34.5,CUST-1261,France,69.0
INV-101913,SKU-107,Organic Cotton Throw Blanket,Home,1,2023-04-09 00:00:00,45.0,CUST-1011,Germany,45.0
INV-101914,SKU-102,Ergonomic Office Chair,Furniture,1,2024-05-09 00:00:00,229.0,CUST-1271,United States,229.0
INV-101915,SKU-106,USB-C Multiport Adapter,Accessories,2,2024-05-28 00:00:00,34.5,CUST-1492,France,69.0
INV-101916,SKU-108,Portable Espresso Maker,Kitchen,1,2023-10-24 00:00:00,79.99,CUST-1227,Germany,79.99
INV-101917,SKU-108,Portable Espresso Maker,Kitchen,4,2023-07-30 00:00:00,79.99,CUST-1025,Canada,319.96
INV-101918,SKU-104,Stainless Steel Water Bottle,Lifestyle,1,2023-05-03 00:00:00,24.99,CUST-1012,Canada,24.99
INV-101919,SKU-106,USB-C Multiport Adapter,Accessories,3,2023-08-17 00:00:00,34.5,CUST-1228,United States,103.5
INV-101920,SKU-105,Smart Fitness Tracker Band,Wearables,1,2024-01-23 00:00:00,59.99,CUST-1088,United Kingdom,59.99
INV-101921,SKU-109,Laptop Stand Aluminum,Accessories,8,2023-05-20 00:00:00,39.99,CUST-1011,United States,319.92
INV-101922,SKU-108,Portable Espresso Maker,Kitchen,5,2024-06-24 00:00:00,79.99,CUST-1413,United States,399.95
INV-101923,SKU-102,Ergonomic Office Chair,Furniture,1,2024-01-26 00:00:00,229.0,CUST-1256,Canada,229.0
INV-101924,SKU-107,Organic Cotton Throw Blanket,Home,4,2023-09-27 00:00:00,45.0,CUST-1162,Australia,180.0
INV-101925,SKU-107,Organic Cotton Throw Blanket,Home,3,2023-01-12 00:00:00,45.0,CUST-1475,Germany,135.0
INV-101926,SKU-101,Wireless Noise-Canceling Headphones,Audio,1,2024-01-24 00:00:00,149.99,,United Kingdom,149.99
INV-101927,SKU-101,Wireless Noise-Canceling Headphones,Audio,2,2023-12-03 00:00:00,149.99,CUST-1488,United States,299.98
INV-101928,SKU-104,Stainless Steel Water Bottle,Lifestyle,1,2024-05-20 00:00:00,24.99,,United States,24.99
INV-101929,SKU-105,Smart Fitness Tracker Band,Wearables,3,2023-04-16 00:00:00,59.99,CUST-1473,United States,179.97
INV-101930,SKU-104,Stainless Steel Water Bottle,Lifestyle,1,2023-02-01 00:00:00,24.99,CUST-1337,United Kingdom,24.99
INV-101931,SKU-107,Organic Cotton Throw Blanket,Home,1,2023-03-15 00:00:00,45.0,CUST-1446,United Kingdom,45.0
INV-101932,SKU-103,Mechanical Gaming Keyboard,Peripherals,1,2023-06-20 00:00:00,89.5,CUST-1499,United States,89.5
INV-101933,SKU-107,Organic Cotton Throw Blanket,Home,1,2023-03-10 00:00:00,45.0,CUST-1162,India,45.0
INV-101934,SKU-108,Portable Espresso Maker,Kitchen,3,2023-12-28 00:00:00,79.99,CUST-1489,United States,239.97
INV-101935,SKU-106,USB-C Multiport Adapter,Accessories,8,2024-03-08 00:00:00,34.5,CUST-1229,Canada,276.0
INV-101936,SKU-106,USB-C Multiport Adapter,Accessories,1,2023-04-10 00:00:00,34.5,CUST-1228,United Kingdom,34.5
INV-101937,SKU-108,Portable Espresso Maker,Kitchen,1,2023-01-09 00:00:00,79.99,CUST-1197,United States,79.99
INV-101938,SKU-108,Portable Espresso Maker,Kitchen,2,2023-01-29 00:00:00,79.99,CUST-1299,Canada,159.98
INV-101939,SKU-107,Organic Cotton Throw Blanket,Home,1,2023-04-24 00:00:00,45.0,CUST-1086,Germany,45.0
INV-101940,SKU-106,USB-C Multiport Adapter,Accessories,1,2024-04-06 00:00:00,34.5,CUST-1305,United Kingdom,34.5
INV-101941,SKU-106,USB-C Multiport Adapter,Accessories,1,2023-05-23 00:00:00,34.5,,United Kingdom,34.5
INV-101942,SKU-110,LED Desk Lamp with Wireless Charging,Lighting,1,2024-01-25 00:00:00,49.99,CUST-1419,United States,49.99
INV-101943,SKU-106,USB-C Multiport Adapter,Accessories,1,2023-06-06 00:00:00,34.5,CUST-1446,Germany,34.5
INV-101944,SKU-108,Portable Espresso Maker,Kitchen,2,2023-12-01 00:00:00,79.99,CUST-1248,Australia,159.98
INV-101945,SKU-101,Wireless Noise-Canceling Headphones,Audio,1,2023-09-17 00:00:00,149.99,CUST-1178,United States,149.99
INV-101946,SKU-105,Smart Fitness Tracker Band,Wearables,3,2023-03-23 00:00:00,59.99,CUST-1150,United States,179.97
INV-101947,SKU-103,Mechanical Gaming Keyboard,Peripherals,1,2024-03-16 00:00:00,89.5,CUST-1115,Australia,89.5
INV-101948,SKU-108,Portable Espresso Maker,Kitchen,1,2023-06-21 00:00:00,79.99,CUST-1034,United States,79.99
INV-101949,SKU-106,USB-C Multiport Adapter,Accessories,3,2023-08-19 00:00:00,34.5,CUST-1198,Germany,103.5
INV-101950,SKU-102,Ergonomic Office Chair,Furniture,1,2023-03-16 00:00:00,229.0,CUST-1154,United Kingdom,229.0
INV-101951,SKU-107,Organic Cotton Throw Blanket,Home,1,2023-09-27 00:00:00,45.0,CUST-1498,United Kingdom,45.0
INV-101952,SKU-107,Organic Cotton Throw Blanket,Home,2,2023-03-03 00:00:00,45.0,CUST-1305,United States,90.0
INV-101953,SKU-105,Smart Fitness Tracker Band,Wearables,1,2023-11-16 00:00:00,59.99,CUST-1200,United States,59.99
INV-101954,SKU-108,Portable Espresso Maker,Kitchen,3,2023-04-12 00:00:00,79.99,CUST-1320,United States,239.97
INV-101955,SKU-105,Smart Fitness Tracker Band,Wearables,1,2024-03-04 00:00:00,59.99,CUST-1070,Germany,59.99
INV-101956,SKU-101,Wireless Noise-Canceling Headphones,Audio,2,2023-09-12 00:00:00,149.99,CUST-1248,Germany,299.98
INV-101957,SKU-109,Laptop Stand Aluminum,Accessories,1,2024-06-15 00:00:00,39.99,CUST-1358,Germany,39.99
INV-101958,SKU-104,Stainless Steel Water Bottle,Lifestyle,1,2023-04-22 00:00:00,24.99,CUST-1261,Germany,24.99
INV-101959,SKU-102,Ergonomic Office Chair,Furniture,10,2023-11-09 00:00:00,229.0,CUST-1240,United States,2290.0
INV-101960,SKU-104,Stainless Steel Water Bottle,Lifestyle,3,2024-04-05 00:00:00,24.99,CUST-1499,United States,74.97
INV-101961,SKU-109,Laptop Stand Aluminum,Accessories,1,2024-04-06 00:00:00,39.99,CUST-1471,Canada,39.99
INV-101962,SKU-102,Ergonomic Office Chair,Furniture,1,2023-04-02 00:00:00,229.0,CUST-1358,United Kingdom,229.0
INV-101963,SKU-104,Stainless Steel Water Bottle,Lifestyle,1,2023-02-21 00:00:00,24.99,,United States,24.99
INV-101964,SKU-102,Ergonomic Office Chair,Furniture,2,2024-06-03 00:00:00,229.0,CUST-1358,United States,458.0
INV-101965,SKU-105,Smart Fitness Tracker Band,Wearables,2,2023-04-08 00:00:00,59.99,CUST-1118,United States,119.98
INV-101966,SKU-103,Mechanical Gaming Keyboard,Peripherals,2,2023-08-24 00:00:00,89.5,CUST-1235,United States,179.0
INV-101967,SKU-110,LED Desk Lamp with Wireless Charging,Lighting,1,2024-01-09 00:00:00,49.99,CUST-1025,Canada,49.99
INV-101968,SKU-102,Ergonomic Office Chair,Furniture,3,2023-08-22 00:00:00,229.0,CUST-1261,Australia,687.0
INV-101969,SKU-109,Laptop Stand Aluminum,Accessories,1,2023-02-01 00:00:00,39.99,CUST-1302,Australia,39.99
INV-101970,SKU-105,Smart Fitness Tracker Band,Wearables,1,2023-10-16 00:00:00,59.99,CUST-1137,France,59.99
INV-101971,SKU-110,LED Desk Lamp with Wireless Charging,Lighting,1,2024-06-25 00:00:00,49.99,CUST-1492,Australia,49.99
INV-101972,SKU-105,Smart Fitness Tracker Band,Wearables,5,2023-04-24 00:00:00,59.99,CUST-1475,United Kingdom,299.95
INV-101973,SKU-101,Wireless Noise-Canceling Headphones,Audio,2,2023-07-23 00:00:00,149.99,CUST-1401,United States,299.98
INV-101974,SKU-106,USB-C Multiport Adapter,Accessories,1,2023-01-29 00:00:00,34.5,CUST-1289,Canada,34.5
INV-101975,SKU-107,Organic Cotton Throw Blanket,Home,2,2024-04-18 00:00:00,45.0,CUST-1469,United States,90.0
INV-101976,SKU-101,Wireless Noise-Canceling Headphones,Audio,5,2023-09-10 00:00:00,149.99,CUST-1069,United States,749.95
INV-101977,SKU-109,Laptop Stand Aluminum,Accessories,1,2024-01-21 00:00:00,39.99,CUST-1441,United States,39.99
INV-101978,SKU-108,Portable Espresso Maker,Kitchen,1,2023-03-03 00:00:00,79.99,CUST-1069,United Kingdom,79.99
INV-101979,SKU-108,Portable Espresso Maker,Kitchen,8,2024-05-29 00:00:00,79.99,CUST-1441,United States,639.92
INV-101980,SKU-107,Organic Cotton Throw Blanket,Home,3,2024-03-05 00:00:00,45.0,CUST-1154,United States,135.0
INV-101981,SKU-105,Smart Fitness Tracker Band,Wearables,1,2024-06-20 00:00:00,59.99,CUST-1471,United Kingdom,59.99
INV-101982,SKU-103,Mechanical Gaming Keyboard,Peripherals,1,2023-05-21 00:00:00,89.5,CUST-1484,Australia,89.5
INV-101983,SKU-109,Laptop Stand Aluminum,Accessories,1,2023-10-27 00:00:00,39.99,CUST-1080,United Kingdom,39.99
INV-101984,SKU-107,Organic Cotton Throw Blanket,Home,1,2023-11-07 00:00:00,45.0,CUST-1257,Australia,45.0
INV-101985,SKU-110,LED Desk Lamp with Wireless Charging,Lighting,5,2024-04-15 00:00:00,49.99,CUST-1499,United States,249.95
INV-101986,SKU-110,LED Desk Lamp with Wireless Charging,Lighting,1,2024-01-28 00:00:00,49.99,CUST-1261,United States,49.99
INV-101987,SKU-108,Portable Espresso Maker,Kitchen,3,2024-03-20 00:00:00,79.99,CUST-1467,United Kingdom,239.97
INV-101988,SKU-106,USB-C Multiport Adapter,Accessories,1,2023-06-21 00:00:00,34.5,CUST-1324,United Kingdom,34.5
INV-101989,SKU-105,Smart Fitness Tracker Band,Wearables,1,2023-01-31 00:00:00,59.99,CUST-1226,Germany,59.99
INV-101990,SKU-108,Portable Espresso Maker,Kitchen,1,2023-02-16 00:00:00,79.99,CUST-1159,Canada,79.99
INV-101991,SKU-103,Mechanical Gaming Keyboard,Peripherals,2,2023-05-10 00:00:00,89.5,CUST-1120,Canada,179.0
INV-101992,SKU-107,Organic Cotton Throw Blanket,Home,1,2023-12-18 00:00:00,45.0,CUST-1419,France,45.0
INV-101993,SKU-102,Ergonomic Office Chair,Furniture,2,2023-02-27 00:00:00,229.0,CUST-1228,United States,458.0
INV-101994,SKU-103,Mechanical Gaming Keyboard,Peripherals,1,2023-04-16 00:00:00,89.5,CUST-1273,United States,89.5
INV-101995,SKU-102,Ergonomic Office Chair,Furniture,1,2023-11-26 00:00:00,229.0,CUST-1263,United Kingdom,229.0
INV-101996,SKU-105,Smart Fitness Tracker Band,Wearables,1,2024-01-18 00:00:00,59.99,CUST-1315,United States,59.99
INV-101997,SKU-107,Organic Cotton Throw Blanket,Home,1,2023-06-11 00:00:00,45.0,CUST-1467,United States,45.0
INV-101998,SKU-110,LED Desk Lamp with Wireless Charging,Lighting,2,2023-10-13 00:00:00,49.99,CUST-1499,United States,99.98
INV-101999,SKU-110,LED Desk Lamp with Wireless Charging,Lighting,1,2023-03-12 00:00:00,49.99,CUST-1241,United States,49.99
INV-102000,SKU-101,Wireless Noise-Canceling Headphones,Audio,2,2024-03-29 00:00:00,149.99,CUST-1446,United States,299.98
INV-102001,SKU-110,LED Desk Lamp with Wireless Charging,Lighting,1,2024-02-01 00:00:00,49.99,CUST-1421,United States,49.99
INV-102002,SKU-109,Laptop Stand Aluminum,Accessories,1,2024-05-29 00:00:00,39.99,CUST-1313,Germany,39.99
INV-102003,SKU-101,Wireless Noise-Canceling Headphones,Audio,1,2023-01-26 00:00:00,149.99,CUST-1488,United Kingdom,149.99
INV-102004,SKU-101,Wireless Noise-Canceling Headphones,Audio,1,2023-11-09 00:00:00,149.99,CUST-1118,Germany,149.99
INV-102005,SKU-110,LED Desk Lamp with Wireless Charging,Lighting,3,2023-05-06 00:00:00,49.99,CUST-1062,Germany,149.97
INV-102006,SKU-108,Portable Espresso Maker,Kitchen,2,2024-02-12 00:00:00,79.99,CUST-1464,United States,159.98
INV-102007,SKU-106,USB-C Multiport Adapter,Accessories,1,2023-07-17 00:00:00,34.5,CUST-1248,United States,34.5
INV-102008,SKU-106,USB-C Multiport Adapter,Accessories,1,2023-07-07 00:00:00,34.5,CUST-1455,United States,34.5
INV-102009,SKU-109,Laptop Stand Aluminum,Accessories,3,2024-04-28 00:00:00,39.99,CUST-1474,Canada,119.97
INV-102010,SKU-104,Stainless Steel Water Bottle,Lifestyle,2,2024-03-25 00:00:00,24.99,CUST-1035,Germany,49.98
INV-102011,SKU-108,Portable Espresso Maker,Kitchen,2,2024-06-06 00:00:00,79.99,CUST-1471,United States,159.98
INV-102012,SKU-104,Stainless Steel Water Bottle,Lifestyle,1,2023-12-20 00:00:00,24.99,CUST-1249,United States,24.99
INV-102013,SKU-102,Ergonomic Office Chair,Furniture,1,2023-04-10 00:00:00,229.0,CUST-1272,France,229.0
INV-102014,SKU-108,Portable Espresso Maker,Kitchen,8,2023-10-05 00:00:00,79.99,CUST-1359,United Kingdom,639.92
INV-102015,SKU-107,Organic Cotton Throw Blanket,Home,2,2024-05-05 00:00:00,45.0,CUST-1477,Canada,90.0
INV-102016,SKU-104,Stainless Steel Water Bottle,Lifestyle,1,2023-09-12 00:00:00,24.99,CUST-1011,United States,24.99
INV-102017,SKU-109,Laptop Stand Aluminum,Accessories,3,2024-01-16 00:00:00,39.99,CUST-1261,United States,119.97
INV-102018,SKU-109,Laptop Stand Aluminum,Accessories,2,2024-06-25 00:00:00,39.99,CUST-1390,Canada,79.98
INV-102019,SKU-108,Portable Espresso Maker,Kitchen,1,2023-09-21 00:00:00,79.99,CUST-1401,Germany,79.99
INV-102020,SKU-101,Wireless Noise-Canceling Headphones,Audio,1,2023-11-25 00:00:00,149.99,CUST-1390,Germany,149.99
INV-102021,SKU-107,Organic Cotton Throw Blanket,Home,1,2023-04-25 00:00:00,45.0,CUST-1069,United Kingdom,45.0
INV-102022,SKU-105,Smart Fitness Tracker Band,Wearables,1,2023-10-03 00:00:00,59.99,CUST-1176,United Kingdom,59.99
INV-102023,SKU-107,Organic Cotton Throw Blanket,Home,2,2024-05-02 00:00:00,45.0,CUST-1212,Germany,90.0
INV-102024,SKU-109,Laptop Stand Aluminum,Accessories,1,2023-10-08 00:00:00,39.99,CUST-1442,United States,39.99
INV-102025,SKU-102,Ergonomic Office Chair,Furniture,3,2023-10-02 00:00:00,229.0,CUST-1154,United States,687.0
INV-102026,SKU-104,Stainless Steel Water Bottle,Lifestyle,10,2023-11-24 00:00:00,24.99,CUST-1125,Australia,249.9
INV-102027,SKU-104,Stainless Steel Water Bottle,Lifestyle,1,2023-07-30 00:00:00,24.99,CUST-1488,United States,24.99
INV-102028,SKU-102,Ergonomic Office Chair,Furniture,1,2023-01-26 00:00:00,229.0,CUST-1002,United Kingdom,229.0
INV-102029,SKU-103,Mechanical Gaming Keyboard,Peripherals,3,2023-01-27 00:00:00,89.5,CUST-1499,Germany,268.5
INV-102030,SKU-108,Portable Espresso Maker,Kitchen,2,2023-03-24 00:00:00,79.99,CUST-1390,India,159.98
INV-102031,SKU-109,Laptop Stand Aluminum,Accessories,2,2024-02-17 00:00:00,39.99,CUST-1446,United States,79.98
INV-102032,SKU-106,USB-C Multiport Adapter,Accessories,1,2023-06-16 00:00:00,34.5,CUST-1169,United States,34.5
INV-102033,SKU-110,LED Desk Lamp with Wireless Charging,Lighting,1,2023-06-18 00:00:00,49.99,CUST-1007,Canada,49.99
INV-102034,SKU-102,Ergonomic Office Chair,Furniture,1,2023-08-17 00:00:00,229.0,CUST-1408,Canada,229.0
INV-102035,SKU-102,Ergonomic Office Chair,Furniture,8,2024-01-02 00:00:00,229.0,CUST-1446,Germany,1832.0
INV-102036,SKU-107,Organic Cotton Throw Blanket,Home,1,2024-06-11 00:00:00,45.0,CUST-1411,United Kingdom,45.0
INV-102037,SKU-108,Portable Espresso Maker,Kitchen,4,2024-06-21 00:00:00,79.99,CUST-1074,United States,319.96
INV-102038,SKU-108,Portable Espresso Maker,Kitchen,1,2024-06-07 00:00:00,79.99,CUST-1412,United Kingdom,79.99
INV-102039,SKU-106,USB-C Multiport Adapter,Accessories,10,2023-03-13 00:00:00,34.5,CUST-1426,Australia,345.0
INV-102040,SKU-110,LED Desk Lamp with Wireless Charging,Lighting,2,2023-04-16 00:00:00,49.99,CUST-1378,Australia,99.98
INV-102041,SKU-108,Portable Espresso Maker,Kitchen,1,2023-10-09 00:00:00,79.99,CUST-1421,United States,79.99
INV-102042,SKU-101,Wireless Noise-Canceling Headphones,Audio,2,2023-05-13 00:00:00,149.99,CUST-1453,United States,299.98
INV-102043,SKU-109,Laptop Stand Aluminum,Accessories,1,2024-06-17 00:00:00,39.99,CUST-1351,United Kingdom,39.99
INV-102044,SKU-101,Wireless Noise-Canceling Headphones,Audio,1,2023-09-26 00:00:00,149.99,CUST-1051,India,149.99
INV-102045,SKU-103,Mechanical Gaming Keyboard,Peripherals,1,2024-02-16 00:00:00,89.5,CUST-1261,Germany,89.5
INV-102046,SKU-109,Laptop Stand Aluminum,Accessories,1,2023-01-18 00:00:00,39.99,CUST-1050,United States,39.99
INV-102047,SKU-105,Smart Fitness Tracker Band,Wearables,1,2023-04-27 00:00:00,59.99,CUST-1241,United States,59.99
INV-102048,SKU-109,Laptop Stand Aluminum,Accessories,2,2023-05-24 00:00:00,39.99,CUST-1241,United Kingdom,79.98
INV-102049,SKU-109,Laptop Stand Aluminum,Accessories,2,2024-02-26 00:00:00,39.99,CUST-1039,United States,79.98
INV-102050,SKU-106,USB-C Multiport Adapter,Accessories,1,2024-01-04 00:00:00,34.5,CUST-1203,Canada,34.5
INV-102051,SKU-101,Wireless Noise-Canceling Headphones,Audio,3,2023-02-19 00:00:00,149.99,CUST-1062,Canada,449.97
INV-102052,SKU-110,LED Desk Lamp with Wireless Charging,Lighting,2,2023-04-16 00:00:00,49.99,CUST-1445,United Kingdom,99.98
INV-102053,SKU-107,Organic Cotton Throw Blanket,Home,8,2023-08-04 00:00:00,45.0,CUST-1485,United States,360.0
INV-102054,SKU-106,USB-C Multiport Adapter,Accessories,2,2024-02-29 00:00:00,34.5,CUST-1043,Australia,69.0
INV-102055,SKU-109,Laptop Stand Aluminum,Accessories,1,2023-03-13 00:00:00,39.99,CUST-1488,United States,39.99
INV-102056,SKU-107,Organic Cotton Throw Blanket,Home,1,2024-03-21 00:00:00,45.0,CUST-1279,United States,45.0
INV-102057,SKU-104,Stainless Steel Water Bottle,Lifestyle,2,2023-07-05 00:00:00,24.99,CUST-1176,France,49.98
INV-102058,SKU-107,Organic Cotton Throw Blanket,Home,1,2023-03-11 00:00:00,45.0,CUST-1050,Canada,45.0
INV-102059,SKU-102,Ergonomic Office Chair,Furniture,1,2023-05-30 00:00:00,229.0,CUST-1267,Canada,229.0
INV-102060,SKU-106,USB-C Multiport Adapter,Accessories,1,2023-09-03 00:00:00,34.5,CUST-1441,United States,34.5
INV-102061,SKU-106,USB-C Multiport Adapter,Accessories,1,2024-06-21 00:00:00,34.5,CUST-1395,United States,34.5
INV-102062,SKU-102,Ergonomic Office Chair,Furniture,1,2023-04-09 00:00:00,229.0,CUST-1033,United States,229.0
INV-102063,SKU-104,Stainless Steel Water Bottle,Lifestyle,1,2023-10-05 00:00:00,24.99,CUST-1045,United States,24.99
INV-102064,SKU-108,Portable Espresso Maker,Kitchen,1,2024-03-30 00:00:00,79.99,CUST-1240,Canada,79.99
INV-102065,SKU-108,Portable Espresso Maker,Kitchen,2,2023-04-14 00:00:00,79.99,CUST-1170,United States,159.98
INV-102066,SKU-108,Portable Espresso Maker,Kitchen,1,2023-08-21 00:00:00,79.99,CUST-1139,Germany,79.99
INV-102067,SKU-108,Portable Espresso Maker,Kitchen,1,2024-01-29 00:00:00,79.99,CUST-1155,United States,79.99
INV-102068,SKU-101,Wireless Noise-Canceling Headphones,Audio,1,2024-05-15 00:00:00,149.99,CUST-1441,United States,149.99
INV-102069,SKU-102,Ergonomic Office Chair,Furniture,1,2023-09-08 00:00:00,229.0,CUST-1478,India,229.0
INV-102070,SKU-104,Stainless Steel Water Bottle,Lifestyle,1,2024-06-04 00:00:00,24.99,CUST-1240,United States,24.99
INV-102071,SKU-109,Laptop Stand Aluminum,Accessories,1,2023-03-20 00:00:00,39.99,CUST-1475,United States,39.99
INV-102072,SKU-103,Mechanical Gaming Keyboard,Peripherals,1,2023-02-21 00:00:00,89.5,CUST-1186,United States,89.5
INV-102073,SKU-106,USB-C Multiport Adapter,Accessories,2,2023-08-14 00:00:00,34.5,CUST-1261,United States,69.0
INV-102074,SKU-107,Organic Cotton Throw Blanket,Home,1,2023-02-20 00:00:00,45.0,CUST-1135,United Kingdom,45.0
INV-102075,SKU-108,Portable Espresso Maker,Kitchen,1,2023-07-05 00:00:00,79.99,CUST-1366,United States,79.99
INV-102076,SKU-107,Organic Cotton Throw Blanket,Home,1,2023-02-03 00:00:00,45.0,CUST-1498,Germany,45.0
INV-102077,SKU-103,Mechanical Gaming Keyboard,Peripherals,2,2023-05-11 00:00:00,89.5,CUST-1337,Canada,179.0
INV-102078,SKU-106,USB-C Multiport Adapter,Accessories,3,2024-03-18 00:00:00,34.5,CUST-1211,United Kingdom,103.5
INV-102079,SKU-105,Smart Fitness Tracker Band,Wearables,2,2024-03-07 00:00:00,59.99,CUST-1366,United States,119.98
INV-102080,SKU-110,LED Desk Lamp with Wireless Charging,Lighting,1,2024-05-11 00:00:00,49.99,CUST-1069,United Kingdom,49.99
INV-102081,SKU-104,Stainless Steel Water Bottle,Lifestyle,1,2024-02-07 00:00:00,24.99,CUST-1473,United States,24.99
INV-102082,SKU-101,Wireless Noise-Canceling Headphones,Audio,1,2023-11-19 00:00:00,149.99,CUST-1270,United Kingdom,149.99
INV-102083,SKU-107,Organic Cotton Throw Blanket,Home,3,2023-07-29 00:00:00,45.0,CUST-1249,Germany,135.0
INV-102084,SKU-108,Portable Espresso Maker,Kitchen,1,2023-11-25 00:00:00,79.99,CUST-1324,United States,79.99
INV-102085,SKU-102,Ergonomic Office Chair,Furniture,10,2024-01-07 00:00:00,229.0,CUST-1358,Canada,2290.0
INV-102086,SKU-107,Organic Cotton Throw Blanket,Home,2,2024-04-04 00:00:00,45.0,CUST-1043,Australia,90.0
INV-102087,SKU-106,USB-C Multiport Adapter,Accessories,2,2023-05-13 00:00:00,34.5,CUST-1390,Canada,69.0
INV-102088,SKU-105,Smart Fitness Tracker Band,Wearables,1,2023-05-01 00:00:00,59.99,CUST-1140,United States,59.99
INV-102089,SKU-104,Stainless Steel Water Bottle,Lifestyle,2,2024-03-27 00:00:00,24.99,CUST-1396,United Kingdom,49.98
INV-102090,SKU-102,Ergonomic Office Chair,Furniture,1,2023-05-09 00:00:00,229.0,CUST-1446,Australia,229.0
INV-102091,SKU-110,LED Desk Lamp with Wireless Charging,Lighting,1,2023-04-01 00:00:00,49.99,CUST-1441,United States,49.99
INV-102092,SKU-106,USB-C Multiport Adapter,Accessories,1,2023-01-29 00:00:00,34.5,CUST-1305,Canada,34.5
INV-102093,SKU-105,Smart Fitness Tracker Band,Wearables,4,2024-06-07 00:00:00,59.99,CUST-1277,United States,239.96
INV-102094,SKU-102,Ergonomic Office Chair,Furniture,1,2023-11-29 00:00:00,229.0,CUST-1074,United States,229.0
INV-102095,SKU-110,LED Desk Lamp with Wireless Charging,Lighting,1,2023-10-24 00:00:00,49.99,CUST-1431,Canada,49.99
INV-102096,SKU-107,Organic Cotton Throw Blanket,Home,1,2023-05-10 00:00:00,45.0,CUST-1154,Canada,45.0
INV-102097,SKU-106,USB-C Multiport Adapter,Accessories,2,2023-10-20 00:00:00,34.5,CUST-1265,Canada,69.0
INV-102098,SKU-109,Laptop Stand Aluminum,Accessories,2,2023-06-22 00:00:00,39.99,CUST-1157,France,79.98
INV-102099,SKU-110,LED Desk Lamp with Wireless Charging,Lighting,2,2023-01-24 00:00:00,49.99,CUST-1069,United States,99.98
INV-102100,SKU-105,Smart Fitness Tracker Band,Wearables,1,2023-04-09 00:00:00,59.99,CUST-1362,United States,59.99
INV-102101,SKU-109,Laptop Stand Aluminum,Accessories,1,2024-02-10 00:00:00,39.99,CUST-1034,Australia,39.99
INV-102102,SKU-109,Laptop Stand Aluminum,Accessories,1,2023-12-22 00:00:00,39.99,CUST-1412,United States,39.99
INV-102103,SKU-101,Wireless Noise-Canceling Headphones,Audio,1,2023-05-19 00:00:00,149.99,CUST-1184,Germany,149.99
INV-102104,SKU-105,Smart Fitness Tracker Band,Wearables,5,2024-05-17 00:00:00,59.99,CUST-1000,United Kingdom,299.95
INV-102105,SKU-109,Laptop Stand Aluminum,Accessories,1,2023-06-23 00:00:00,39.99,CUST-1273,United States,39.99
INV-102106,SKU-107,Organic Cotton Throw Blanket,Home,1,2023-01-29 00:00:00,45.0,CUST-1033,United States,45.0
INV-102107,SKU-106,USB-C Multiport Adapter,Accessories,1,2024-05-10 00:00:00,34.5,CUST-1154,United Kingdom,34.5
INV-102108,SKU-106,USB-C Multiport Adapter,Accessories,3,2023-12-17 00:00:00,34.5,CUST-1395,Australia,103.5
INV-102109,SKU-107,Organic Cotton Throw Blanket,Home,1,2023-10-26 00:00:00,45.0,CUST-1035,Germany,45.0
INV-102110,SKU-101,Wireless Noise-Canceling Headphones,Audio,1,2023-07-11 00:00:00,149.99,CUST-1450,United Kingdom,149.99
INV-102111,SKU-104,Stainless Steel Water Bottle,Lifestyle,2,2023-03-05 00:00:00,24.99,CUST-1001,United Kingdom,49.98
INV-102112,SKU-101,Wireless Noise-Canceling Headphones,Audio,1,2023-08-03 00:00:00,149.99,CUST-1140,United States,149.99
INV-102113,SKU-106,USB-C Multiport Adapter,Accessories,2,2023-06-15 00:00:00,34.5,CUST-1411,United States,69.0
INV-102114,SKU-104,Stainless Steel Water Bottle,Lifestyle,1,2024-06-26 00:00:00,24.99,CUST-1183,United States,24.99
INV-102115,SKU-101,Wireless Noise-Canceling Headphones,Audio,2,2023-08-20 00:00:00,149.99,CUST-1054,United States,299.98
INV-102116,SKU-109,Laptop Stand Aluminum,Accessories,1,2024-06-24 00:00:00,39.99,CUST-1214,United States,39.99
INV-102117,SKU-104,Stainless Steel Water Bottle,Lifestyle,1,2023-07-14 00:00:00,24.99,CUST-1154,United States,24.99
INV-102118,SKU-106,USB-C Multiport Adapter,Accessories,4,2024-05-20 00:00:00,34.5,CUST-1453,United States,138.0
INV-102119,SKU-107,Organic Cotton Throw Blanket,Home,1,2023-11-30 00:00:00,45.0,CUST-1182,United States,45.0
INV-102120,SKU-108,Portable Espresso Maker,Kitchen,1,2023-10-31 00:00:00,79.99,CUST-1441,United Kingdom,79.99
INV-102121,SKU-109,Laptop Stand Aluminum,Accessories,1,2024-03-12 00:00:00,39.99,CUST-1473,United Kingdom,39.99
INV-102122,SKU-109,Laptop Stand Aluminum,Accessories,2,2023-11-19 00:00:00,39.99,CUST-1247,United States,79.98
INV-102123,SKU-108,Portable Espresso Maker,Kitchen,1,2024-05-16 00:00:00,79.99,CUST-1475,France,79.99
INV-102124,SKU-110,LED Desk Lamp with Wireless Charging,Lighting,10,2024-01-28 00:00:00,49.99,CUST-1226,United States,499.9
INV-102125,SKU-103,Mechanical Gaming Keyboard,Peripherals,10,2023-05-29 00:00:00,89.5,CUST-1492,Australia,895.0
INV-102126,SKU-102,Ergonomic Office Chair,Furniture,2,2024-02-09 00:00:00,229.0,CUST-1051,United States,458.0
INV-102127,SKU-105,Smart Fitness Tracker Band,Wearables,1,2023-10-10 00:00:00,59.99,CUST-1390,Australia,59.99
INV-102128,SKU-101,Wireless Noise-Canceling Headphones,Audio,1,2023-12-28 00:00:00,149.99,CUST-1264,United States,149.99
INV-102129,SKU-103,Mechanical Gaming Keyboard,Peripherals,2,2024-01-14 00:00:00,89.5,CUST-1228,Canada,179.0
INV-102130,SKU-101,Wireless Noise-Canceling Headphones,Audio,1,2023-07-17 00:00:00,149.99,CUST-1364,United States,149.99
INV-102131,SKU-103,Mechanical Gaming Keyboard,Peripherals,1,2023-12-22 00:00:00,89.5,CUST-1392,Germany,89.5
INV-102132,SKU-104,Stainless Steel Water Bottle,Lifestyle,1,2024-06-23 00:00:00,24.99,CUST-1001,United States,24.99
INV-102133,SKU-107,Organic Cotton Throw Blanket,Home,1,2024-03-04 00:00:00,45.0,CUST-1094,United States,45.0
INV-102134,SKU-105,Smart Fitness Tracker Band,Wearables,1,2023-01-17 00:00:00,59.99,CUST-1396,Canada,59.99
INV-102135,SKU-105,Smart Fitness Tracker Band,Wearables,1,2024-01-14 00:00:00,59.99,CUST-1383,United States,59.99
INV-102136,SKU-101,Wireless Noise-Canceling Headphones,Audio,2,2024-05-20 00:00:00,149.99,CUST-1496,France,299.98
INV-102137,SKU-108,Portable Espresso Maker,Kitchen,1,2023-03-17 00:00:00,79.99,CUST-1419,United States,79.99
INV-102138,SKU-104,Stainless Steel Water Bottle,Lifestyle,1,2023-08-19 00:00:00,24.99,CUST-1488,United Kingdom,24.99
INV-102139,SKU-110,LED Desk Lamp with Wireless Charging,Lighting,1,2023-09-05 00:00:00,49.99,CUST-1390,Germany,49.99
INV-102140,SKU-105,Smart Fitness Tracker Band,Wearables,1,2023-10-29 00:00:00,59.99,CUST-1174,United States,59.99
INV-102141,SKU-102,Ergonomic Office Chair,Furniture,1,2023-08-03 00:00:00,229.0,CUST-1055,United States,229.0
INV-102142,SKU-101,Wireless Noise-Canceling Headphones,Audio,2,2023-06-07 00:00:00,149.99,CUST-1438,Canada,299.98
INV-102143,SKU-109,Laptop Stand Aluminum,Accessories,8,2023-03-10 00:00:00,39.99,CUST-1366,Canada,319.92
INV-102144,SKU-102,Ergonomic Office Chair,Furniture,1,2024-01-28 00:00:00,229.0,CUST-1033,France,229.0
INV-102145,SKU-106,USB-C Multiport Adapter,Accessories,1,2023-03-26 00:00:00,34.5,CUST-1214,United States,34.5
INV-102146,SKU-101,Wireless Noise-Canceling Headphones,Audio,1,2023-09-24 00:00:00,149.99,CUST-1488,United Kingdom,149.99
INV-102147,SKU-101,Wireless Noise-Canceling Headphones,Audio,8,2023-03-10 00:00:00,149.99,CUST-1267,United States,1199.92
INV-102148,SKU-109,Laptop Stand Aluminum,Accessories,2,2023-12-13 00:00:00,39.99,CUST-1247,United States,79.98
INV-102149,SKU-104,Stainless Steel Water Bottle,Lifestyle,4,2024-02-27 00:00:00,24.99,CUST-1256,Canada,99.96
INV-102150,SKU-109,Laptop Stand Aluminum,Accessories,1,2023-06-23 00:00:00,39.99,CUST-1121,United States,39.99
INV-102151,SKU-105,Smart Fitness Tracker Band,Wearables,10,2023-04-25 00:00:00,59.99,CUST-1220,United States,599.9
INV-102152,SKU-107,Organic Cotton Throw Blanket,Home,1,2023-08-08 00:00:00,45.0,CUST-1221,United States,45.0
INV-102153,SKU-101,Wireless Noise-Canceling Headphones,Audio,1,2023-01-31 00:00:00,149.99,CUST-1034,Germany,149.99
INV-102154,SKU-106,USB-C Multiport Adapter,Accessories,3,2024-06-06 00:00:00,34.5,CUST-1424,Australia,103.5
INV-102155,SKU-108,Portable Espresso Maker,Kitchen,4,2023-12-09 00:00:00,79.99,CUST-1242,Germany,319.96
INV-102156,SKU-101,Wireless Noise-Canceling Headphones,Audio,1,2024-01-12 00:00:00,149.99,CUST-1446,United Kingdom,149.99
INV-102157,SKU-109,Laptop Stand Aluminum,Accessories,1,2023-05-10 00:00:00,39.99,CUST-1462,Canada,39.99
INV-102158,SKU-103,Mechanical Gaming Keyboard,Peripherals,1,2024-06-22 00:00:00,89.5,CUST-1126,Germany,89.5
INV-102159,SKU-101,Wireless Noise-Canceling Headphones,Audio,1,2023-01-02 00:00:00,149.99,CUST-1376,United States,149.99
INV-102160,SKU-101,Wireless Noise-Canceling Headphones,Audio,1,2023-04-11 00:00:00,149.99,CUST-1261,United States,149.99
INV-102161,SKU-106,USB-C Multiport Adapter,Accessories,8,2024-06-16 00:00:00,34.5,CUST-1471,United States,276.0
INV-102162,SKU-106,USB-C Multiport Adapter,Accessories,2,2023-02-27 00:00:00,34.5,CUST-1127,United Kingdom,69.0
INV-102163,SKU-101,Wireless Noise-Canceling Headphones,Audio,2,2024-01-24 00:00:00,149.99,CUST-1390,Canada,299.98
INV-102164,SKU-103,Mechanical Gaming Keyboard,Peripherals,2,2023-12-07 00:00:00,89.5,CUST-1344,United States,179.0
INV-102165,SKU-107,Organic Cotton Throw Blanket,Home,1,2023-01-20 00:00:00,45.0,CUST-1170,United States,45.0
INV-102166,SKU-110,LED Desk Lamp with Wireless Charging,Lighting,2,2023-09-12 00:00:00,49.99,CUST-1069,Australia,99.98
INV-102167,SKU-103,Mechanical Gaming Keyboard,Peripherals,1,2023-11-13 00:00:00,89.5,CUST-1367,Canada,89.5
INV-102168,SKU-103,Mechanical Gaming Keyboard,Peripherals,1,2023-02-07 00:00:00,89.5,CUST-1408,Germany,89.5
INV-102169,SKU-103,Mechanical Gaming Keyboard,Peripherals,1,2024-06-20 00:00:00,89.5,CUST-1183,United States,89.5
INV-102170,SKU-107,Organic Cotton Throw Blanket,Home,1,2024-01-21 00:00:00,45.0,CUST-1366,United States,45.0
INV-102171,SKU-104,Stainless Steel Water Bottle,Lifestyle,3,2023-01-26 00:00:00,24.99,CUST-1235,United States,74.97
INV-102172,SKU-104,Stainless Steel Water Bottle,Lifestyle,10,2024-03-29 00:00:00,24.99,CUST-1396,United States,249.9
INV-102173,SKU-103,Mechanical Gaming Keyboard,Peripherals,1,2023-11-19 00:00:00,89.5,CUST-1118,United States,89.5
INV-102174,SKU-110,LED Desk Lamp with Wireless Charging,Lighting,2,2024-05-27 00:00:00,49.99,CUST-1473,United Kingdom,99.98
INV-102175,SKU-109,Laptop Stand Aluminum,Accessories,1,2023-01-13 00:00:00,39.99,CUST-1161,United States,39.99
INV-102176,SKU-102,Ergonomic Office Chair,Furniture,2,2024-01-06 00:00:00,229.0,CUST-1219,United States,458.0
INV-102177,SKU-104,Stainless Steel Water Bottle,Lifestyle,1,2023-10-18 00:00:00,24.99,CUST-1034,United States,24.99
INV-102178,SKU-108,Portable Espresso Maker,Kitchen,1,2023-11-28 00:00:00,79.99,CUST-1062,Germany,79.99
INV-102179,SKU-106,USB-C Multiport Adapter,Accessories,1,2023-09-18 00:00:00,34.5,CUST-1274,United Kingdom,34.5
INV-102180,SKU-107,Organic Cotton Throw Blanket,Home,2,2023-07-24 00:00:00,45.0,CUST-1154,United Kingdom,90.0
INV-102181,SKU-107,Organic Cotton Throw Blanket,Home,1,2024-01-22 00:00:00,45.0,CUST-1447,United States,45.0
INV-102182,SKU-102,Ergonomic Office Chair,Furniture,4,2024-04-12 00:00:00,229.0,CUST-1007,United States,916.0
INV-102183,SKU-104,Stainless Steel Water Bottle,Lifestyle,1,2024-02-19 00:00:00,24.99,CUST-1226,United States,24.99
INV-102184,SKU-110,LED Desk Lamp with Wireless Charging,Lighting,5,2023-03-10 00:00:00,49.99,CUST-1197,United States,249.95
INV-102185,SKU-110,LED Desk Lamp with Wireless Charging,Lighting,2,2024-04-16 00:00:00,49.99,CUST-1011,Australia,99.98
INV-102186,SKU-106,USB-C Multiport Adapter,Accessories,1,2023-04-14 00:00:00,34.5,CUST-1069,India,34.5
INV-102187,SKU-103,Mechanical Gaming Keyboard,Peripherals,1,2023-06-10 00:00:00,89.5,CUST-1241,Germany,89.5
INV-102188,SKU-109,Laptop Stand Aluminum,Accessories,2,2023-07-19 00:00:00,39.99,CUST-1264,Australia,79.98
INV-102189,SKU-104,Stainless Steel Water Bottle,Lifestyle,2,2023-08-04 00:00:00,24.99,CUST-1240,Germany,49.98
INV-102190,SKU-110,LED Desk Lamp with Wireless Charging,Lighting,2,2023-07-31 00:00:00,49.99,CUST-1285,United States,99.98
INV-102191,SKU-102,Ergonomic Office Chair,Furniture,1,2024-05-22 00:00:00,229.0,CUST-1327,India,229.0
INV-102192,SKU-106,USB-C Multiport Adapter,Accessories,1,2023-01-16 00:00:00,34.5,CUST-1002,United States,34.5
INV-102193,SKU-101,Wireless Noise-Canceling Headphones,Audio,10,2024-05-12 00:00:00,149.99,CUST-1258,Germany,1499.9
INV-102194,SKU-106,USB-C Multiport Adapter,Accessories,1,2023-11-28 00:00:00,34.5,CUST-1491,United States,34.5
INV-102195,SKU-110,LED Desk Lamp with Wireless Charging,Lighting,1,2023-09-13 00:00:00,49.99,CUST-1276,United States,49.99
INV-102196,SKU-101,Wireless Noise-Canceling Headphones,Audio,1,2023-06-21 00:00:00,149.99,CUST-1390,Germany,149.99
INV-102197,SKU-108,Portable Espresso Maker,Kitchen,2,2024-05-12 00:00:00,79.99,CUST-1182,United States,159.98
INV-102198,SKU-105,Smart Fitness Tracker Band,Wearables,2,2024-04-15 00:00:00,59.99,CUST-1431,United States,119.98
INV-102199,SKU-106,USB-C Multiport Adapter,Accessories,1,2024-01-19 00:00:00,34.5,CUST-1427,United States,34.5
INV-102200,SKU-102,Ergonomic Office Chair,Furniture,1,2024-05-21 00:00:00,229.0,CUST-1278,United States,229.0
INV-102201,SKU-102,Ergonomic Office Chair,Furniture,1,2024-06-10 00:00:00,229.0,CUST-1498,France,229.0
INV-102202,SKU-109,Laptop Stand Aluminum,Accessories,1,2023-11-21 00:00:00,39.99,CUST-1069,Canada,39.99
INV-102203,SKU-103,Mechanical Gaming Keyboard,Peripherals,1,2023-08-02 00:00:00,89.5,CUST-1009,United Kingdom,89.5
INV-102204,SKU-106,USB-C Multiport Adapter,Accessories,10,2023-07-27 00:00:00,34.5,CUST-1427,United States,345.0
INV-102205,SKU-110,LED Desk Lamp with Wireless Charging,Lighting,1,2023-06-18 00:00:00,49.99,CUST-1444,Canada,49.99
INV-102206,SKU-105,Smart Fitness Tracker Band,Wearables,1,2023-11-26 00:00:00,59.99,CUST-1069,United States,59.99
INV-102207,SKU-104,Stainless Steel Water Bottle,Lifestyle,4,2023-10-07 00:00:00,24.99,CUST-1154,United States,99.96
INV-102208,SKU-110,LED Desk Lamp with Wireless Charging,Lighting,1,2023-11-01 00:00:00,49.99,CUST-1009,United States,49.99
INV-102209,SKU-102,Ergonomic Office Chair,Furniture,1,2023-05-26 00:00:00,229.0,CUST-1166,Australia,229.0
INV-102210,SKU-108,Portable Espresso Maker,Kitchen,1,2024-05-30 00:00:00,79.99,CUST-1427,United States,79.99
INV-102211,SKU-110,LED Desk Lamp with Wireless Charging,Lighting,1,2023-03-31 00:00:00,49.99,CUST-1276,United States,49.99
INV-102212,SKU-107,Organic Cotton Throw Blanket,Home,5,2024-03-28 00:00:00,45.0,CUST-1200,United Kingdom,225.0
INV-102213,SKU-102,Ergonomic Office Chair,Furniture,1,2023-03-01 00:00:00,229.0,CUST-1226,United States,229.0
INV-102214,SKU-106,USB-C Multiport Adapter,Accessories,1,2023-11-07 00:00:00,34.5,CUST-1001,United Kingdom,34.5
INV-102215,SKU-108,Portable Espresso Maker,Kitchen,2,2024-06-11 00:00:00,79.99,CUST-1176,United Kingdom,159.98
INV-102216,SKU-107,Organic Cotton Throw Blanket,Home,4,2023-08-15 00:00:00,45.0,CUST-1366,United States,180.0
INV-102217,SKU-101,Wireless Noise-Canceling Headphones,Audio,1,2024-04-18 00:00:00,149.99,CUST-1498,United States,149.99
INV-102218,SKU-105,Smart Fitness Tracker Band,Wearables,1,2024-06-24 00:00:00,59.99,CUST-1455,United States,59.99
INV-102219,SKU-102,Ergonomic Office Chair,Furniture,5,2023-03-20 00:00:00,229.0,CUST-1011,Canada,1145.0
INV-102220,SKU-106,USB-C Multiport Adapter,Accessories,1,2024-03-08 00:00:00,34.5,CUST-1475,Australia,34.5
INV-102221,SKU-107,Organic Cotton Throw Blanket,Home,2,2023-06-02 00:00:00,45.0,CUST-1441,United States,90.0
INV-102222,SKU-107,Organic Cotton Throw Blanket,Home,2,2024-02-05 00:00:00,45.0,CUST-1437,United States,90.0
INV-102223,SKU-103,Mechanical Gaming Keyboard,Peripherals,2,2023-10-06 00:00:00,89.5,CUST-1256,United States,179.0
INV-102224,SKU-107,Organic Cotton Throw Blanket,Home,1,2023-02-26 00:00:00,45.0,CUST-1238,United Kingdom,45.0
INV-102225,SKU-105,Smart Fitness Tracker Band,Wearables,1,2023-07-05 00:00:00,59.99,CUST-1178,Germany,59.99
INV-102226,SKU-108,Portable Espresso Maker,Kitchen,2,2024-02-02 00:00:00,79.99,CUST-1038,United States,159.98
INV-102227,SKU-108,Portable Espresso Maker,Kitchen,1,2023-06-07 00:00:00,79.99,CUST-1137,Germany,79.99
INV-102228,SKU-107,Organic Cotton Throw Blanket,Home,1,2023-12-25 00:00:00,45.0,,Germany,45.0
INV-102229,SKU-106,USB-C Multiport Adapter,Accessories,1,2024-03-15 00:00:00,34.5,CUST-1261,France,34.5
INV-102230,SKU-102,Ergonomic Office Chair,Furniture,1,2024-04-10 00:00:00,229.0,CUST-1412,United States,229.0
INV-102231,SKU-106,USB-C Multiport Adapter,Accessories,8,2024-03-21 00:00:00,34.5,CUST-1261,United States,276.0
INV-102232,SKU-109,Laptop Stand Aluminum,Accessories,1,2024-05-02 00:00:00,39.99,CUST-1034,United States,39.99
INV-102233,SKU-102,Ergonomic Office Chair,Furniture,8,2024-06-13 00:00:00,229.0,CUST-1488,Australia,1832.0
INV-102234,SKU-101,Wireless Noise-Canceling Headphones,Audio,1,2023-03-14 00:00:00,149.99,CUST-1482,Canada,149.99
INV-102235,SKU-105,Smart Fitness Tracker Band,Wearables,1,2023-01-17 00:00:00,59.99,CUST-1441,United Kingdom,59.99
INV-102236,SKU-106,USB-C Multiport Adapter,Accessories,1,2024-06-14 00:00:00,34.5,CUST-1499,United States,34.5
INV-102237,SKU-103,Mechanical Gaming Keyboard,Peripherals,2,2023-11-22 00:00:00,89.5,CUST-1304,United States,179.0
INV-102238,SKU-108,Portable Espresso Maker,Kitchen,2,2024-06-29 00:00:00,79.99,,United States,159.98
INV-102239,SKU-107,Organic Cotton Throw Blanket,Home,1,2023-07-21 00:00:00,45.0,CUST-1048,United Kingdom,45.0
INV-102240,SKU-102,Ergonomic Office Chair,Furniture,4,2023-12-10 00:00:00,229.0,CUST-1219,United States,916.0
INV-102241,SKU-107,Organic Cotton Throw Blanket,Home,1,2024-06-06 00:00:00,45.0,CUST-1134,United States,45.0
INV-102242,SKU-101,Wireless Noise-Canceling Headphones,Audio,2,2024-02-04 00:00:00,149.99,CUST-1116,Germany,299.98
INV-102243,SKU-109,Laptop Stand Aluminum,Accessories,10,2023-08-06 00:00:00,39.99,CUST-1073,United States,399.9
INV-102244,SKU-107,Organic Cotton Throw Blanket,Home,4,2024-03-20 00:00:00,45.0,CUST-1358,United Kingdom,180.0
INV-102245,SKU-106,USB-C Multiport Adapter,Accessories,5,2023-08-10 00:00:00,34.5,CUST-1437,United States,172.5
INV-102246,SKU-102,Ergonomic Office Chair,Furniture,1,2024-01-18 00:00:00,229.0,CUST-1315,Canada,229.0
INV-102247,SKU-103,Mechanical Gaming Keyboard,Peripherals,1,2023-01-07 00:00:00,89.5,CUST-1076,United Kingdom,89.5
INV-102248,SKU-101,Wireless Noise-Canceling Headphones,Audio,1,2023-09-29 00:00:00,149.99,CUST-1445,Australia,149.99
INV-102249,SKU-110,LED Desk Lamp with Wireless Charging,Lighting,1,2023-01-16 00:00:00,49.99,CUST-1364,United Kingdom,49.99
INV-102250,SKU-105,Smart Fitness Tracker Band,Wearables,2,2024-02-28 00:00:00,59.99,CUST-1228,France,119.98
INV-102251,SKU-109,Laptop Stand Aluminum,Accessories,1,2024-06-07 00:00:00,39.99,CUST-1388,Australia,39.99
INV-102252,SKU-106,USB-C Multiport Adapter,Accessories,2,2023-01-21 00:00:00,34.5,CUST-1150,United Kingdom,69.0
INV-102253,SKU-105,Smart Fitness Tracker Band,Wearables,1,2023-08-16 00:00:00,59.99,CUST-1199,France,59.99
INV-102254,SKU-103,Mechanical Gaming Keyboard,Peripherals,1,2023-10-15 00:00:00,89.5,CUST-1475,United States,89.5
INV-102255,SKU-105,Smart Fitness Tracker Band,Wearables,2,2023-05-14 00:00:00,59.99,CUST-1165,United States,119.98
INV-102256,SKU-108,Portable Espresso Maker,Kitchen,1,2023-10-10 00:00:00,79.99,CUST-1261,United States,79.99
INV-102257,SKU-102,Ergonomic Office Chair,Furniture,3,2024-02-08 00:00:00,229.0,CUST-1473,United Kingdom,687.0
INV-102258,SKU-105,Smart Fitness Tracker Band,Wearables,1,2023-03-07 00:00:00,59.99,CUST-1395,Germany,59.99
INV-102259,SKU-106,USB-C Multiport Adapter,Accessories,2,2024-03-12 00:00:00,34.5,CUST-1035,Canada,69.0
INV-102260,SKU-110,LED Desk Lamp with Wireless Charging,Lighting,1,2023-09-16 00:00:00,49.99,CUST-1076,United States,49.99
INV-102261,SKU-108,Portable Espresso Maker,Kitchen,1,2023-04-13 00:00:00,79.99,CUST-1001,United States,79.99
INV-102262,SKU-108,Portable Espresso Maker,Kitchen,2,2023-04-11 00:00:00,79.99,CUST-1364,United States,159.98
INV-102263,SKU-105,Smart Fitness Tracker Band,Wearables,3,2023-07-17 00:00:00,59.99,CUST-1249,Germany,179.97
INV-102264,SKU-109,Laptop Stand Aluminum,Accessories,1,2023-08-14 00:00:00,39.99,CUST-1069,United States,39.99
INV-102265,SKU-104,Stainless Steel Water Bottle,Lifestyle,1,2024-04-07 00:00:00,24.99,CUST-1489,Australia,24.99
INV-102266,SKU-109,Laptop Stand Aluminum,Accessories,1,2023-08-25 00:00:00,39.99,CUST-1282,United States,39.99
INV-102267,SKU-107,Organic Cotton Throw Blanket,Home,1,2023-01-26 00:00:00,45.0,CUST-1140,United States,45.0
INV-102268,SKU-106,USB-C Multiport Adapter,Accessories,3,2023-05-01 00:00:00,34.5,CUST-1267,Australia,103.5
INV-102269,SKU-104,Stainless Steel Water Bottle,Lifestyle,2,2024-05-20 00:00:00,24.99,CUST-1390,United Kingdom,49.98
INV-102270,SKU-102,Ergonomic Office Chair,Furniture,1,2023-07-01 00:00:00,229.0,CUST-1050,United States,229.0
INV-102271,SKU-108,Portable Espresso Maker,Kitchen,1,2024-06-26 00:00:00,79.99,CUST-1154,United Kingdom,79.99
INV-102272,SKU-106,USB-C Multiport Adapter,Accessories,2,2023-11-11 00:00:00,34.5,CUST-1444,United States,69.0
INV-102273,SKU-103,Mechanical Gaming Keyboard,Peripherals,1,2023-09-30 00:00:00,89.5,CUST-1256,India,89.5
INV-102274,SKU-107,Organic Cotton Throw Blanket,Home,2,2023-08-20 00:00:00,45.0,CUST-1305,United Kingdom,90.0
INV-102275,SKU-110,LED Desk Lamp with Wireless Charging,Lighting,1,2024-02-24 00:00:00,49.99,CUST-1247,United States,49.99
INV-102276,SKU-107,Organic Cotton Throw Blanket,Home,2,2024-03-17 00:00:00,45.0,CUST-1033,United Kingdom,90.0
INV-102277,SKU-106,USB-C Multiport Adapter,Accessories,1,2024-05-10 00:00:00,34.5,CUST-1093,United States,34.5
INV-102278,SKU-102,Ergonomic Office Chair,Furniture,3,2023-01-24 00:00:00,229.0,CUST-1248,Canada,687.0
INV-102279,SKU-108,Portable Espresso Maker,Kitchen,1,2023-04-19 00:00:00,79.99,CUST-1121,France,79.99
INV-102280,SKU-101,Wireless Noise-Canceling Headphones,Audio,1,2024-05-16 00:00:00,149.99,CUST-1033,Australia,149.99
INV-102281,SKU-101,Wireless Noise-Canceling Headphones,Audio,3,2023-01-25 00:00:00,149.99,CUST-1453,United States,449.97
INV-102282,SKU-106,USB-C Multiport Adapter,Accessories,1,2023-07-06 00:00:00,34.5,CUST-1499,United States,34.5
INV-102283,SKU-105,Smart Fitness Tracker Band,Wearables,1,2023-10-15 00:00:00,59.99,CUST-1441,United States,59.99
INV-102284,SKU-109,Laptop Stand Aluminum,Accessories,1,2023-12-04 00:00:00,39.99,CUST-1464,Germany,39.99
INV-102285,SKU-107,Organic Cotton Throw Blanket,Home,1,2023-02-06 00:00:00,45.0,CUST-1140,United Kingdom,45.0
INV-102286,SKU-102,Ergonomic Office Chair,Furniture,4,2023-05-17 00:00:00,229.0,CUST-1489,United Kingdom,916.0
INV-102287,SKU-107,Organic Cotton Throw Blanket,Home,2,2024-05-22 00:00:00,45.0,CUST-1116,Australia,90.0
INV-102288,SKU-103,Mechanical Gaming Keyboard,Peripherals,1,2023-08-15 00:00:00,89.5,CUST-1488,United States,89.5
INV-102289,SKU-101,Wireless Noise-Canceling Headphones,Audio,2,2023-11-16 00:00:00,149.99,CUST-1499,United States,299.98
INV-102290,SKU-108,Portable Espresso Maker,Kitchen,1,2023-07-01 00:00:00,79.99,CUST-1395,United States,79.99
INV-102291,SKU-103,Mechanical Gaming Keyboard,Peripherals,4,2023-03-27 00:00:00,89.5,CUST-1499,United States,358.0
INV-102292,SKU-108,Portable Espresso Maker,Kitchen,1,2024-04-11 00:00:00,79.99,CUST-1313,United States,79.99
INV-102293,SKU-107,Organic Cotton Throw Blanket,Home,1,2023-02-22 00:00:00,45.0,,United Kingdom,45.0
INV-102294,SKU-102,Ergonomic Office Chair,Furniture,1,2023-08-23 00:00:00,229.0,CUST-1248,United States,229.0
INV-102295,SKU-101,Wireless Noise-Canceling Headphones,Audio,1,2024-03-08 00:00:00,149.99,CUST-1325,United States,149.99
INV-102296,SKU-107,Organic Cotton Throw Blanket,Home,1,2024-05-10 00:00:00,45.0,CUST-1045,Canada,45.0
INV-102297,SKU-101,Wireless Noise-Canceling Headphones,Audio,1,2023-04-10 00:00:00,149.99,CUST-1358,United States,149.99
INV-102298,SKU-106,USB-C Multiport Adapter,Accessories,2,2024-02-07 00:00:00,34.5,CUST-1499,Germany,69.0
INV-102299,SKU-110,LED Desk Lamp with Wireless Charging,Lighting,1,2024-01-31 00:00:00,49.99,CUST-1114,United States,49.99
INV-102300,SKU-110,LED Desk Lamp with Wireless Charging,Lighting,5,2024-06-10 00:00:00,49.99,CUST-1441,United Kingdom,249.95
INV-102301,SKU-108,Portable Espresso Maker,Kitchen,1,2024-02-19 00:00:00,79.99,CUST-1475,France,79.99
INV-102302,SKU-107,Organic Cotton Throw Blanket,Home,2,2024-04-07 00:00:00,45.0,CUST-1483,United States,90.0
INV-102303,SKU-104,Stainless Steel Water Bottle,Lifestyle,5,2024-06-24 00:00:00,24.99,CUST-1489,United Kingdom,124.95
INV-102304,SKU-101,Wireless Noise-Canceling Headphones,Audio,2,2023-12-30 00:00:00,149.99,CUST-1278,Australia,299.98
INV-102305,SKU-101,Wireless Noise-Canceling Headphones,Audio,3,2023-05-10 00:00:00,149.99,CUST-1498,United Kingdom,449.97
INV-102306,SKU-104,Stainless Steel Water Bottle,Lifestyle,3,2023-03-25 00:00:00,24.99,CUST-1414,United States,74.97
INV-102307,SKU-105,Smart Fitness Tracker Band,Wearables,1,2023-09-28 00:00:00,59.99,CUST-1089,United States,59.99
INV-102308,SKU-107,Organic Cotton Throw Blanket,Home,2,2023-09-01 00:00:00,45.0,CUST-1261,Germany,90.0
INV-102309,SKU-104,Stainless Steel Water Bottle,Lifestyle,1,2024-01-23 00:00:00,24.99,CUST-1398,Australia,24.99
INV-102310,SKU-110,LED Desk Lamp with Wireless Charging,Lighting,1,2023-08-02 00:00:00,49.99,CUST-1140,United States,49.99
INV-102311,SKU-101,Wireless Noise-Canceling Headphones,Audio,1,2023-06-15 00:00:00,149.99,CUST-1366,United States,149.99
INV-102312,SKU-110,LED Desk Lamp with Wireless Charging,Lighting,2,2023-02-28 00:00:00,49.99,CUST-1383,United States,99.98
INV-102313,SKU-107,Organic Cotton Throw Blanket,Home,1,2024-05-18 00:00:00,45.0,CUST-1091,United States,45.0
INV-102314,SKU-102,Ergonomic Office Chair,Furniture,1,2023-05-03 00:00:00,229.0,CUST-1313,United States,229.0
INV-102315,SKU-102,Ergonomic Office Chair,Furniture,1,2024-02-17 00:00:00,229.0,CUST-1427,United States,229.0
INV-102316,SKU-108,Portable Espresso Maker,Kitchen,10,2023-05-19 00:00:00,79.99,CUST-1266,United States,799.9
INV-102317,SKU-110,LED Desk Lamp with Wireless Charging,Lighting,1,2023-08-17 00:00:00,49.99,CUST-1007,United States,49.99
INV-102318,SKU-110,LED Desk Lamp with Wireless Charging,Lighting,1,2023-10-01 00:00:00,49.99,CUST-1002,France,49.99
INV-102319,SKU-110,LED Desk Lamp with Wireless Charging,Lighting,1,2024-03-14 00:00:00,49.99,CUST-1211,United States,49.99
INV-102320,SKU-105,Smart Fitness Tracker Band,Wearables,8,2023-04-28 00:00:00,59.99,CUST-1476,United States,479.92
INV-102321,SKU-110,LED Desk Lamp with Wireless Charging,Lighting,8,2024-04-27 00:00:00,49.99,CUST-1137,United States,399.92
INV-102322,SKU-102,Ergonomic Office Chair,Furniture,2,2024-01-30 00:00:00,229.0,CUST-1364,France,458.0
INV-102323,SKU-105,Smart Fitness Tracker Band,Wearables,4,2024-04-04 00:00:00,59.99,CUST-1134,Canada,239.96
INV-102324,SKU-108,Portable Espresso Maker,Kitchen,1,2023-03-19 00:00:00,79.99,CUST-1186,Canada,79.99
INV-102325,SKU-106,USB-C Multiport Adapter,Accessories,8,2024-02-16 00:00:00,34.5,CUST-1460,United States,276.0
INV-102326,SKU-103,Mechanical Gaming Keyboard,Peripherals,1,2023-03-16 00:00:00,89.5,CUST-1403,Canada,89.5
INV-102327,SKU-108,Portable Espresso Maker,Kitchen,1,2023-10-22 00:00:00,79.99,CUST-1052,United States,79.99
INV-102328,SKU-109,Laptop Stand Aluminum,Accessories,1,2023-01-21 00:00:00,39.99,CUST-1247,United States,39.99
INV-102329,SKU-105,Smart Fitness Tracker Band,Wearables,1,2023-06-20 00:00:00,59.99,CUST-1011,United Kingdom,59.99
INV-102330,SKU-102,Ergonomic Office Chair,Furniture,2,2023-01-15 00:00:00,229.0,CUST-1261,Canada,458.0
INV-102331,SKU-102,Ergonomic Office Chair,Furniture,1,2023-07-30 00:00:00,229.0,CUST-1381,Canada,229.0
INV-102332,SKU-107,Organic Cotton Throw Blanket,Home,8,2023-03-27 00:00:00,45.0,CUST-1069,Australia,360.0
INV-102333,SKU-101,Wireless Noise-Canceling Headphones,Audio,1,2023-05-29 00:00:00,149.99,CUST-1162,France,149.99
INV-102334,SKU-110,LED Desk Lamp with Wireless Charging,Lighting,1,2024-01-07 00:00:00,49.99,CUST-1238,United States,49.99
INV-102335,SKU-102,Ergonomic Office Chair,Furniture,1,2024-04-24 00:00:00,229.0,CUST-1475,United States,229.0
INV-102336,SKU-110,LED Desk Lamp with Wireless Charging,Lighting,2,2023-05-31 00:00:00,49.99,CUST-1499,United States,99.98
INV-102337,SKU-104,Stainless Steel Water Bottle,Lifestyle,3,2023-05-21 00:00:00,24.99,CUST-1033,Australia,74.97
INV-102338,SKU-101,Wireless Noise-Canceling Headphones,Audio,1,2023-03-10 00:00:00,149.99,,United States,149.99
INV-102339,SKU-104,Stainless Steel Water Bottle,Lifestyle,1,2023-09-17 00:00:00,24.99,CUST-1226,Australia,24.99
INV-102340,SKU-110,LED Desk Lamp with Wireless Charging,Lighting,1,2024-06-04 00:00:00,49.99,CUST-1231,United States,49.99
INV-102341,SKU-105,Smart Fitness Tracker Band,Wearables,2,2024-01-06 00:00:00,59.99,CUST-1412,United States,119.98
INV-102342,SKU-109,Laptop Stand Aluminum,Accessories,10,2024-02-23 00:00:00,39.99,CUST-1475,United States,399.9
INV-102343,SKU-101,Wireless Noise-Canceling Headphones,Audio,1,2023-04-11 00:00:00,149.99,CUST-1488,United States,149.99
INV-102344,SKU-105,Smart Fitness Tracker Band,Wearables,4,2023-08-31 00:00:00,59.99,CUST-1315,Australia,239.96
INV-102345,SKU-102,Ergonomic Office Chair,Furniture,1,2024-05-26 00:00:00,229.0,CUST-1211,United States,229.0
INV-102346,SKU-109,Laptop Stand Aluminum,Accessories,1,2023-04-05 00:00:00,39.99,CUST-1441,United States,39.99
INV-102347,SKU-106,USB-C Multiport Adapter,Accessories,5,2023-08-14 00:00:00,34.5,CUST-1140,United States,172.5
INV-102348,SKU-102,Ergonomic Office Chair,Furniture,1,2024-06-01 00:00:00,229.0,CUST-1310,United States,229.0
INV-102349,SKU-103,Mechanical Gaming Keyboard,Peripherals,1,2023-08-02 00:00:00,89.5,CUST-1212,United States,89.5
INV-102350,SKU-108,Portable Espresso Maker,Kitchen,1,2023-03-08 00:00:00,79.99,CUST-1376,United States,79.99
INV-102351,SKU-101,Wireless Noise-Canceling Headphones,Audio,1,2024-01-31 00:00:00,149.99,CUST-1139,Australia,149.99
INV-102352,SKU-103,Mechanical Gaming Keyboard,Peripherals,3,2023-01-12 00:00:00,89.5,CUST-1115,United States,268.5
INV-102353,SKU-110,LED Desk Lamp with Wireless Charging,Lighting,2,2023-08-25 00:00:00,49.99,CUST-1475,United States,99.98
INV-102354,SKU-101,Wireless Noise-Canceling Headphones,Audio,4,2024-02-03 00:00:00,149.99,CUST-1054,United Kingdom,599.96
INV-102355,SKU-108,Portable Espresso Maker,Kitchen,1,2024-02-11 00:00:00,79.99,CUST-1271,United States,79.99
INV-102356,SKU-101,Wireless Noise-Canceling Headphones,Audio,1,2024-04-24 00:00:00,149.99,CUST-1134,United States,149.99
INV-102357,SKU-105,Smart Fitness Tracker Band,Wearables,1,2023-08-10 00:00:00,59.99,CUST-1025,United Kingdom,59.99
INV-102358,SKU-104,Stainless Steel Water Bottle,Lifestyle,1,2023-06-05 00:00:00,24.99,CUST-1020,United States,24.99
INV-102359,SKU-107,Organic Cotton Throw Blanket,Home,10,2024-03-03 00:00:00,45.0,CUST-1104,Germany,450.0
INV-102360,SKU-105,Smart Fitness Tracker Band,Wearables,2,2023-06-07 00:00:00,59.99,CUST-1469,United Kingdom,119.98
INV-102361,SKU-108,Portable Espresso Maker,Kitchen,1,2024-02-20 00:00:00,79.99,CUST-1156,Canada,79.99
INV-102362,SKU-101,Wireless Noise-Canceling Headphones,Audio,3,2023-11-22 00:00:00,149.99,CUST-1488,France,449.97
INV-102363,SKU-105,Smart Fitness Tracker Band,Wearables,2,2024-01-06 00:00:00,59.99,CUST-1321,United States,119.98
INV-102364,SKU-104,Stainless Steel Water Bottle,Lifestyle,1,2023-12-10 00:00:00,24.99,CUST-1247,United States,24.99
INV-102365,SKU-103,Mechanical Gaming Keyboard,Peripherals,3,2023-09-19 00:00:00,89.5,CUST-1320,United States,268.5
INV-102366,SKU-105,Smart Fitness Tracker Band,Wearables,1,2023-10-10 00:00:00,59.99,CUST-1275,United States,59.99
INV-102367,SKU-110,LED Desk Lamp with Wireless Charging,Lighting,1,2023-08-17 00:00:00,49.99,CUST-1417,Canada,49.99
INV-102368,SKU-103,Mechanical Gaming Keyboard,Peripherals,1,2023-10-07 00:00:00,89.5,CUST-1156,Canada,89.5
INV-102369,SKU-108,Portable Espresso Maker,Kitchen,1,2023-10-17 00:00:00,79.99,CUST-1203,United Kingdom,79.99
INV-102370,SKU-103,Mechanical Gaming Keyboard,Peripherals,1,2023-02-16 00:00:00,89.5,CUST-1475,United Kingdom,89.5
INV-102371,SKU-101,Wireless Noise-Canceling Headphones,Audio,1,2023-08-02 00:00:00,149.99,CUST-1485,United States,149.99
INV-102372,SKU-109,Laptop Stand Aluminum,Accessories,1,2023-01-24 00:00:00,39.99,CUST-1473,United Kingdom,39.99
INV-102373,SKU-109,Laptop Stand Aluminum,Accessories,2,2023-11-17 00:00:00,39.99,CUST-1243,Canada,79.98
INV-102374,SKU-106,USB-C Multiport Adapter,Accessories,10,2023-10-01 00:00:00,34.5,CUST-1437,United Kingdom,345.0
INV-102375,SKU-110,LED Desk Lamp with Wireless Charging,Lighting,2,2023-11-09 00:00:00,49.99,CUST-1261,United States,99.98
INV-102376,SKU-101,Wireless Noise-Canceling Headphones,Audio,1,2023-12-29 00:00:00,149.99,CUST-1265,Germany,149.99
INV-102377,SKU-108,Portable Espresso Maker,Kitchen,1,2024-01-15 00:00:00,79.99,CUST-1120,United States,79.99
INV-102378,SKU-102,Ergonomic Office Chair,Furniture,1,2024-04-14 00:00:00,229.0,CUST-1324,United Kingdom,229.0
INV-102379,SKU-109,Laptop Stand Aluminum,Accessories,1,2023-04-26 00:00:00,39.99,CUST-1112,United Kingdom,39.99
INV-102380,SKU-108,Portable Espresso Maker,Kitchen,1,2023-02-11 00:00:00,79.99,CUST-1192,United States,79.99
INV-102381,SKU-103,Mechanical Gaming Keyboard,Peripherals,2,2024-01-14 00:00:00,89.5,CUST-1464,Germany,179.0
INV-102382,SKU-105,Smart Fitness Tracker Band,Wearables,2,2023-07-25 00:00:00,59.99,CUST-1121,Australia,119.98
INV-102383,SKU-109,Laptop Stand Aluminum,Accessories,2,2024-04-10 00:00:00,39.99,CUST-1043,United States,79.98
INV-102384,SKU-101,Wireless Noise-Canceling Headphones,Audio,1,2023-10-07 00:00:00,149.99,CUST-1043,France,149.99
INV-102385,SKU-109,Laptop Stand Aluminum,Accessories,1,2023-04-28 00:00:00,39.99,CUST-1481,United Kingdom,39.99
INV-102386,SKU-104,Stainless Steel Water Bottle,Lifestyle,2,2023-08-25 00:00:00,24.99,CUST-1271,Germany,49.98
INV-102387,SKU-104,Stainless Steel Water Bottle,Lifestyle,1,2023-11-05 00:00:00,24.99,CUST-1241,Australia,24.99
INV-102388,SKU-104,Stainless Steel Water Bottle,Lifestyle,1,2024-03-31 00:00:00,24.99,CUST-1445,United Kingdom,24.99
INV-102389,SKU-110,LED Desk Lamp with Wireless Charging,Lighting,1,2024-04-19 00:00:00,49.99,CUST-1447,Canada,49.99
INV-102390,SKU-109,Laptop Stand Aluminum,Accessories,1,2023-04-10 00:00:00,39.99,CUST-1192,United States,39.99
INV-102391,SKU-106,USB-C Multiport Adapter,Accessories,1,2023-09-18 00:00:00,34.5,CUST-1390,United States,34.5
INV-102392,SKU-108,Portable Espresso Maker,Kitchen,3,2023-11-01 00:00:00,79.99,CUST-1427,Germany,239.97
INV-102393,SKU-104,Stainless Steel Water Bottle,Lifestyle,3,2023-12-20 00:00:00,24.99,CUST-1375,Australia,74.97
INV-102394,SKU-103,Mechanical Gaming Keyboard,Peripherals,1,2023-10-13 00:00:00,89.5,CUST-1080,Australia,89.5
INV-102395,SKU-101,Wireless Noise-Canceling Headphones,Audio,1,2023-11-24 00:00:00,149.99,CUST-1469,Germany,149.99
INV-102396,SKU-110,LED Desk Lamp with Wireless Charging,Lighting,2,2023-04-13 00:00:00,49.99,CUST-1296,United Kingdom,99.98
INV-102397,SKU-107,Organic Cotton Throw Blanket,Home,1,2023-03-04 00:00:00,45.0,CUST-1156,United States,45.0
INV-102398,SKU-104,Stainless Steel Water Bottle,Lifestyle,1,2023-10-09 00:00:00,24.99,CUST-1245,India,24.99
INV-102399,SKU-108,Portable Espresso Maker,Kitchen,1,2024-03-16 00:00:00,79.99,CUST-1024,United States,79.99
INV-102400,SKU-103,Mechanical Gaming Keyboard,Peripherals,1,2023-10-20 00:00:00,89.5,CUST-1069,Germany,89.5
INV-102401,SKU-101,Wireless Noise-Canceling Headphones,Audio,2,2023-01-07 00:00:00,149.99,CUST-1421,United Kingdom,299.98
INV-102402,SKU-105,Smart Fitness Tracker Band,Wearables,3,2023-04-02 00:00:00,59.99,CUST-1000,United Kingdom,179.97
INV-102403,SKU-102,Ergonomic Office Chair,Furniture,1,2023-07-09 00:00:00,229.0,CUST-1242,United States,229.0
INV-102404,SKU-103,Mechanical Gaming Keyboard,Peripherals,1,2024-04-20 00:00:00,89.5,CUST-1279,France,89.5
INV-102405,SKU-106,USB-C Multiport Adapter,Accessories,1,2024-05-25 00:00:00,34.5,CUST-1034,United Kingdom,34.5
INV-102406,SKU-103,Mechanical Gaming Keyboard,Peripherals,1,2024-04-06 00:00:00,89.5,CUST-1498,France,89.5
INV-102407,SKU-103,Mechanical Gaming Keyboard,Peripherals,10,2023-02-22 00:00:00,89.5,CUST-1135,United States,895.0
INV-102408,SKU-106,USB-C Multiport Adapter,Accessories,2,2024-04-30 00:00:00,34.5,CUST-1178,United Kingdom,69.0
INV-102409,SKU-105,Smart Fitness Tracker Band,Wearables,1,2024-05-04 00:00:00,59.99,CUST-1178,Germany,59.99
INV-102410,SKU-110,LED Desk Lamp with Wireless Charging,Lighting,2,2023-12-30 00:00:00,49.99,CUST-1139,Germany,99.98
INV-102411,SKU-109,Laptop Stand Aluminum,Accessories,3,2023-04-22 00:00:00,39.99,CUST-1001,Australia,119.97
INV-102412,SKU-101,Wireless Noise-Canceling Headphones,Audio,3,2024-02-13 00:00:00,149.99,CUST-1405,United States,449.97
INV-102413,SKU-103,Mechanical Gaming Keyboard,Peripherals,1,2023-01-07 00:00:00,89.5,CUST-1498,United States,89.5
INV-102414,SKU-103,Mechanical Gaming Keyboard,Peripherals,1,2023-07-16 00:00:00,89.5,CUST-1134,United Kingdom,89.5
INV-102415,SKU-106,USB-C Multiport Adapter,Accessories,2,2024-01-02 00:00:00,34.5,CUST-1382,United States,69.0
INV-102416,SKU-108,Portable Espresso Maker,Kitchen,1,2023-09-07 00:00:00,79.99,CUST-1411,India,79.99
INV-102417,SKU-103,Mechanical Gaming Keyboard,Peripherals,10,2023-08-28 00:00:00,89.5,,United States,895.0
INV-102418,SKU-103,Mechanical Gaming Keyboard,Peripherals,2,2024-01-15 00:00:00,89.5,CUST-1245,United Kingdom,179.0
INV-102419,SKU-106,USB-C Multiport Adapter,Accessories,5,2024-04-15 00:00:00,34.5,CUST-1178,United States,172.5
INV-102420,SKU-108,Portable Espresso Maker,Kitchen,1,2024-03-30 00:00:00,79.99,CUST-1191,United Kingdom,79.99
INV-102421,SKU-106,USB-C Multiport Adapter,Accessories,3,2024-01-01 00:00:00,34.5,CUST-1395,United States,103.5
INV-102422,SKU-110,LED Desk Lamp with Wireless Charging,Lighting,1,2023-10-17 00:00:00,49.99,CUST-1446,United States,49.99
INV-102423,SKU-103,Mechanical Gaming Keyboard,Peripherals,10,2024-02-07 00:00:00,89.5,CUST-1112,United States,895.0
INV-102424,SKU-104,Stainless Steel Water Bottle,Lifestyle,1,2023-02-27 00:00:00,24.99,CUST-1223,United States,24.99
INV-102425,SKU-101,Wireless Noise-Canceling Headphones,Audio,1,2024-06-04 00:00:00,149.99,CUST-1475,India,149.99
INV-102426,SKU-108,Portable Espresso Maker,Kitchen,2,2023-10-31 00:00:00,79.99,CUST-1444,United States,159.98
INV-102427,SKU-104,Stainless Steel Water Bottle,Lifestyle,1,2023-04-25 00:00:00,24.99,CUST-1499,United Kingdom,24.99
INV-102428,SKU-106,USB-C Multiport Adapter,Accessories,1,2023-07-29 00:00:00,34.5,CUST-1412,India,34.5
INV-102429,SKU-103,Mechanical Gaming Keyboard,Peripherals,10,2023-02-10 00:00:00,89.5,,Canada,895.0
INV-102430,SKU-106,USB-C Multiport Adapter,Accessories,1,2023-06-22 00:00:00,34.5,CUST-1324,India,34.5
INV-102431,SKU-109,Laptop Stand Aluminum,Accessories,2,2023-08-22 00:00:00,39.99,CUST-1380,France,79.98
INV-102432,SKU-109,Laptop Stand Aluminum,Accessories,1,2024-02-07 00:00:00,39.99,CUST-1050,United Kingdom,39.99
INV-102433,SKU-110,LED Desk Lamp with Wireless Charging,Lighting,3,2023-02-08 00:00:00,49.99,CUST-1304,Germany,149.97
INV-102434,SKU-103,Mechanical Gaming Keyboard,Peripherals,2,2023-04-29 00:00:00,89.5,CUST-1395,United States,179.0
INV-102435,SKU-103,Mechanical Gaming Keyboard,Peripherals,1,2023-12-01 00:00:00,89.5,CUST-1094,United States,89.5
INV-102436,SKU-104,Stainless Steel Water Bottle,Lifestyle,1,2023-12-02 00:00:00,24.99,CUST-1437,Canada,24.99
INV-102437,SKU-107,Organic Cotton Throw Blanket,Home,1,2024-06-22 00:00:00,45.0,CUST-1323,United Kingdom,45.0
INV-102438,SKU-103,Mechanical Gaming Keyboard,Peripherals,1,2023-03-15 00:00:00,89.5,CUST-1488,Germany,89.5
INV-102439,SKU-110,LED Desk Lamp with Wireless Charging,Lighting,1,2023-07-10 00:00:00,49.99,CUST-1030,Germany,49.99
INV-102440,SKU-108,Portable Espresso Maker,Kitchen,2,2023-11-20 00:00:00,79.99,CUST-1154,United States,159.98
INV-102441,SKU-108,Portable Espresso Maker,Kitchen,1,2023-05-27 00:00:00,79.99,CUST-1336,Australia,79.99
INV-102442,SKU-106,USB-C Multiport Adapter,Accessories,1,2023-10-11 00:00:00,34.5,CUST-1172,United Kingdom,34.5
INV-102443,SKU-104,Stainless Steel Water Bottle,Lifestyle,2,2023-08-01 00:00:00,24.99,CUST-1396,United States,49.98
INV-102444,SKU-105,Smart Fitness Tracker Band,Wearables,1,2024-01-29 00:00:00,59.99,CUST-1418,Australia,59.99
INV-102445,SKU-102,Ergonomic Office Chair,Furniture,1,2023-12-05 00:00:00,229.0,CUST-1055,United States,229.0
INV-102446,SKU-106,USB-C Multiport Adapter,Accessories,1,2023-01-22 00:00:00,34.5,CUST-1273,Canada,34.5
INV-102447,SKU-103,Mechanical Gaming Keyboard,Peripherals,1,2023-04-15 00:00:00,89.5,CUST-1272,United Kingdom,89.5
INV-102448,SKU-106,USB-C Multiport Adapter,Accessories,2,2024-04-10 00:00:00,34.5,CUST-1220,United States,69.0
INV-102449,SKU-105,Smart Fitness Tracker Band,Wearables,2,2024-04-03 00:00:00,59.99,CUST-1478,Canada,119.98
INV-102450,SKU-102,Ergonomic Office Chair,Furniture,1,2024-03-07 00:00:00,229.0,CUST-1446,United Kingdom,229.0
INV-102451,SKU-105,Smart Fitness Tracker Band,Wearables,1,2023-08-09 00:00:00,59.99,CUST-1390,United States,59.99
INV-102452,SKU-105,Smart Fitness Tracker Band,Wearables,1,2024-01-14 00:00:00,59.99,CUST-1396,United States,59.99
INV-102453,SKU-109,Laptop Stand Aluminum,Accessories,1,2023-08-10 00:00:00,39.99,CUST-1256,Australia,39.99
INV-102454,SKU-108,Portable Espresso Maker,Kitchen,5,2023-09-15 00:00:00,79.99,CUST-1475,United States,399.95
INV-102455,SKU-107,Organic Cotton Throw Blanket,Home,1,2024-01-02 00:00:00,45.0,CUST-1390,Australia,45.0
INV-102456,SKU-103,Mechanical Gaming Keyboard,Peripherals,1,2023-12-15 00:00:00,89.5,CUST-1404,United States,89.5
INV-102457,SKU-110,LED Desk Lamp with Wireless Charging,Lighting,1,2023-08-13 00:00:00,49.99,CUST-1464,Germany,49.99
INV-102458,SKU-104,Stainless Steel Water Bottle,Lifestyle,2,2023-08-24 00:00:00,24.99,CUST-1154,France,49.98
INV-102459,SKU-106,USB-C Multiport Adapter,Accessories,2,2023-07-02 00:00:00,34.5,CUST-1444,United States,69.0
INV-102460,SKU-103,Mechanical Gaming Keyboard,Peripherals,2,2024-03-19 00:00:00,89.5,CUST-1116,United Kingdom,179.0
INV-102461,SKU-109,Laptop Stand Aluminum,Accessories,3,2023-01-06 00:00:00,39.99,CUST-1199,Canada,119.97
INV-102462,SKU-108,Portable Espresso Maker,Kitchen,1,2023-08-24 00:00:00,79.99,CUST-1196,Canada,79.99
INV-102463,SKU-106,USB-C Multiport Adapter,Accessories,1,2023-05-07 00:00:00,34.5,,United Kingdom,34.5
INV-102464,SKU-104,Stainless Steel Water Bottle,Lifestyle,1,2023-04-14 00:00:00,24.99,CUST-1464,United Kingdom,24.99
INV-102465,SKU-107,Organic Cotton Throw Blanket,Home,2,2024-04-24 00:00:00,45.0,CUST-1390,Canada,90.0
INV-102466,SKU-103,Mechanical Gaming Keyboard,Peripherals,2,2023-06-04 00:00:00,89.5,CUST-1403,Canada,179.0
INV-102467,SKU-110,LED Desk Lamp with Wireless Charging,Lighting,1,2023-09-14 00:00:00,49.99,CUST-1308,Canada,49.99
INV-102468,SKU-108,Portable Espresso Maker,Kitchen,2,2023-08-23 00:00:00,79.99,CUST-1485,United States,159.98
INV-102469,SKU-101,Wireless Noise-Canceling Headphones,Audio,2,2024-05-14 00:00:00,149.99,CUST-1264,India,299.98
INV-102470,SKU-103,Mechanical Gaming Keyboard,Peripherals,4,2023-10-16 00:00:00,89.5,CUST-1226,United States,358.0
INV-102471,SKU-105,Smart Fitness Tracker Band,Wearables,1,2024-05-24 00:00:00,59.99,CUST-1091,United States,59.99
INV-102472,SKU-105,Smart Fitness Tracker Band,Wearables,2,2023-10-25 00:00:00,59.99,CUST-1441,United States,119.98
INV-102473,SKU-110,LED Desk Lamp with Wireless Charging,Lighting,1,2023-05-17 00:00:00,49.99,CUST-1408,United States,49.99
INV-102474,SKU-102,Ergonomic Office Chair,Furniture,2,2024-01-11 00:00:00,229.0,CUST-1227,United States,458.0
INV-102475,SKU-110,LED Desk Lamp with Wireless Charging,Lighting,4,2023-03-28 00:00:00,49.99,CUST-1011,United States,199.96
INV-102476,SKU-108,Portable Espresso Maker,Kitchen,1,2024-02-23 00:00:00,79.99,CUST-1450,United States,79.99
INV-102477,SKU-105,Smart Fitness Tracker Band,Wearables,2,2023-07-18 00:00:00,59.99,CUST-1004,Germany,119.98
INV-102478,SKU-107,Organic Cotton Throw Blanket,Home,2,2024-04-07 00:00:00,45.0,CUST-1391,United States,90.0
INV-102479,SKU-107,Organic Cotton Throw Blanket,Home,1,2024-03-12 00:00:00,45.0,CUST-1498,United States,45.0
INV-102480,SKU-105,Smart Fitness Tracker Band,Wearables,1,2023-11-06 00:00:00,59.99,CUST-1248,United States,59.99
INV-102481,SKU-108,Portable Espresso Maker,Kitchen,1,2023-10-08 00:00:00,79.99,CUST-1139,United States,79.99
INV-102482,SKU-109,Laptop Stand Aluminum,Accessories,8,2023-11-19 00:00:00,39.99,CUST-1393,United States,319.92
INV-102483,SKU-104,Stainless Steel Water Bottle,Lifestyle,3,2023-06-01 00:00:00,24.99,CUST-1446,United Kingdom,74.97
INV-102484,SKU-104,Stainless Steel Water Bottle,Lifestyle,1,2023-10-29 00:00:00,24.99,CUST-1305,France,24.99
INV-102485,SKU-108,Portable Espresso Maker,Kitchen,1,2023-10-05 00:00:00,79.99,CUST-1498,Australia,79.99
INV-102486,SKU-101,Wireless Noise-Canceling Headphones,Audio,1,2023-01-08 00:00:00,149.99,CUST-1034,Australia,149.99
INV-102487,SKU-104,Stainless Steel Water Bottle,Lifestyle,1,2023-08-23 00:00:00,24.99,CUST-1271,United States,24.99
INV-102488,SKU-106,USB-C Multiport Adapter,Accessories,1,2023-10-29 00:00:00,34.5,CUST-1398,United States,34.5
INV-102489,SKU-104,Stainless Steel Water Bottle,Lifestyle,1,2023-02-07 00:00:00,24.99,CUST-1466,United States,24.99
INV-102490,SKU-106,USB-C Multiport Adapter,Accessories,1,2023-05-16 00:00:00,34.5,CUST-1107,Canada,34.5
INV-102491,SKU-105,Smart Fitness Tracker Band,Wearables,1,2024-02-25 00:00:00,59.99,CUST-1441,United States,59.99
INV-102492,SKU-109,Laptop Stand Aluminum,Accessories,3,2023-08-07 00:00:00,39.99,CUST-1305,United Kingdom,119.97
INV-102493,SKU-110,LED Desk Lamp with Wireless Charging,Lighting,4,2023-12-14 00:00:00,49.99,CUST-1235,United States,199.96
INV-102494,SKU-109,Laptop Stand Aluminum,Accessories,2,2024-06-29 00:00:00,39.99,CUST-1069,United States,79.98
INV-102495,SKU-104,Stainless Steel Water Bottle,Lifestyle,3,2023-03-20 00:00:00,24.99,CUST-1467,India,74.97
INV-102496,SKU-104,Stainless Steel Water Bottle,Lifestyle,1,2023-09-30 00:00:00,24.99,CUST-1088,Canada,24.99
INV-102497,SKU-108,Portable Espresso Maker,Kitchen,1,2023-06-10 00:00:00,79.99,CUST-1182,Canada,79.99
INV-102498,SKU-110,LED Desk Lamp with Wireless Charging,Lighting,1,2023-11-04 00:00:00,49.99,CUST-1163,United Kingdom,49.99
INV-102499,SKU-104,Stainless Steel Water Bottle,Lifestyle,2,2024-01-09 00:00:00,24.99,CUST-1469,Australia,49.98
INV-102500,SKU-102,Ergonomic Office Chair,Furniture,5,2023-01-09 00:00:00,229.0,CUST-1388,Germany,1145.0
INV-102501,SKU-102,Ergonomic Office Chair,Furniture,2,2024-03-19 00:00:00,229.0,CUST-1441,France,458.0
INV-102502,SKU-101,Wireless Noise-Canceling Headphones,Audio,4,2023-04-23 00:00:00,149.99,CUST-1140,United States,599.96
INV-102503,SKU-105,Smart Fitness Tracker Band,Wearables,2,2023-07-24 00:00:00,59.99,CUST-1358,United Kingdom,119.98
INV-102504,SKU-106,USB-C Multiport Adapter,Accessories,1,2024-02-09 00:00:00,34.5,CUST-1313,Germany,34.5
INV-102505,SKU-109,Laptop Stand Aluminum,Accessories,1,2023-07-16 00:00:00,39.99,CUST-1446,United States,39.99
INV-102506,SKU-105,Smart Fitness Tracker Band,Wearables,1,2023-04-25 00:00:00,59.99,CUST-1475,Australia,59.99
INV-102507,SKU-106,USB-C Multiport Adapter,Accessories,1,2023-05-01 00:00:00,34.5,CUST-1007,India,34.5
INV-102508,SKU-106,USB-C Multiport Adapter,Accessories,2,2023-03-06 00:00:00,34.5,CUST-1388,United Kingdom,69.0
INV-102509,SKU-103,Mechanical Gaming Keyboard,Peripherals,1,2023-10-03 00:00:00,89.5,CUST-1034,United States,89.5
INV-102510,SKU-104,Stainless Steel Water Bottle,Lifestyle,1,2023-08-27 00:00:00,24.99,CUST-1305,United Kingdom,24.99
INV-102511,SKU-101,Wireless Noise-Canceling Headphones,Audio,1,2023-10-29 00:00:00,149.99,CUST-1161,Australia,149.99
INV-102512,SKU-104,Stainless Steel Water Bottle,Lifestyle,1,2024-01-27 00:00:00,24.99,CUST-1178,Germany,24.99
INV-102513,SKU-101,Wireless Noise-Canceling Headphones,Audio,1,2024-06-05 00:00:00,149.99,CUST-1203,United States,149.99
INV-102514,SKU-105,Smart Fitness Tracker Band,Wearables,1,2024-01-04 00:00:00,59.99,CUST-1358,United Kingdom,59.99
INV-102515,SKU-108,Portable Espresso Maker,Kitchen,1,2023-08-21 00:00:00,79.99,CUST-1194,United States,79.99
INV-102516,SKU-108,Portable Espresso Maker,Kitchen,3,2023-07-14 00:00:00,79.99,CUST-1405,Canada,239.97
INV-102517,SKU-105,Smart Fitness Tracker Band,Wearables,1,2023-01-12 00:00:00,59.99,CUST-1240,United States,59.99
INV-102518,SKU-110,LED Desk Lamp with Wireless Charging,Lighting,2,2023-06-26 00:00:00,49.99,CUST-1043,United Kingdom,99.98
INV-102519,SKU-102,Ergonomic Office Chair,Furniture,4,2023-08-05 00:00:00,229.0,CUST-1441,Canada,916.0
INV-102520,SKU-106,USB-C Multiport Adapter,Accessories,3,2023-01-11 00:00:00,34.5,CUST-1159,United States,103.5
INV-102521,SKU-101,Wireless Noise-Canceling Headphones,Audio,4,2024-03-21 00:00:00,149.99,CUST-1247,United States,599.96
INV-102522,SKU-107,Organic Cotton Throw Blanket,Home,1,2023-06-13 00:00:00,45.0,CUST-1390,United States,45.0
INV-102523,SKU-104,Stainless Steel Water Bottle,Lifestyle,1,2023-02-22 00:00:00,24.99,CUST-1192,United States,24.99
INV-102524,SKU-105,Smart Fitness Tracker Band,Wearables,1,2023-08-06 00:00:00,59.99,CUST-1034,United States,59.99
INV-102525,SKU-106,USB-C Multiport Adapter,Accessories,1,2023-12-26 00:00:00,34.5,CUST-1226,India,34.5
INV-102526,SKU-101,Wireless Noise-Canceling Headphones,Audio,4,2024-01-20 00:00:00,149.99,CUST-1484,Canada,599.96
INV-102527,SKU-109,Laptop Stand Aluminum,Accessories,2,2023-02-25 00:00:00,39.99,CUST-1366,Australia,79.98
INV-102528,SKU-110,LED Desk Lamp with Wireless Charging,Lighting,1,2023-04-28 00:00:00,49.99,CUST-1385,France,49.99
INV-102529,SKU-104,Stainless Steel Water Bottle,Lifestyle,1,2023-09-10 00:00:00,24.99,CUST-1364,United States,24.99
INV-102530,SKU-108,Portable Espresso Maker,Kitchen,1,2023-06-29 00:00:00,79.99,CUST-1118,United States,79.99
INV-102531,SKU-105,Smart Fitness Tracker Band,Wearables,2,2024-02-19 00:00:00,59.99,CUST-1242,United States,119.98
INV-102532,SKU-108,Portable Espresso Maker,Kitchen,2,2023-08-23 00:00:00,79.99,CUST-1412,Canada,159.98
INV-102533,SKU-101,Wireless Noise-Canceling Headphones,Audio,3,2023-03-21 00:00:00,149.99,CUST-1054,Germany,449.97
INV-102534,SKU-108,Portable Espresso Maker,Kitchen,5,2023-01-22 00:00:00,79.99,CUST-1154,United States,399.95
INV-102535,SKU-104,Stainless Steel Water Bottle,Lifestyle,1,2024-04-21 00:00:00,24.99,CUST-1154,United States,24.99
INV-102536,SKU-102,Ergonomic Office Chair,Furniture,1,2024-03-15 00:00:00,229.0,CUST-1247,United Kingdom,229.0
INV-102537,SKU-106,USB-C Multiport Adapter,Accessories,1,2023-04-03 00:00:00,34.5,CUST-1499,United Kingdom,34.5
INV-102538,SKU-102,Ergonomic Office Chair,Furniture,1,2023-07-11 00:00:00,229.0,CUST-1043,Australia,229.0
INV-102539,SKU-105,Smart Fitness Tracker Band,Wearables,4,2023-04-13 00:00:00,59.99,CUST-1276,United States,239.96
INV-102540,SKU-102,Ergonomic Office Chair,Furniture,1,2024-01-31 00:00:00,229.0,CUST-1107,Australia,229.0
INV-102541,SKU-103,Mechanical Gaming Keyboard,Peripherals,2,2023-01-07 00:00:00,89.5,CUST-1498,United States,179.0
INV-102542,SKU-106,USB-C Multiport Adapter,Accessories,1,2023-08-19 00:00:00,34.5,CUST-1065,Germany,34.5
INV-102543,SKU-101,Wireless Noise-Canceling Headphones,Audio,1,2023-08-28 00:00:00,149.99,CUST-1240,France,149.99
INV-102544,SKU-106,USB-C Multiport Adapter,Accessories,1,2023-03-31 00:00:00,34.5,CUST-1408,Australia,34.5
INV-102545,SKU-103,Mechanical Gaming Keyboard,Peripherals,1,2023-08-20 00:00:00,89.5,CUST-1393,United States,89.5
INV-102546,SKU-107,Organic Cotton Throw Blanket,Home,2,2024-04-01 00:00:00,45.0,CUST-1245,United States,90.0
INV-102547,SKU-102,Ergonomic Office Chair,Furniture,1,2023-08-21 00:00:00,229.0,CUST-1199,United Kingdom,229.0
INV-102548,SKU-106,USB-C Multiport Adapter,Accessories,2,2023-12-20 00:00:00,34.5,CUST-1238,United States,69.0
INV-102549,SKU-108,Portable Espresso Maker,Kitchen,3,2023-11-29 00:00:00,79.99,CUST-1154,Germany,239.97
INV-102550,SKU-101,Wireless Noise-Canceling Headphones,Audio,1,2024-03-14 00:00:00,149.99,CUST-1121,France,149.99
INV-102551,SKU-109,Laptop Stand Aluminum,Accessories,2,2024-01-10 00:00:00,39.99,CUST-1261,United States,79.98
INV-102552,SKU-105,Smart Fitness Tracker Band,Wearables,1,2023-10-19 00:00:00,59.99,CUST-1154,United Kingdom,59.99
INV-102553,SKU-105,Smart Fitness Tracker Band,Wearables,2,2023-12-11 00:00:00,59.99,CUST-1161,United States,119.98
INV-102554,SKU-105,Smart Fitness Tracker Band,Wearables,2,2024-03-03 00:00:00,59.99,CUST-1376,Australia,119.98
INV-102555,SKU-106,USB-C Multiport Adapter,Accessories,10,2023-05-10 00:00:00,34.5,CUST-1498,France,345.0
INV-102556,SKU-102,Ergonomic Office Chair,Furniture,1,2023-05-21 00:00:00,229.0,CUST-1337,United Kingdom,229.0
INV-102557,SKU-106,USB-C Multiport Adapter,Accessories,1,2024-02-19 00:00:00,34.5,CUST-1050,United States,34.5
INV-102558,SKU-104,Stainless Steel Water Bottle,Lifestyle,1,2023-04-03 00:00:00,24.99,CUST-1048,Canada,24.99
INV-102559,SKU-108,Portable Espresso Maker,Kitchen,1,2023-10-11 00:00:00,79.99,CUST-1488,Germany,79.99
INV-102560,SKU-109,Laptop Stand Aluminum,Accessories,2,2023-08-11 00:00:00,39.99,CUST-1174,United States,79.98
INV-102561,SKU-109,Laptop Stand Aluminum,Accessories,4,2024-04-07 00:00:00,39.99,CUST-1052,Australia,159.96
INV-102562,SKU-108,Portable Espresso Maker,Kitchen,1,2024-06-28 00:00:00,79.99,CUST-1331,India,79.99
INV-102563,SKU-103,Mechanical Gaming Keyboard,Peripherals,1,2023-10-03 00:00:00,89.5,CUST-1358,United Kingdom,89.5
INV-102564,SKU-110,LED Desk Lamp with Wireless Charging,Lighting,1,2023-05-20 00:00:00,49.99,CUST-1367,United Kingdom,49.99
INV-102565,SKU-104,Stainless Steel Water Bottle,Lifestyle,1,2023-12-23 00:00:00,24.99,CUST-1154,United States,24.99
INV-102566,SKU-101,Wireless Noise-Canceling Headphones,Audio,1,2023-01-23 00:00:00,149.99,CUST-1007,United Kingdom,149.99
INV-102567,SKU-109,Laptop Stand Aluminum,Accessories,1,2023-09-27 00:00:00,39.99,CUST-1495,United States,39.99
INV-102568,SKU-105,Smart Fitness Tracker Band,Wearables,2,2023-11-29 00:00:00,59.99,CUST-1140,United States,119.98
INV-102569,SKU-106,USB-C Multiport Adapter,Accessories,1,2023-03-26 00:00:00,34.5,CUST-1389,United States,34.5
INV-102570,SKU-103,Mechanical Gaming Keyboard,Peripherals,1,2023-01-31 00:00:00,89.5,CUST-1394,United States,89.5
INV-102571,SKU-110,LED Desk Lamp with Wireless Charging,Lighting,2,2023-08-28 00:00:00,49.99,CUST-1346,United States,99.98
INV-102572,SKU-108,Portable Espresso Maker,Kitchen,1,2023-12-29 00:00:00,79.99,CUST-1182,United Kingdom,79.99
INV-102573,SKU-107,Organic Cotton Throw Blanket,Home,2,2024-01-24 00:00:00,45.0,CUST-1154,United Kingdom,90.0
INV-102574,SKU-101,Wireless Noise-Canceling Headphones,Audio,2,2023-10-26 00:00:00,149.99,,United Kingdom,299.98
INV-102575,SKU-110,LED Desk Lamp with Wireless Charging,Lighting,2,2024-01-06 00:00:00,49.99,CUST-1467,United States,99.98
INV-102576,SKU-105,Smart Fitness Tracker Band,Wearables,1,2023-04-09 00:00:00,59.99,CUST-1485,United States,59.99
INV-102577,SKU-110,LED Desk Lamp with Wireless Charging,Lighting,1,2023-02-16 00:00:00,49.99,CUST-1055,Canada,49.99
INV-102578,SKU-109,Laptop Stand Aluminum,Accessories,3,2024-02-26 00:00:00,39.99,CUST-1086,United Kingdom,119.97
INV-102579,SKU-106,USB-C Multiport Adapter,Accessories,2,2024-04-24 00:00:00,34.5,CUST-1484,India,69.0
INV-102580,SKU-108,Portable Espresso Maker,Kitchen,1,2023-03-03 00:00:00,79.99,CUST-1408,United States,79.99
INV-102581,SKU-110,LED Desk Lamp with Wireless Charging,Lighting,1,2023-04-19 00:00:00,49.99,CUST-1471,Germany,49.99
INV-102582,SKU-101,Wireless Noise-Canceling Headphones,Audio,1,2023-04-29 00:00:00,149.99,CUST-1120,United States,149.99
INV-102583,SKU-110,LED Desk Lamp with Wireless Charging,Lighting,1,2024-01-17 00:00:00,49.99,CUST-1324,Germany,49.99
INV-102584,SKU-107,Organic Cotton Throw Blanket,Home,1,2024-01-27 00:00:00,45.0,CUST-1390,Australia,45.0
INV-102585,SKU-103,Mechanical Gaming Keyboard,Peripherals,1,2023-02-21 00:00:00,89.5,CUST-1390,France,89.5
INV-102586,SKU-109,Laptop Stand Aluminum,Accessories,1,2023-10-16 00:00:00,39.99,CUST-1241,India,39.99
INV-102587,SKU-106,USB-C Multiport Adapter,Accessories,2,2023-12-03 00:00:00,34.5,CUST-1008,United States,69.0
INV-102588,SKU-105,Smart Fitness Tracker Band,Wearables,1,2023-07-23 00:00:00,59.99,CUST-1322,United Kingdom,59.99
INV-102589,SKU-108,Portable Espresso Maker,Kitchen,2,2023-08-26 00:00:00,79.99,CUST-1146,United Kingdom,159.98
INV-102590,SKU-108,Portable Espresso Maker,Kitchen,2,2024-01-17 00:00:00,79.99,CUST-1249,United Kingdom,159.98
INV-102591,SKU-103,Mechanical Gaming Keyboard,Peripherals,1,2023-05-16 00:00:00,89.5,CUST-1488,United States,89.5
INV-102592,SKU-102,Ergonomic Office Chair,Furniture,2,2024-02-11 00:00:00,229.0,CUST-1240,Australia,458.0
INV-102593,SKU-102,Ergonomic Office Chair,Furniture,2,2024-05-22 00:00:00,229.0,CUST-1450,Australia,458.0
INV-102594,SKU-105,Smart Fitness Tracker Band,Wearables,1,2023-12-28 00:00:00,59.99,CUST-1113,United States,59.99
INV-102595,SKU-110,LED Desk Lamp with Wireless Charging,Lighting,1,2024-01-16 00:00:00,49.99,CUST-1388,United States,49.99
INV-102596,SKU-107,Organic Cotton Throw Blanket,Home,1,2023-09-11 00:00:00,45.0,CUST-1498,United States,45.0
INV-102597,SKU-108,Portable Espresso Maker,Kitchen,4,2024-04-21 00:00:00,79.99,CUST-1054,Germany,319.96
INV-102598,SKU-110,LED Desk Lamp with Wireless Charging,Lighting,2,2023-04-24 00:00:00,49.99,CUST-1001,United States,99.98
INV-102599,SKU-108,Portable Espresso Maker,Kitchen,1,2023-01-20 00:00:00,79.99,CUST-1247,Australia,79.99
INV-102600,SKU-108,Portable Espresso Maker,Kitchen,2,2024-06-11 00:00:00,79.99,CUST-1052,Germany,159.98
INV-102601,SKU-110,LED Desk Lamp with Wireless Charging,Lighting,1,2023-05-25 00:00:00,49.99,CUST-1412,Germany,49.99
INV-102602,SKU-103,Mechanical Gaming Keyboard,Peripherals,1,2023-07-27 00:00:00,89.5,CUST-1475,United Kingdom,89.5
INV-102603,SKU-102,Ergonomic Office Chair,Furniture,2,2024-06-14 00:00:00,229.0,CUST-1247,United States,458.0
INV-102604,SKU-104,Stainless Steel Water Bottle,Lifestyle,1,2024-01-11 00:00:00,24.99,CUST-1150,France,24.99
INV-102605,SKU-101,Wireless Noise-Canceling Headphones,Audio,3,2024-05-18 00:00:00,149.99,CUST-1247,United Kingdom,449.97
INV-102606,SKU-103,Mechanical Gaming Keyboard,Peripherals,2,2023-06-15 00:00:00,89.5,CUST-1401,India,179.0
INV-102607,SKU-109,Laptop Stand Aluminum,Accessories,2,2023-06-30 00:00:00,39.99,CUST-1002,United Kingdom,79.98
INV-102608,SKU-107,Organic Cotton Throw Blanket,Home,1,2024-03-19 00:00:00,45.0,CUST-1324,Germany,45.0
INV-102609,SKU-107,Organic Cotton Throw Blanket,Home,3,2023-11-28 00:00:00,45.0,CUST-1351,United States,135.0
INV-102610,SKU-101,Wireless Noise-Canceling Headphones,Audio,5,2024-05-17 00:00:00,149.99,CUST-1364,Germany,749.95
INV-102611,SKU-107,Organic Cotton Throw Blanket,Home,1,2023-03-20 00:00:00,45.0,CUST-1140,Canada,45.0
INV-102612,SKU-110,LED Desk Lamp with Wireless Charging,Lighting,1,2024-01-31 00:00:00,49.99,CUST-1396,Canada,49.99
INV-102613,SKU-107,Organic Cotton Throw Blanket,Home,1,2023-04-13 00:00:00,45.0,CUST-1052,Canada,45.0
INV-102614,SKU-104,Stainless Steel Water Bottle,Lifestyle,2,2024-02-06 00:00:00,24.99,CUST-1118,United States,49.98
INV-102615,SKU-107,Organic Cotton Throw Blanket,Home,2,2023-08-12 00:00:00,45.0,CUST-1471,India,90.0
INV-102616,SKU-108,Portable Espresso Maker,Kitchen,1,2024-06-01 00:00:00,79.99,CUST-1408,India,79.99
INV-102617,SKU-103,Mechanical Gaming Keyboard,Peripherals,3,2023-08-24 00:00:00,89.5,CUST-1007,United States,268.5
INV-102618,SKU-110,LED Desk Lamp with Wireless Charging,Lighting,1,2024-03-02 00:00:00,49.99,CUST-1140,France,49.99
INV-102619,SKU-102,Ergonomic Office Chair,Furniture,2,2023-04-26 00:00:00,229.0,CUST-1127,United States,458.0
INV-102620,SKU-107,Organic Cotton Throw Blanket,Home,1,2023-06-12 00:00:00,45.0,CUST-1154,Germany,45.0
INV-102621,SKU-105,Smart Fitness Tracker Band,Wearables,1,2023-08-14 00:00:00,59.99,CUST-1140,United States,59.99
INV-102622,SKU-105,Smart Fitness Tracker Band,Wearables,1,2023-08-18 00:00:00,59.99,CUST-1035,France,59.99
INV-102623,SKU-105,Smart Fitness Tracker Band,Wearables,1,2023-07-01 00:00:00,59.99,CUST-1256,United States,59.99
INV-102624,SKU-107,Organic Cotton Throw Blanket,Home,2,2023-09-06 00:00:00,45.0,CUST-1405,United Kingdom,90.0
INV-102625,SKU-109,Laptop Stand Aluminum,Accessories,1,2023-11-14 00:00:00,39.99,,United States,39.99
INV-102626,SKU-108,Portable Espresso Maker,Kitchen,1,2023-07-29 00:00:00,79.99,CUST-1388,United States,79.99
INV-102627,SKU-106,USB-C Multiport Adapter,Accessories,1,2024-01-27 00:00:00,34.5,CUST-1050,Germany,34.5
INV-102628,SKU-107,Organic Cotton Throw Blanket,Home,1,2023-04-06 00:00:00,45.0,CUST-1488,United States,45.0
INV-102629,SKU-109,Laptop Stand Aluminum,Accessories,2,2023-03-27 00:00:00,39.99,CUST-1450,Germany,79.98
INV-102630,SKU-106,USB-C Multiport Adapter,Accessories,2,2024-02-19 00:00:00,34.5,CUST-1444,India,69.0
INV-102631,SKU-101,Wireless Noise-Canceling Headphones,Audio,1,2024-01-29 00:00:00,149.99,CUST-1446,Canada,149.99
INV-102632,SKU-104,Stainless Steel Water Bottle,Lifestyle,1,2024-05-15 00:00:00,24.99,CUST-1478,Australia,24.99
INV-102633,SKU-108,Portable Espresso Maker,Kitchen,1,2023-05-13 00:00:00,79.99,CUST-1303,United States,79.99
INV-102634,SKU-107,Organic Cotton Throw Blanket,Home,4,2023-11-10 00:00:00,45.0,CUST-1118,United States,180.0
INV-102635,SKU-103,Mechanical Gaming Keyboard,Peripherals,4,2023-08-09 00:00:00,89.5,CUST-1352,United Kingdom,358.0
INV-102636,SKU-110,LED Desk Lamp with Wireless Charging,Lighting,2,2024-03-13 00:00:00,49.99,CUST-1411,United States,99.98
INV-102637,SKU-103,Mechanical Gaming Keyboard,Peripherals,4,2023-02-15 00:00:00,89.5,CUST-1408,France,358.0
INV-102638,SKU-103,Mechanical Gaming Keyboard,Peripherals,3,2023-07-11 00:00:00,89.5,CUST-1278,United States,268.5
INV-102639,SKU-101,Wireless Noise-Canceling Headphones,Audio,3,2024-06-03 00:00:00,149.99,CUST-1043,Australia,449.97
INV-102640,SKU-110,LED Desk Lamp with Wireless Charging,Lighting,1,2024-01-14 00:00:00,49.99,CUST-1224,United States,49.99
INV-102641,SKU-101,Wireless Noise-Canceling Headphones,Audio,1,2023-11-30 00:00:00,149.99,CUST-1475,Canada,149.99
INV-102642,SKU-106,USB-C Multiport Adapter,Accessories,1,2023-02-08 00:00:00,34.5,CUST-1324,United States,34.5
INV-102643,SKU-101,Wireless Noise-Canceling Headphones,Audio,1,2023-10-20 00:00:00,149.99,CUST-1296,United States,149.99
INV-102644,SKU-105,Smart Fitness Tracker Band,Wearables,2,2023-06-11 00:00:00,59.99,CUST-1154,Germany,119.98
INV-102645,SKU-104,Stainless Steel Water Bottle,Lifestyle,1,2023-11-27 00:00:00,24.99,CUST-1220,United States,24.99
INV-102646,SKU-105,Smart Fitness Tracker Band,Wearables,1,2023-04-14 00:00:00,59.99,CUST-1475,Germany,59.99
INV-102647,SKU-107,Organic Cotton Throw Blanket,Home,1,2023-06-10 00:00:00,45.0,CUST-1383,United Kingdom,45.0
INV-102648,SKU-106,USB-C Multiport Adapter,Accessories,1,2023-02-23 00:00:00,34.5,CUST-1441,United States,34.5
INV-102649,SKU-109,Laptop Stand Aluminum,Accessories,1,2023-02-03 00:00:00,39.99,CUST-1253,France,39.99
INV-102650,SKU-106,USB-C Multiport Adapter,Accessories,4,2023-08-30 00:00:00,34.5,CUST-1363,United Kingdom,138.0
INV-102651,SKU-109,Laptop Stand Aluminum,Accessories,2,2023-04-23 00:00:00,39.99,CUST-1140,Germany,79.98
INV-102652,SKU-104,Stainless Steel Water Bottle,Lifestyle,2,2023-11-14 00:00:00,24.99,CUST-1393,United Kingdom,49.98
INV-102653,SKU-101,Wireless Noise-Canceling Headphones,Audio,1,2023-01-23 00:00:00,149.99,CUST-1247,United Kingdom,149.99
INV-102654,SKU-101,Wireless Noise-Canceling Headphones,Audio,1,2023-04-28 00:00:00,149.99,CUST-1248,United States,149.99
INV-102655,SKU-110,LED Desk Lamp with Wireless Charging,Lighting,1,2023-07-31 00:00:00,49.99,CUST-1367,United States,49.99
INV-102656,SKU-107,Organic Cotton Throw Blanket,Home,4,2024-02-22 00:00:00,45.0,CUST-1478,United Kingdom,180.0
INV-102657,SKU-103,Mechanical Gaming Keyboard,Peripherals,1,2023-04-23 00:00:00,89.5,CUST-1035,United States,89.5
INV-102658,SKU-102,Ergonomic Office Chair,Furniture,1,2023-02-13 00:00:00,229.0,CUST-1446,United States,229.0
INV-102659,SKU-106,USB-C Multiport Adapter,Accessories,2,2023-05-08 00:00:00,34.5,CUST-1165,Germany,69.0
INV-102660,SKU-106,USB-C Multiport Adapter,Accessories,1,2023-06-07 00:00:00,34.5,CUST-1248,Germany,34.5
INV-102661,SKU-107,Organic Cotton Throw Blanket,Home,1,2024-01-29 00:00:00,45.0,CUST-1011,United States,45.0
INV-102662,SKU-105,Smart Fitness Tracker Band,Wearables,1,2024-05-26 00:00:00,59.99,CUST-1178,United States,59.99
INV-102663,SKU-108,Portable Espresso Maker,Kitchen,1,2023-02-14 00:00:00,79.99,CUST-1270,United States,79.99
INV-102664,SKU-107,Organic Cotton Throw Blanket,Home,1,2023-04-18 00:00:00,45.0,CUST-1034,United States,45.0
INV-102665,SKU-102,Ergonomic Office Chair,Furniture,1,2023-08-07 00:00:00,229.0,CUST-1261,United States,229.0
INV-102666,SKU-101,Wireless Noise-Canceling Headphones,Audio,2,2024-03-18 00:00:00,149.99,CUST-1477,United States,299.98
INV-102667,SKU-109,Laptop Stand Aluminum,Accessories,3,2023-11-11 00:00:00,39.99,CUST-1055,India,119.97
INV-102668,SKU-105,Smart Fitness Tracker Band,Wearables,1,2023-06-26 00:00:00,59.99,CUST-1420,Germany,59.99
INV-102669,SKU-105,Smart Fitness Tracker Band,Wearables,3,2023-08-16 00:00:00,59.99,CUST-1241,United States,179.97
INV-102670,SKU-110,LED Desk Lamp with Wireless Charging,Lighting,1,2023-09-24 00:00:00,49.99,CUST-1376,United States,49.99
INV-102671,SKU-104,Stainless Steel Water Bottle,Lifestyle,1,2024-01-14 00:00:00,24.99,CUST-1151,Germany,24.99
INV-102672,SKU-102,Ergonomic Office Chair,Furniture,1,2024-05-03 00:00:00,229.0,CUST-1088,United States,229.0
INV-102673,SKU-105,Smart Fitness Tracker Band,Wearables,2,2023-10-17 00:00:00,59.99,CUST-1088,Canada,119.98
INV-102674,SKU-102,Ergonomic Office Chair,Furniture,1,2023-12-23 00:00:00,229.0,CUST-1043,France,229.0
INV-102675,SKU-107,Organic Cotton Throw Blanket,Home,2,2023-07-23 00:00:00,45.0,CUST-1112,United Kingdom,90.0
INV-102676,SKU-109,Laptop Stand Aluminum,Accessories,2,2023-08-01 00:00:00,39.99,CUST-1383,United States,79.98
INV-102677,SKU-109,Laptop Stand Aluminum,Accessories,1,2023-11-19 00:00:00,39.99,CUST-1471,Canada,39.99
INV-102678,SKU-106,USB-C Multiport Adapter,Accessories,2,2023-06-30 00:00:00,34.5,CUST-1445,France,69.0
INV-102679,SKU-101,Wireless Noise-Canceling Headphones,Audio,5,2024-05-13 00:00:00,149.99,CUST-1390,United Kingdom,749.95
INV-102680,SKU-106,USB-C Multiport Adapter,Accessories,1,2023-11-16 00:00:00,34.5,CUST-1062,Germany,34.5
INV-102681,SKU-105,Smart Fitness Tracker Band,Wearables,1,2023-03-24 00:00:00,59.99,CUST-1162,United States,59.99
INV-102682,SKU-104,Stainless Steel Water Bottle,Lifestyle,2,2023-10-30 00:00:00,24.99,CUST-1182,United States,49.98
INV-102683,SKU-106,USB-C Multiport Adapter,Accessories,2,2023-09-19 00:00:00,34.5,CUST-1140,Germany,69.0
INV-102684,SKU-106,USB-C Multiport Adapter,Accessories,1,2023-07-19 00:00:00,34.5,CUST-1273,France,34.5
INV-102685,SKU-106,USB-C Multiport Adapter,Accessories,1,2023-08-28 00:00:00,34.5,CUST-1292,United Kingdom,34.5
INV-102686,SKU-102,Ergonomic Office Chair,Furniture,1,2023-10-22 00:00:00,229.0,CUST-1211,Canada,229.0
INV-102687,SKU-107,Organic Cotton Throw Blanket,Home,1,2024-05-26 00:00:00,45.0,CUST-1204,United States,45.0
INV-102688,SKU-104,Stainless Steel Water Bottle,Lifestyle,1,2024-01-31 00:00:00,24.99,CUST-1446,United States,24.99
INV-102689,SKU-109,Laptop Stand Aluminum,Accessories,4,2023-05-18 00:00:00,39.99,CUST-1441,United Kingdom,159.96
INV-102690,SKU-110,LED Desk Lamp with Wireless Charging,Lighting,2,2023-05-09 00:00:00,49.99,CUST-1180,United States,99.98
INV-102691,SKU-102,Ergonomic Office Chair,Furniture,1,2023-02-18 00:00:00,229.0,CUST-1475,Germany,229.0
INV-102692,SKU-105,Smart Fitness Tracker Band,Wearables,2,2023-10-20 00:00:00,59.99,CUST-1488,United States,119.98
INV-102693,SKU-104,Stainless Steel Water Bottle,Lifestyle,4,2024-06-19 00:00:00,24.99,CUST-1191,Canada,99.96
INV-102694,SKU-109,Laptop Stand Aluminum,Accessories,1,2023-11-07 00:00:00,39.99,CUST-1207,Canada,39.99
INV-102695,SKU-104,Stainless Steel Water Bottle,Lifestyle,1,2024-06-20 00:00:00,24.99,CUST-1271,United Kingdom,24.99
INV-102696,SKU-108,Portable Espresso Maker,Kitchen,1,2023-08-22 00:00:00,79.99,CUST-1481,United States,79.99
INV-102697,SKU-108,Portable Espresso Maker,Kitchen,2,2023-07-28 00:00:00,79.99,CUST-1469,Germany,159.98
INV-102698,SKU-106,USB-C Multiport Adapter,Accessories,1,2023-04-04 00:00:00,34.5,CUST-1055,India,34.5
INV-102699,SKU-106,USB-C Multiport Adapter,Accessories,10,2023-11-23 00:00:00,34.5,CUST-1231,United Kingdom,345.0
INV-102700,SKU-108,Portable Espresso Maker,Kitchen,1,2023-08-13 00:00:00,79.99,CUST-1305,United States,79.99
INV-102701,SKU-110,LED Desk Lamp with Wireless Charging,Lighting,1,2023-01-11 00:00:00,49.99,CUST-1270,United States,49.99
INV-102702,SKU-109,Laptop Stand Aluminum,Accessories,1,2023-11-25 00:00:00,39.99,CUST-1115,United States,39.99
INV-102703,SKU-105,Smart Fitness Tracker Band,Wearables,1,2023-01-12 00:00:00,59.99,CUST-1464,United States,59.99
INV-102704,SKU-101,Wireless Noise-Canceling Headphones,Audio,2,2023-02-04 00:00:00,149.99,CUST-1390,Canada,299.98
INV-102705,SKU-101,Wireless Noise-Canceling Headphones,Audio,5,2024-03-22 00:00:00,149.99,CUST-1449,Canada,749.95
INV-102706,SKU-102,Ergonomic Office Chair,Furniture,1,2024-03-27 00:00:00,229.0,CUST-1464,United States,229.0
INV-102707,SKU-110,LED Desk Lamp with Wireless Charging,Lighting,5,2023-08-08 00:00:00,49.99,CUST-1412,United States,249.95
INV-102708,SKU-110,LED Desk Lamp with Wireless Charging,Lighting,3,2024-03-16 00:00:00,49.99,CUST-1248,United States,149.97
INV-102709,SKU-105,Smart Fitness Tracker Band,Wearables,1,2024-06-18 00:00:00,59.99,CUST-1348,Australia,59.99
INV-102710,SKU-104,Stainless Steel Water Bottle,Lifestyle,2,2023-08-17 00:00:00,24.99,CUST-1088,United Kingdom,49.98
INV-102711,SKU-101,Wireless Noise-Canceling Headphones,Audio,1,2023-12-10 00:00:00,149.99,CUST-1388,Germany,149.99
INV-102712,SKU-104,Stainless Steel Water Bottle,Lifestyle,1,2023-03-21 00:00:00,24.99,CUST-1107,United States,24.99
INV-102713,SKU-104,Stainless Steel Water Bottle,Lifestyle,1,2023-12-19 00:00:00,24.99,CUST-1390,Germany,24.99
INV-102714,SKU-110,LED Desk Lamp with Wireless Charging,Lighting,2,2024-01-31 00:00:00,49.99,CUST-1139,United States,99.98
INV-102715,SKU-104,Stainless Steel Water Bottle,Lifestyle,1,2023-10-17 00:00:00,24.99,CUST-1069,United States,24.99
INV-102716,SKU-101,Wireless Noise-Canceling Headphones,Audio,3,2024-03-30 00:00:00,149.99,CUST-1092,Germany,449.97
INV-102717,SKU-109,Laptop Stand Aluminum,Accessories,3,2023-05-08 00:00:00,39.99,CUST-1001,United Kingdom,119.97
INV-102718,SKU-103,Mechanical Gaming Keyboard,Peripherals,1,2024-06-26 00:00:00,89.5,CUST-1398,United States,89.5
INV-102719,SKU-104,Stainless Steel Water Bottle,Lifestyle,1,2023-12-25 00:00:00,24.99,CUST-1405,United States,24.99
INV-102720,SKU-105,Smart Fitness Tracker Band,Wearables,1,2024-06-10 00:00:00,59.99,CUST-1273,United States,59.99
INV-102721,SKU-107,Organic Cotton Throw Blanket,Home,1,2023-11-09 00:00:00,45.0,CUST-1089,United States,45.0
INV-102722,SKU-106,USB-C Multiport Adapter,Accessories,1,2023-03-16 00:00:00,34.5,CUST-1050,United Kingdom,34.5
INV-102723,SKU-105,Smart Fitness Tracker Band,Wearables,1,2024-06-29 00:00:00,59.99,CUST-1011,Australia,59.99
INV-102724,SKU-108,Portable Espresso Maker,Kitchen,1,2023-07-15 00:00:00,79.99,CUST-1093,United States,79.99
INV-102725,SKU-101,Wireless Noise-Canceling Headphones,Audio,1,2023-01-29 00:00:00,149.99,CUST-1473,United States,149.99
INV-102726,SKU-107,Organic Cotton Throw Blanket,Home,1,2023-01-16 00:00:00,45.0,CUST-1140,United States,45.0
INV-102727,SKU-106,USB-C Multiport Adapter,Accessories,1,2024-02-27 00:00:00,34.5,CUST-1206,United Kingdom,34.5
INV-102728,SKU-105,Smart Fitness Tracker Band,Wearables,2,2024-02-09 00:00:00,59.99,CUST-1055,United States,119.98
INV-102729,SKU-107,Organic Cotton Throw Blanket,Home,8,2024-06-14 00:00:00,45.0,CUST-1134,Germany,360.0
INV-102730,SKU-103,Mechanical Gaming Keyboard,Peripherals,1,2023-03-18 00:00:00,89.5,CUST-1276,United States,89.5
INV-102731,SKU-101,Wireless Noise-Canceling Headphones,Audio,1,2023-08-17 00:00:00,149.99,CUST-1344,United Kingdom,149.99
INV-102732,SKU-109,Laptop Stand Aluminum,Accessories,1,2023-10-24 00:00:00,39.99,CUST-1140,Australia,39.99
INV-102733,SKU-102,Ergonomic Office Chair,Furniture,1,2024-05-24 00:00:00,229.0,CUST-1034,Australia,229.0
INV-102734,SKU-110,LED Desk Lamp with Wireless Charging,Lighting,1,2024-06-21 00:00:00,49.99,CUST-1230,France,49.99
INV-102735,SKU-103,Mechanical Gaming Keyboard,Peripherals,2,2023-11-22 00:00:00,89.5,CUST-1139,Canada,179.0
INV-102736,SKU-108,Portable Espresso Maker,Kitchen,5,2023-12-29 00:00:00,79.99,CUST-1134,Australia,399.95
INV-102737,SKU-110,LED Desk Lamp with Wireless Charging,Lighting,1,2023-12-25 00:00:00,49.99,CUST-1489,United States,49.99
INV-102738,SKU-109,Laptop Stand Aluminum,Accessories,2,2023-11-20 00:00:00,39.99,CUST-1352,United States,79.98
INV-102739,SKU-103,Mechanical Gaming Keyboard,Peripherals,1,2023-11-22 00:00:00,89.5,CUST-1305,United States,89.5
INV-102740,SKU-106,USB-C Multiport Adapter,Accessories,1,2023-06-14 00:00:00,34.5,CUST-1242,Germany,34.5
INV-102741,SKU-107,Organic Cotton Throw Blanket,Home,1,2024-03-30 00:00:00,45.0,CUST-1247,France,45.0
INV-102742,SKU-101,Wireless Noise-Canceling Headphones,Audio,1,2023-06-02 00:00:00,149.99,CUST-1298,United States,149.99
INV-102743,SKU-107,Organic Cotton Throw Blanket,Home,1,2023-05-07 00:00:00,45.0,CUST-1390,Germany,45.0
INV-102744,SKU-104,Stainless Steel Water Bottle,Lifestyle,1,2023-07-12 00:00:00,24.99,CUST-1390,Germany,24.99
INV-102745,SKU-105,Smart Fitness Tracker Band,Wearables,1,2024-06-13 00:00:00,59.99,CUST-1101,France,59.99
INV-102746,SKU-108,Portable Espresso Maker,Kitchen,1,2023-01-10 00:00:00,79.99,CUST-1267,Germany,79.99
INV-102747,SKU-104,Stainless Steel Water Bottle,Lifestyle,2,2023-04-02 00:00:00,24.99,CUST-1241,India,49.98
INV-102748,SKU-104,Stainless Steel Water Bottle,Lifestyle,4,2023-05-19 00:00:00,24.99,CUST-1469,United States,99.96
INV-102749,SKU-108,Portable Espresso Maker,Kitchen,1,2024-04-25 00:00:00,79.99,CUST-1364,United States,79.99
INV-102750,SKU-105,Smart Fitness Tracker Band,Wearables,1,2024-03-24 00:00:00,59.99,CUST-1288,United Kingdom,59.99
INV-102751,SKU-106,USB-C Multiport Adapter,Accessories,1,2023-11-29 00:00:00,34.5,CUST-1067,United States,34.5
INV-102752,SKU-105,Smart Fitness Tracker Band,Wearables,3,2023-12-06 00:00:00,59.99,CUST-1340,United States,179.97
INV-102753,SKU-101,Wireless Noise-Canceling Headphones,Audio,1,2023-02-21 00:00:00,149.99,CUST-1069,Germany,149.99
INV-102754,SKU-107,Organic Cotton Throw Blanket,Home,1,2024-04-10 00:00:00,45.0,CUST-1197,Canada,45.0
INV-102755,SKU-106,USB-C Multiport Adapter,Accessories,1,2024-04-19 00:00:00,34.5,CUST-1074,Germany,34.5
INV-102756,SKU-102,Ergonomic Office Chair,Furniture,1,2024-02-05 00:00:00,229.0,CUST-1390,United States,229.0
INV-102757,SKU-107,Organic Cotton Throw Blanket,Home,1,2024-03-14 00:00:00,45.0,CUST-1121,United Kingdom,45.0
INV-102758,SKU-106,USB-C Multiport Adapter,Accessories,5,2024-05-23 00:00:00,34.5,CUST-1230,United States,172.5
INV-102759,SKU-105,Smart Fitness Tracker Band,Wearables,4,2023-06-02 00:00:00,59.99,CUST-1475,United States,239.96
INV-102760,SKU-108,Portable Espresso Maker,Kitchen,1,2024-05-28 00:00:00,79.99,,United Kingdom,79.99
INV-102761,SKU-105,Smart Fitness Tracker Band,Wearables,1,2024-05-17 00:00:00,59.99,CUST-1272,United States,59.99
INV-102762,SKU-102,Ergonomic Office Chair,Furniture,1,2023-01-06 00:00:00,229.0,CUST-1243,United States,229.0
INV-102763,SKU-106,USB-C Multiport Adapter,Accessories,1,2024-05-14 00:00:00,34.5,CUST-1011,Canada,34.5
INV-102764,SKU-101,Wireless Noise-Canceling Headphones,Audio,3,2023-04-28 00:00:00,149.99,CUST-1441,United States,449.97
INV-102765,SKU-105,Smart Fitness Tracker Band,Wearables,1,2024-04-29 00:00:00,59.99,CUST-1043,France,59.99
INV-102766,SKU-106,USB-C Multiport Adapter,Accessories,1,2024-04-12 00:00:00,34.5,CUST-1261,United Kingdom,34.5
INV-102767,SKU-107,Organic Cotton Throw Blanket,Home,1,2023-06-10 00:00:00,45.0,CUST-1307,India,45.0
INV-102768,SKU-102,Ergonomic Office Chair,Furniture,3,2023-09-27 00:00:00,229.0,,United States,687.0
INV-102769,SKU-101,Wireless Noise-Canceling Headphones,Audio,2,2023-02-25 00:00:00,149.99,CUST-1390,United Kingdom,299.98
INV-102770,SKU-106,USB-C Multiport Adapter,Accessories,1,2023-08-16 00:00:00,34.5,CUST-1146,United States,34.5
INV-102771,SKU-103,Mechanical Gaming Keyboard,Peripherals,1,2023-05-29 00:00:00,89.5,CUST-1002,Canada,89.5
INV-102772,SKU-105,Smart Fitness Tracker Band,Wearables,1,2023-02-15 00:00:00,59.99,CUST-1401,United States,59.99
INV-102773,SKU-102,Ergonomic Office Chair,Furniture,5,2023-05-24 00:00:00,229.0,CUST-1292,United States,1145.0
INV-102774,SKU-101,Wireless Noise-Canceling Headphones,Audio,1,2023-12-06 00:00:00,149.99,CUST-1447,Australia,149.99
INV-102775,SKU-101,Wireless Noise-Canceling Headphones,Audio,1,2024-02-17 00:00:00,149.99,CUST-1446,United States,149.99
INV-102776,SKU-104,Stainless Steel Water Bottle,Lifestyle,1,2024-06-03 00:00:00,24.99,CUST-1453,United States,24.99
INV-102777,SKU-110,LED Desk Lamp with Wireless Charging,Lighting,2,2023-12-10 00:00:00,49.99,CUST-1261,United States,99.98
INV-102778,SKU-102,Ergonomic Office Chair,Furniture,1,2024-01-22 00:00:00,229.0,CUST-1193,Germany,229.0
INV-102779,SKU-101,Wireless Noise-Canceling Headphones,Audio,1,2024-04-17 00:00:00,149.99,CUST-1441,United States,149.99
INV-102780,SKU-106,USB-C Multiport Adapter,Accessories,1,2023-10-02 00:00:00,34.5,CUST-1252,United States,34.5
INV-102781,SKU-104,Stainless Steel Water Bottle,Lifestyle,2,2023-12-19 00:00:00,24.99,CUST-1112,United States,49.98
INV-102782,SKU-110,LED Desk Lamp with Wireless Charging,Lighting,2,2023-03-07 00:00:00,49.99,CUST-1464,United Kingdom,99.98
INV-102783,SKU-107,Organic Cotton Throw Blanket,Home,4,2023-03-20 00:00:00,45.0,CUST-1471,Canada,180.0
INV-102784,SKU-106,USB-C Multiport Adapter,Accessories,1,2023-07-21 00:00:00,34.5,CUST-1261,United States,34.5
INV-102785,SKU-105,Smart Fitness Tracker Band,Wearables,1,2023-04-23 00:00:00,59.99,CUST-1048,United States,59.99
INV-102786,SKU-110,LED Desk Lamp with Wireless Charging,Lighting,5,2023-04-01 00:00:00,49.99,CUST-1228,United States,249.95
INV-102787,SKU-102,Ergonomic Office Chair,Furniture,1,2023-05-21 00:00:00,229.0,CUST-1441,United States,229.0
INV-102788,SKU-105,Smart Fitness Tracker Band,Wearables,2,2023-10-16 00:00:00,59.99,CUST-1475,United States,119.98
INV-102789,SKU-109,Laptop Stand Aluminum,Accessories,2,2024-02-15 00:00:00,39.99,CUST-1120,United Kingdom,79.98
INV-102790,SKU-109,Laptop Stand Aluminum,Accessories,1,2024-01-12 00:00:00,39.99,CUST-1041,United Kingdom,39.99
INV-102791,SKU-102,Ergonomic Office Chair,Furniture,1,2024-01-19 00:00:00,229.0,CUST-1471,France,229.0
INV-102792,SKU-107,Organic Cotton Throw Blanket,Home,2,2023-06-01 00:00:00,45.0,CUST-1229,United States,90.0
INV-102793,SKU-110,LED Desk Lamp with Wireless Charging,Lighting,3,2023-11-15 00:00:00,49.99,CUST-1301,United Kingdom,149.97
INV-102794,SKU-104,Stainless Steel Water Bottle,Lifestyle,1,2024-01-04 00:00:00,24.99,CUST-1498,United Kingdom,24.99
INV-102795,SKU-103,Mechanical Gaming Keyboard,Peripherals,1,2024-04-06 00:00:00,89.5,CUST-1040,United Kingdom,89.5
INV-102796,SKU-101,Wireless Noise-Canceling Headphones,Audio,1,2023-01-12 00:00:00,149.99,CUST-1367,Australia,149.99
INV-102797,SKU-103,Mechanical Gaming Keyboard,Peripherals,1,2023-06-05 00:00:00,89.5,CUST-1046,United States,89.5
INV-102798,SKU-109,Laptop Stand Aluminum,Accessories,1,2024-04-21 00:00:00,39.99,CUST-1226,United States,39.99
INV-102799,SKU-109,Laptop Stand Aluminum,Accessories,1,2024-02-05 00:00:00,39.99,CUST-1441,Germany,39.99
INV-102800,SKU-107,Organic Cotton Throw Blanket,Home,5,2023-06-26 00:00:00,45.0,CUST-1247,United States,225.0
INV-102801,SKU-103,Mechanical Gaming Keyboard,Peripherals,2,2023-12-07 00:00:00,89.5,CUST-1499,United States,179.0
INV-102802,SKU-103,Mechanical Gaming Keyboard,Peripherals,2,2023-02-26 00:00:00,89.5,CUST-1305,United States,179.0
INV-102803,SKU-104,Stainless Steel Water Bottle,Lifestyle,1,2024-03-23 00:00:00,24.99,CUST-1186,United States,24.99
INV-102804,SKU-107,Organic Cotton Throw Blanket,Home,1,2023-07-22 00:00:00,45.0,CUST-1134,United Kingdom,45.0
INV-102805,SKU-107,Organic Cotton Throw Blanket,Home,8,2023-07-21 00:00:00,45.0,CUST-1203,United States,360.0
INV-102806,SKU-102,Ergonomic Office Chair,Furniture,1,2023-11-26 00:00:00,229.0,CUST-1226,United States,229.0
INV-102807,SKU-105,Smart Fitness Tracker Band,Wearables,1,2023-12-29 00:00:00,59.99,CUST-1043,United Kingdom,59.99
INV-102808,SKU-107,Organic Cotton Throw Blanket,Home,1,2024-03-29 00:00:00,45.0,CUST-1221,United Kingdom,45.0
INV-102809,SKU-107,Organic Cotton Throw Blanket,Home,3,2023-12-22 00:00:00,45.0,CUST-1258,India,135.0
INV-102810,SKU-106,USB-C Multiport Adapter,Accessories,4,2023-08-04 00:00:00,34.5,CUST-1401,United States,138.0
INV-102811,SKU-110,LED Desk Lamp with Wireless Charging,Lighting,1,2023-01-23 00:00:00,49.99,CUST-1376,France,49.99
INV-102812,SKU-110,LED Desk Lamp with Wireless Charging,Lighting,4,2023-06-04 00:00:00,49.99,CUST-1395,United Kingdom,199.96
INV-102813,SKU-108,Portable Espresso Maker,Kitchen,1,2023-07-05 00:00:00,79.99,CUST-1001,Canada,79.99
INV-102814,SKU-103,Mechanical Gaming Keyboard,Peripherals,1,2023-09-06 00:00:00,89.5,CUST-1130,United States,89.5
INV-102815,SKU-101,Wireless Noise-Canceling Headphones,Audio,3,2023-05-14 00:00:00,149.99,CUST-1381,United Kingdom,449.97
INV-102816,SKU-103,Mechanical Gaming Keyboard,Peripherals,3,2023-11-17 00:00:00,89.5,CUST-1261,Australia,268.5
INV-102817,SKU-102,Ergonomic Office Chair,Furniture,1,2024-01-25 00:00:00,229.0,CUST-1001,Australia,229.0
INV-102818,SKU-102,Ergonomic Office Chair,Furniture,1,2024-03-09 00:00:00,229.0,CUST-1442,United States,229.0
INV-102819,SKU-102,Ergonomic Office Chair,Furniture,3,2023-01-22 00:00:00,229.0,CUST-1427,United States,687.0
INV-102820,SKU-105,Smart Fitness Tracker Band,Wearables,2,2023-05-05 00:00:00,59.99,CUST-1305,United Kingdom,119.98
INV-102821,SKU-101,Wireless Noise-Canceling Headphones,Audio,4,2023-03-20 00:00:00,149.99,CUST-1039,Australia,599.96
INV-102822,SKU-110,LED Desk Lamp with Wireless Charging,Lighting,1,2023-02-20 00:00:00,49.99,CUST-1421,United States,49.99
INV-102823,SKU-104,Stainless Steel Water Bottle,Lifestyle,8,2023-06-25 00:00:00,24.99,CUST-1323,Germany,199.92
INV-102824,SKU-110,LED Desk Lamp with Wireless Charging,Lighting,10,2023-09-10 00:00:00,49.99,CUST-1438,Germany,499.9
INV-102825,SKU-105,Smart Fitness Tracker Band,Wearables,1,2023-09-03 00:00:00,59.99,CUST-1412,Canada,59.99
INV-102826,SKU-102,Ergonomic Office Chair,Furniture,3,2023-04-16 00:00:00,229.0,CUST-1441,United Kingdom,687.0
INV-102827,SKU-105,Smart Fitness Tracker Band,Wearables,1,2023-07-12 00:00:00,59.99,CUST-1276,United States,59.99
INV-102828,SKU-110,LED Desk Lamp with Wireless Charging,Lighting,1,2023-11-12 00:00:00,49.99,CUST-1073,France,49.99
INV-102829,SKU-104,Stainless Steel Water Bottle,Lifestyle,2,2023-10-29 00:00:00,24.99,CUST-1385,United Kingdom,49.98
INV-102830,SKU-108,Portable Espresso Maker,Kitchen,1,2023-09-25 00:00:00,79.99,CUST-1358,Germany,79.99
INV-102831,SKU-101,Wireless Noise-Canceling Headphones,Audio,1,2023-06-19 00:00:00,149.99,CUST-1411,United States,149.99
INV-102832,SKU-105,Smart Fitness Tracker Band,Wearables,3,2024-03-30 00:00:00,59.99,CUST-1096,Germany,179.97
INV-102833,SKU-110,LED Desk Lamp with Wireless Charging,Lighting,1,2023-10-19 00:00:00,49.99,CUST-1116,United States,49.99
INV-102834,SKU-101,Wireless Noise-Canceling Headphones,Audio,1,2023-05-21 00:00:00,149.99,CUST-1473,United States,149.99
INV-102835,SKU-110,LED Desk Lamp with Wireless Charging,Lighting,5,2023-05-26 00:00:00,49.99,CUST-1412,Germany,249.95
INV-102836,SKU-110,LED Desk Lamp with Wireless Charging,Lighting,1,2024-02-29 00:00:00,49.99,CUST-1475,United Kingdom,49.99
INV-102837,SKU-104,Stainless Steel Water Bottle,Lifestyle,1,2023-11-10 00:00:00,24.99,CUST-1417,Germany,24.99
INV-102838,SKU-108,Portable Espresso Maker,Kitchen,1,2023-07-03 00:00:00,79.99,CUST-1330,United States,79.99
INV-102839,SKU-101,Wireless Noise-Canceling Headphones,Audio,1,2023-05-08 00:00:00,149.99,CUST-1373,United Kingdom,149.99
INV-102840,SKU-102,Ergonomic Office Chair,Furniture,2,2023-10-14 00:00:00,229.0,CUST-1473,United States,458.0
INV-102841,SKU-101,Wireless Noise-Canceling Headphones,Audio,3,2023-09-10 00:00:00,149.99,CUST-1316,United Kingdom,449.97
INV-102842,SKU-107,Organic Cotton Throw Blanket,Home,1,2024-01-21 00:00:00,45.0,CUST-1364,United States,45.0
INV-102843,SKU-102,Ergonomic Office Chair,Furniture,3,2023-08-18 00:00:00,229.0,CUST-1087,Germany,687.0
INV-102844,SKU-101,Wireless Noise-Canceling Headphones,Audio,1,2023-09-28 00:00:00,149.99,CUST-1261,Canada,149.99
INV-102845,SKU-106,USB-C Multiport Adapter,Accessories,1,2024-02-19 00:00:00,34.5,CUST-1397,United States,34.5
INV-102846,SKU-106,USB-C Multiport Adapter,Accessories,2,2023-07-17 00:00:00,34.5,CUST-1154,United States,69.0
INV-102847,SKU-110,LED Desk Lamp with Wireless Charging,Lighting,2,2023-11-19 00:00:00,49.99,CUST-1119,Germany,99.98
INV-102848,SKU-102,Ergonomic Office Chair,Furniture,1,2023-02-25 00:00:00,229.0,CUST-1183,Germany,229.0
INV-102849,SKU-101,Wireless Noise-Canceling Headphones,Audio,1,2023-07-22 00:00:00,149.99,CUST-1140,Germany,149.99
INV-102850,SKU-110,LED Desk Lamp with Wireless Charging,Lighting,1,2023-05-18 00:00:00,49.99,CUST-1127,Germany,49.99
INV-102851,SKU-103,Mechanical Gaming Keyboard,Peripherals,1,2024-02-26 00:00:00,89.5,CUST-1245,United States,89.5
INV-102852,SKU-110,LED Desk Lamp with Wireless Charging,Lighting,1,2023-02-26 00:00:00,49.99,CUST-1475,United States,49.99
INV-102853,SKU-105,Smart Fitness Tracker Band,Wearables,2,2023-03-12 00:00:00,59.99,CUST-1271,United States,119.98
INV-102854,SKU-106,USB-C Multiport Adapter,Accessories,1,2024-01-07 00:00:00,34.5,CUST-1113,United States,34.5
INV-102855,SKU-103,Mechanical Gaming Keyboard,Peripherals,2,2024-05-28 00:00:00,89.5,CUST-1050,Germany,179.0
INV-102856,SKU-109,Laptop Stand Aluminum,Accessories,1,2023-03-25 00:00:00,39.99,CUST-1390,United States,39.99
INV-102857,SKU-105,Smart Fitness Tracker Band,Wearables,1,2023-02-12 00:00:00,59.99,CUST-1226,France,59.99
INV-102858,SKU-102,Ergonomic Office Chair,Furniture,1,2023-05-13 00:00:00,229.0,CUST-1446,Canada,229.0
INV-102859,SKU-110,LED Desk Lamp with Wireless Charging,Lighting,1,2024-01-30 00:00:00,49.99,CUST-1378,Australia,49.99
INV-102860,SKU-106,USB-C Multiport Adapter,Accessories,4,2023-03-06 00:00:00,34.5,CUST-1441,Australia,138.0
INV-102861,SKU-108,Portable Espresso Maker,Kitchen,1,2023-10-17 00:00:00,79.99,CUST-1154,United States,79.99
INV-102862,SKU-106,USB-C Multiport Adapter,Accessories,1,2024-01-11 00:00:00,34.5,CUST-1390,Canada,34.5
INV-102863,SKU-104,Stainless Steel Water Bottle,Lifestyle,3,2024-04-11 00:00:00,24.99,CUST-1154,United States,74.97
INV-102864,SKU-106,USB-C Multiport Adapter,Accessories,2,2023-08-01 00:00:00,34.5,CUST-1479,United States,69.0
INV-102865,SKU-108,Portable Espresso Maker,Kitchen,1,2023-05-28 00:00:00,79.99,CUST-1364,Canada,79.99
INV-102866,SKU-108,Portable Espresso Maker,Kitchen,1,2024-04-15 00:00:00,79.99,CUST-1191,United States,79.99
INV-102867,SKU-110,LED Desk Lamp with Wireless Charging,Lighting,2,2023-05-29 00:00:00,49.99,CUST-1154,India,99.98
INV-102868,SKU-102,Ergonomic Office Chair,Furniture,8,2023-03-29 00:00:00,229.0,CUST-1114,Germany,1832.0
INV-102869,SKU-108,Portable Espresso Maker,Kitchen,4,2023-11-20 00:00:00,79.99,CUST-1390,Canada,319.96
INV-102870,SKU-106,USB-C Multiport Adapter,Accessories,1,2024-01-31 00:00:00,34.5,CUST-1133,United States,34.5
INV-102871,SKU-102,Ergonomic Office Chair,Furniture,10,2024-02-08 00:00:00,229.0,CUST-1327,Germany,2290.0
INV-102872,SKU-101,Wireless Noise-Canceling Headphones,Audio,1,2023-03-23 00:00:00,149.99,CUST-1154,United States,149.99
INV-102873,SKU-106,USB-C Multiport Adapter,Accessories,1,2023-10-13 00:00:00,34.5,CUST-1381,Canada,34.5
INV-102874,SKU-107,Organic Cotton Throw Blanket,Home,3,2024-01-17 00:00:00,45.0,CUST-1445,United States,135.0
INV-102875,SKU-110,LED Desk Lamp with Wireless Charging,Lighting,1,2023-09-27 00:00:00,49.99,CUST-1435,Germany,49.99
INV-102876,SKU-105,Smart Fitness Tracker Band,Wearables,1,2023-10-19 00:00:00,59.99,CUST-1419,United States,59.99
INV-102877,SKU-110,LED Desk Lamp with Wireless Charging,Lighting,1,2024-03-28 00:00:00,49.99,CUST-1113,United States,49.99
INV-102878,SKU-108,Portable Espresso Maker,Kitchen,1,2023-01-24 00:00:00,79.99,CUST-1051,United Kingdom,79.99
INV-102879,SKU-109,Laptop Stand Aluminum,Accessories,2,2023-11-07 00:00:00,39.99,CUST-1390,United States,79.98
INV-102880,SKU-104,Stainless Steel Water Bottle,Lifestyle,2,2024-04-05 00:00:00,24.99,CUST-1220,Germany,49.98
INV-102881,SKU-107,Organic Cotton Throw Blanket,Home,1,2023-07-27 00:00:00,45.0,CUST-1247,United States,45.0
INV-102882,SKU-108,Portable Espresso Maker,Kitchen,1,2024-03-13 00:00:00,79.99,CUST-1012,United States,79.99
INV-102883,SKU-106,USB-C Multiport Adapter,Accessories,4,2024-06-21 00:00:00,34.5,CUST-1150,United Kingdom,138.0
INV-102884,SKU-102,Ergonomic Office Chair,Furniture,3,2023-12-02 00:00:00,229.0,CUST-1017,United States,687.0
INV-102885,SKU-107,Organic Cotton Throw Blanket,Home,1,2024-02-26 00:00:00,45.0,CUST-1471,United States,45.0
INV-102886,SKU-109,Laptop Stand Aluminum,Accessories,10,2023-11-17 00:00:00,39.99,CUST-1140,Canada,399.9
INV-102887,SKU-105,Smart Fitness Tracker Band,Wearables,2,2024-05-11 00:00:00,59.99,CUST-1305,United States,119.98
INV-102888,SKU-102,Ergonomic Office Chair,Furniture,1,2023-06-12 00:00:00,229.0,CUST-1025,United States,229.0
INV-102889,SKU-104,Stainless Steel Water Bottle,Lifestyle,1,2024-06-24 00:00:00,24.99,CUST-1383,United States,24.99
INV-102890,SKU-103,Mechanical Gaming Keyboard,Peripherals,1,2023-06-14 00:00:00,89.5,CUST-1188,United States,89.5
INV-102891,SKU-104,Stainless Steel Water Bottle,Lifestyle,2,2023-10-22 00:00:00,24.99,CUST-1475,United Kingdom,49.98
INV-102892,SKU-110,LED Desk Lamp with Wireless Charging,Lighting,1,2023-02-11 00:00:00,49.99,CUST-1471,United States,49.99
INV-102893,SKU-107,Organic Cotton Throw Blanket,Home,1,2023-10-12 00:00:00,45.0,CUST-1191,Canada,45.0
INV-102894,SKU-110,LED Desk Lamp with Wireless Charging,Lighting,1,2024-01-22 00:00:00,49.99,CUST-1475,United States,49.99
INV-102895,SKU-108,Portable Espresso Maker,Kitchen,4,2023-05-18 00:00:00,79.99,CUST-1499,United States,319.96
INV-102896,SKU-101,Wireless Noise-Canceling Headphones,Audio,1,2023-07-06 00:00:00,149.99,CUST-1446,United States,149.99
INV-102897,SKU-108,Portable Espresso Maker,Kitchen,4,2024-03-06 00:00:00,79.99,CUST-1453,Germany,319.96
INV-102898,SKU-105,Smart Fitness Tracker Band,Wearables,5,2024-02-20 00:00:00,59.99,CUST-1140,France,299.95
INV-102899,SKU-107,Organic Cotton Throw Blanket,Home,1,2024-03-01 00:00:00,45.0,CUST-1314,United Kingdom,45.0
INV-102900,SKU-101,Wireless Noise-Canceling Headphones,Audio,1,2024-02-20 00:00:00,149.99,CUST-1041,India,149.99
INV-102901,SKU-102,Ergonomic Office Chair,Furniture,1,2023-01-26 00:00:00,229.0,CUST-1052,United States,229.0
INV-102902,SKU-101,Wireless Noise-Canceling Headphones,Audio,4,2024-01-06 00:00:00,149.99,CUST-1499,United States,599.96
INV-102903,SKU-105,Smart Fitness Tracker Band,Wearables,1,2024-01-20 00:00:00,59.99,CUST-1191,United States,59.99
INV-102904,SKU-106,USB-C Multiport Adapter,Accessories,1,2023-02-25 00:00:00,34.5,CUST-1412,United States,34.5
INV-102905,SKU-110,LED Desk Lamp with Wireless Charging,Lighting,1,2023-09-10 00:00:00,49.99,CUST-1444,United States,49.99
INV-102906,SKU-109,Laptop Stand Aluminum,Accessories,1,2023-04-16 00:00:00,39.99,CUST-1464,United States,39.99
INV-102907,SKU-108,Portable Espresso Maker,Kitchen,5,2023-05-10 00:00:00,79.99,CUST-1499,United States,399.95
INV-102908,SKU-107,Organic Cotton Throw Blanket,Home,2,2024-01-11 00:00:00,45.0,CUST-1140,United States,90.0
INV-102909,SKU-105,Smart Fitness Tracker Band,Wearables,3,2023-11-04 00:00:00,59.99,CUST-1027,United States,179.97
INV-102910,SKU-103,Mechanical Gaming Keyboard,Peripherals,1,2023-04-01 00:00:00,89.5,CUST-1241,United States,89.5
INV-102911,SKU-109,Laptop Stand Aluminum,Accessories,1,2024-01-28 00:00:00,39.99,CUST-1069,Australia,39.99
INV-102912,SKU-105,Smart Fitness Tracker Band,Wearables,8,2024-06-17 00:00:00,59.99,CUST-1011,United States,479.92
INV-102913,SKU-103,Mechanical Gaming Keyboard,Peripherals,1,2023-04-20 00:00:00,89.5,CUST-1214,Germany,89.5
INV-102914,SKU-103,Mechanical Gaming Keyboard,Peripherals,5,2023-12-06 00:00:00,89.5,CUST-1441,United Kingdom,447.5
INV-102915,SKU-103,Mechanical Gaming Keyboard,Peripherals,1,2023-12-22 00:00:00,89.5,CUST-1313,United States,89.5
INV-102916,SKU-106,USB-C Multiport Adapter,Accessories,1,2023-06-17 00:00:00,34.5,CUST-1182,United States,34.5
INV-102917,SKU-101,Wireless Noise-Canceling Headphones,Audio,2,2024-03-27 00:00:00,149.99,CUST-1373,United States,299.98
INV-102918,SKU-104,Stainless Steel Water Bottle,Lifestyle,10,2023-04-15 00:00:00,24.99,CUST-1139,United Kingdom,249.9
INV-102919,SKU-108,Portable Espresso Maker,Kitchen,8,2023-05-30 00:00:00,79.99,CUST-1007,United States,639.92
INV-102920,SKU-103,Mechanical Gaming Keyboard,Peripherals,1,2023-05-26 00:00:00,89.5,CUST-1420,United States,89.5
INV-102921,SKU-105,Smart Fitness Tracker Band,Wearables,1,2023-10-26 00:00:00,59.99,CUST-1358,United States,59.99
INV-102922,SKU-102,Ergonomic Office Chair,Furniture,1,2023-06-16 00:00:00,229.0,CUST-1420,Australia,229.0
INV-102923,SKU-102,Ergonomic Office Chair,Furniture,2,2023-02-17 00:00:00,229.0,CUST-1025,United States,458.0
INV-102924,SKU-107,Organic Cotton Throw Blanket,Home,2,2023-08-27 00:00:00,45.0,CUST-1447,United Kingdom,90.0
INV-102925,SKU-110,LED Desk Lamp with Wireless Charging,Lighting,1,2023-01-07 00:00:00,49.99,CUST-1357,United Kingdom,49.99
INV-102926,SKU-103,Mechanical Gaming Keyboard,Peripherals,5,2024-04-08 00:00:00,89.5,CUST-1309,Australia,447.5
INV-102927,SKU-105,Smart Fitness Tracker Band,Wearables,2,2024-03-28 00:00:00,59.99,CUST-1358,United Kingdom,119.98
INV-102928,SKU-103,Mechanical Gaming Keyboard,Peripherals,3,2024-01-06 00:00:00,89.5,CUST-1467,United Kingdom,268.5
INV-102929,SKU-106,USB-C Multiport Adapter,Accessories,1,2024-05-01 00:00:00,34.5,CUST-1324,France,34.5
INV-102930,SKU-110,LED Desk Lamp with Wireless Charging,Lighting,1,2023-07-30 00:00:00,49.99,CUST-1321,Germany,49.99
INV-102931,SKU-103,Mechanical Gaming Keyboard,Peripherals,8,2023-06-14 00:00:00,89.5,CUST-1499,United States,716.0
INV-102932,SKU-108,Portable Espresso Maker,Kitchen,1,2023-05-05 00:00:00,79.99,CUST-1414,United States,79.99
INV-102933,SKU-102,Ergonomic Office Chair,Furniture,3,2023-12-03 00:00:00,229.0,CUST-1248,Canada,687.0
INV-102934,SKU-103,Mechanical Gaming Keyboard,Peripherals,5,2023-07-11 00:00:00,89.5,CUST-1395,Canada,447.5
INV-102935,SKU-108,Portable Espresso Maker,Kitchen,2,2023-08-02 00:00:00,79.99,CUST-1229,United Kingdom,159.98
INV-102936,SKU-108,Portable Espresso Maker,Kitchen,1,2023-11-24 00:00:00,79.99,CUST-1138,United Kingdom,79.99
INV-102937,SKU-101,Wireless Noise-Canceling Headphones,Audio,1,2024-01-16 00:00:00,149.99,CUST-1329,Germany,149.99
INV-102938,SKU-108,Portable Espresso Maker,Kitchen,1,2023-08-27 00:00:00,79.99,CUST-1478,United States,79.99
INV-102939,SKU-110,LED Desk Lamp with Wireless Charging,Lighting,1,2024-06-15 00:00:00,49.99,CUST-1478,Germany,49.99
INV-102940,SKU-102,Ergonomic Office Chair,Furniture,1,2023-03-23 00:00:00,229.0,CUST-1198,United States,229.0
INV-102941,SKU-107,Organic Cotton Throw Blanket,Home,1,2023-12-29 00:00:00,45.0,CUST-1280,France,45.0
INV-102942,SKU-106,USB-C Multiport Adapter,Accessories,1,2024-05-19 00:00:00,34.5,CUST-1126,Canada,34.5
INV-102943,SKU-102,Ergonomic Office Chair,Furniture,1,2023-07-21 00:00:00,229.0,CUST-1499,Germany,229.0
INV-102944,SKU-105,Smart Fitness Tracker Band,Wearables,1,2024-05-18 00:00:00,59.99,CUST-1499,United States,59.99
INV-102945,SKU-107,Organic Cotton Throw Blanket,Home,1,2023-02-06 00:00:00,45.0,CUST-1367,United States,45.0
INV-102946,SKU-108,Portable Espresso Maker,Kitchen,1,2024-02-06 00:00:00,79.99,CUST-1442,United States,79.99
INV-102947,SKU-103,Mechanical Gaming Keyboard,Peripherals,2,2023-06-25 00:00:00,89.5,CUST-1396,Germany,179.0
INV-102948,SKU-101,Wireless Noise-Canceling Headphones,Audio,1,2024-06-28 00:00:00,149.99,CUST-1325,Germany,149.99
INV-102949,SKU-107,Organic Cotton Throw Blanket,Home,1,2024-04-11 00:00:00,45.0,CUST-1034,United States,45.0
INV-102950,SKU-105,Smart Fitness Tracker Band,Wearables,2,2023-07-20 00:00:00,59.99,CUST-1254,United Kingdom,119.98
INV-102951,SKU-105,Smart Fitness Tracker Band,Wearables,3,2024-06-23 00:00:00,59.99,CUST-1389,Canada,179.97
INV-102952,SKU-107,Organic Cotton Throw Blanket,Home,1,2024-01-29 00:00:00,45.0,CUST-1390,United States,45.0
INV-102953,SKU-101,Wireless Noise-Canceling Headphones,Audio,2,2023-02-11 00:00:00,149.99,CUST-1226,United Kingdom,299.98
INV-102954,SKU-108,Portable Espresso Maker,Kitchen,5,2024-01-28 00:00:00,79.99,CUST-1481,Canada,399.95
INV-102955,SKU-110,LED Desk Lamp with Wireless Charging,Lighting,3,2024-03-16 00:00:00,49.99,CUST-1094,United Kingdom,149.97
INV-102956,SKU-105,Smart Fitness Tracker Band,Wearables,1,2024-05-20 00:00:00,59.99,CUST-1267,Germany,59.99
INV-102957,SKU-108,Portable Espresso Maker,Kitchen,2,2023-11-16 00:00:00,79.99,CUST-1390,United Kingdom,159.98
INV-102958,SKU-110,LED Desk Lamp with Wireless Charging,Lighting,1,2023-08-03 00:00:00,49.99,CUST-1390,India,49.99
INV-102959,SKU-110,LED Desk Lamp with Wireless Charging,Lighting,1,2023-03-12 00:00:00,49.99,CUST-1367,United States,49.99
INV-102960,SKU-105,Smart Fitness Tracker Band,Wearables,10,2023-08-24 00:00:00,59.99,CUST-1154,United Kingdom,599.9
INV-102961,SKU-107,Organic Cotton Throw Blanket,Home,1,2023-10-08 00:00:00,45.0,CUST-1087,United States,45.0
INV-102962,SKU-110,LED Desk Lamp with Wireless Charging,Lighting,4,2023-06-11 00:00:00,49.99,CUST-1364,United States,199.96
INV-102963,SKU-103,Mechanical Gaming Keyboard,Peripherals,1,2023-07-10 00:00:00,89.5,CUST-1331,United States,89.5
INV-102964,SKU-102,Ergonomic Office Chair,Furniture,10,2023-01-09 00:00:00,229.0,CUST-1107,United States,2290.0
INV-102965,SKU-106,USB-C Multiport Adapter,Accessories,1,2023-03-01 00:00:00,34.5,CUST-1393,France,34.5
INV-102966,SKU-105,Smart Fitness Tracker Band,Wearables,1,2023-08-13 00:00:00,59.99,CUST-1255,France,59.99
INV-102967,SKU-109,Laptop Stand Aluminum,Accessories,1,2023-10-14 00:00:00,39.99,CUST-1384,United States,39.99
INV-102968,SKU-110,LED Desk Lamp with Wireless Charging,Lighting,1,2023-06-18 00:00:00,49.99,CUST-1447,Germany,49.99
INV-102969,SKU-104,Stainless Steel Water Bottle,Lifestyle,1,2023-03-03 00:00:00,24.99,CUST-1096,United Kingdom,24.99
INV-102970,SKU-103,Mechanical Gaming Keyboard,Peripherals,3,2023-12-15 00:00:00,89.5,CUST-1011,Canada,268.5
INV-102971,SKU-109,Laptop Stand Aluminum,Accessories,1,2024-03-17 00:00:00,39.99,CUST-1437,United Kingdom,39.99
INV-102972,SKU-108,Portable Espresso Maker,Kitchen,2,2023-01-14 00:00:00,79.99,CUST-1346,United States,159.98
INV-102973,SKU-106,USB-C Multiport Adapter,Accessories,1,2023-06-13 00:00:00,34.5,CUST-1390,Canada,34.5
INV-102974,SKU-101,Wireless Noise-Canceling Headphones,Audio,1,2024-02-24 00:00:00,149.99,CUST-1450,Germany,149.99
INV-102975,SKU-110,LED Desk Lamp with Wireless Charging,Lighting,8,2024-06-03 00:00:00,49.99,CUST-1441,United Kingdom,399.92
INV-102976,SKU-101,Wireless Noise-Canceling Headphones,Audio,1,2023-01-28 00:00:00,149.99,CUST-1489,Australia,149.99
INV-102977,SKU-106,USB-C Multiport Adapter,Accessories,2,2024-03-21 00:00:00,34.5,CUST-1292,Australia,69.0
INV-102978,SKU-103,Mechanical Gaming Keyboard,Peripherals,2,2023-07-27 00:00:00,89.5,CUST-1261,United Kingdom,179.0
INV-102979,SKU-103,Mechanical Gaming Keyboard,Peripherals,1,2024-04-14 00:00:00,89.5,CUST-1240,United Kingdom,89.5
INV-102980,SKU-106,USB-C Multiport Adapter,Accessories,4,2023-04-14 00:00:00,34.5,CUST-1085,India,138.0
INV-102981,SKU-103,Mechanical Gaming Keyboard,Peripherals,2,2024-03-01 00:00:00,89.5,CUST-1313,United States,179.0
INV-102982,SKU-110,LED Desk Lamp with Wireless Charging,Lighting,1,2023-04-11 00:00:00,49.99,CUST-1154,United States,49.99
INV-102983,SKU-106,USB-C Multiport Adapter,Accessories,3,2024-06-24 00:00:00,34.5,CUST-1475,United States,103.5
INV-102984,SKU-105,Smart Fitness Tracker Band,Wearables,1,2024-06-05 00:00:00,59.99,CUST-1322,Australia,59.99
INV-102985,SKU-104,Stainless Steel Water Bottle,Lifestyle,1,2023-04-16 00:00:00,24.99,CUST-1325,Germany,24.99
INV-102986,SKU-108,Portable Espresso Maker,Kitchen,5,2023-10-04 00:00:00,79.99,CUST-1207,United States,399.95
INV-102987,SKU-102,Ergonomic Office Chair,Furniture,2,2023-03-06 00:00:00,229.0,CUST-1034,India,458.0
INV-102988,SKU-107,Organic Cotton Throw Blanket,Home,3,2023-07-07 00:00:00,45.0,CUST-1012,Germany,135.0
INV-102989,SKU-104,Stainless Steel Water Bottle,Lifestyle,2,2023-11-13 00:00:00,24.99,CUST-1245,Australia,49.98
INV-102990,SKU-102,Ergonomic Office Chair,Furniture,3,2023-05-18 00:00:00,229.0,CUST-1050,United States,687.0
INV-102991,SKU-107,Organic Cotton Throw Blanket,Home,5,2023-12-09 00:00:00,45.0,CUST-1343,United Kingdom,225.0
INV-102992,SKU-101,Wireless Noise-Canceling Headphones,Audio,1,2023-04-15 00:00:00,149.99,CUST-1471,Germany,149.99
INV-102993,SKU-104,Stainless Steel Water Bottle,Lifestyle,1,2024-06-29 00:00:00,24.99,CUST-1471,United Kingdom,24.99
INV-102994,SKU-109,Laptop Stand Aluminum,Accessories,1,2024-01-15 00:00:00,39.99,CUST-1378,Germany,39.99
INV-102995,SKU-104,Stainless Steel Water Bottle,Lifestyle,2,2023-04-20 00:00:00,24.99,CUST-1126,Canada,49.98
INV-102996,SKU-103,Mechanical Gaming Keyboard,Peripherals,1,2024-06-28 00:00:00,89.5,CUST-1467,United States,89.5
INV-102997,SKU-110,LED Desk Lamp with Wireless Charging,Lighting,1,2023-12-20 00:00:00,49.99,CUST-1471,Canada,49.99
INV-102998,SKU-110,LED Desk Lamp with Wireless Charging,Lighting,1,2023-11-13 00:00:00,49.99,CUST-1116,United States,49.99
INV-102999,SKU-102,Ergonomic Office Chair,Furniture,8,2023-09-23 00:00:00,229.0,CUST-1408,United States,1832.0
INV-103000,SKU-103,Mechanical Gaming Keyboard,Peripherals,2,2023-03-06 00:00:00,89.5,CUST-1159,United States,179.0
INV-103001,SKU-101,Wireless Noise-Canceling Headphones,Audio,1,2023-11-29 00:00:00,149.99,CUST-1441,United States,149.99
INV-103002,SKU-110,LED Desk Lamp with Wireless Charging,Lighting,1,2024-05-27 00:00:00,49.99,CUST-1499,United States,49.99
INV-103003,SKU-108,Portable Espresso Maker,Kitchen,1,2023-05-13 00:00:00,79.99,CUST-1012,Canada,79.99
INV-103004,SKU-101,Wireless Noise-Canceling Headphones,Audio,1,2024-06-23 00:00:00,149.99,CUST-1475,Germany,149.99
INV-103005,SKU-103,Mechanical Gaming Keyboard,Peripherals,1,2024-06-18 00:00:00,89.5,CUST-1358,United States,89.5
INV-103006,SKU-103,Mechanical Gaming Keyboard,Peripherals,4,2024-05-10 00:00:00,89.5,CUST-1498,Germany,358.0
INV-103007,SKU-102,Ergonomic Office Chair,Furniture,10,2024-01-04 00:00:00,229.0,CUST-1260,United States,2290.0
INV-103008,SKU-105,Smart Fitness Tracker Band,Wearables,1,2023-04-09 00:00:00,59.99,CUST-1457,United States,59.99
INV-103009,SKU-110,LED Desk Lamp with Wireless Charging,Lighting,1,2023-11-13 00:00:00,49.99,CUST-1035,United Kingdom,49.99
INV-103010,SKU-103,Mechanical Gaming Keyboard,Peripherals,1,2023-05-03 00:00:00,89.5,CUST-1196,Germany,89.5
INV-103011,SKU-103,Mechanical Gaming Keyboard,Peripherals,1,2023-11-16 00:00:00,89.5,CUST-1041,Canada,89.5
INV-103012,SKU-108,Portable Espresso Maker,Kitchen,1,2024-05-09 00:00:00,79.99,CUST-1498,United States,79.99
INV-103013,SKU-104,Stainless Steel Water Bottle,Lifestyle,1,2024-04-01 00:00:00,24.99,CUST-1446,Germany,24.99
INV-103014,SKU-104,Stainless Steel Water Bottle,Lifestyle,1,2024-06-05 00:00:00,24.99,CUST-1464,Germany,24.99
INV-103015,SKU-103,Mechanical Gaming Keyboard,Peripherals,2,2024-06-03 00:00:00,89.5,CUST-1478,France,179.0
INV-103016,SKU-101,Wireless Noise-Canceling Headphones,Audio,2,2023-11-11 00:00:00,149.99,CUST-1050,United States,299.98
INV-103017,SKU-108,Portable Espresso Maker,Kitchen,2,2024-06-25 00:00:00,79.99,CUST-1228,United Kingdom,159.98
INV-103018,SKU-101,Wireless Noise-Canceling Headphones,Audio,1,2024-04-23 00:00:00,149.99,CUST-1043,United Kingdom,149.99
INV-103019,SKU-107,Organic Cotton Throw Blanket,Home,4,2023-01-20 00:00:00,45.0,CUST-1126,India,180.0
INV-103020,SKU-105,Smart Fitness Tracker Band,Wearables,8,2023-05-10 00:00:00,59.99,CUST-1139,United States,479.92
INV-103021,SKU-104,Stainless Steel Water Bottle,Lifestyle,1,2023-10-20 00:00:00,24.99,CUST-1261,United Kingdom,24.99
INV-103022,SKU-104,Stainless Steel Water Bottle,Lifestyle,1,2023-05-12 00:00:00,24.99,CUST-1154,United States,24.99
INV-103023,SKU-108,Portable Espresso Maker,Kitchen,1,2023-12-22 00:00:00,79.99,CUST-1053,United Kingdom,79.99
INV-103024,SKU-106,USB-C Multiport Adapter,Accessories,1,2023-02-23 00:00:00,34.5,CUST-1094,United States,34.5
INV-103025,SKU-101,Wireless Noise-Canceling Headphones,Audio,1,2024-01-22 00:00:00,149.99,CUST-1076,United States,149.99
INV-103026,SKU-110,LED Desk Lamp with Wireless Charging,Lighting,1,2023-09-22 00:00:00,49.99,CUST-1498,United Kingdom,49.99
INV-103027,SKU-108,Portable Espresso Maker,Kitchen,1,2023-08-03 00:00:00,79.99,CUST-1418,United States,79.99
INV-103028,SKU-102,Ergonomic Office Chair,Furniture,1,2024-04-04 00:00:00,229.0,CUST-1498,United States,229.0
INV-103029,SKU-106,USB-C Multiport Adapter,Accessories,1,2024-04-02 00:00:00,34.5,CUST-1248,United States,34.5
INV-103030,SKU-109,Laptop Stand Aluminum,Accessories,5,2023-02-12 00:00:00,39.99,CUST-1154,United States,199.95
INV-103031,SKU-101,Wireless Noise-Canceling Headphones,Audio,1,2023-10-05 00:00:00,149.99,CUST-1441,France,149.99
INV-103032,SKU-106,USB-C Multiport Adapter,Accessories,2,2023-05-10 00:00:00,34.5,CUST-1191,United Kingdom,69.0
INV-103033,SKU-108,Portable Espresso Maker,Kitchen,1,2023-12-16 00:00:00,79.99,CUST-1176,Canada,79.99
INV-103034,SKU-110,LED Desk Lamp with Wireless Charging,Lighting,1,2024-06-27 00:00:00,49.99,CUST-1139,United States,49.99
INV-103035,SKU-102,Ergonomic Office Chair,Furniture,1,2023-04-16 00:00:00,229.0,CUST-1069,Australia,229.0
INV-103036,SKU-105,Smart Fitness Tracker Band,Wearables,1,2023-01-01 00:00:00,59.99,CUST-1150,United Kingdom,59.99
INV-103037,SKU-106,USB-C Multiport Adapter,Accessories,1,2024-03-07 00:00:00,34.5,CUST-1207,United Kingdom,34.5
INV-103038,SKU-105,Smart Fitness Tracker Band,Wearables,1,2023-11-02 00:00:00,59.99,CUST-1388,United Kingdom,59.99
INV-103039,SKU-103,Mechanical Gaming Keyboard,Peripherals,1,2024-06-10 00:00:00,89.5,CUST-1035,Germany,89.5
INV-103040,SKU-104,Stainless Steel Water Bottle,Lifestyle,2,2023-02-22 00:00:00,24.99,CUST-1125,United Kingdom,49.98
INV-103041,SKU-107,Organic Cotton Throw Blanket,Home,1,2024-06-03 00:00:00,45.0,CUST-1445,United States,45.0
INV-103042,SKU-104,Stainless Steel Water Bottle,Lifestyle,2,2023-11-26 00:00:00,24.99,CUST-1076,United States,49.98
INV-103043,SKU-109,Laptop Stand Aluminum,Accessories,1,2023-11-21 00:00:00,39.99,CUST-1198,United Kingdom,39.99
INV-103044,SKU-110,LED Desk Lamp with Wireless Charging,Lighting,2,2023-04-24 00:00:00,49.99,CUST-1467,United Kingdom,99.98
INV-103045,SKU-102,Ergonomic Office Chair,Furniture,1,2023-05-27 00:00:00,229.0,CUST-1086,United States,229.0
INV-103046,SKU-105,Smart Fitness Tracker Band,Wearables,2,2023-06-15 00:00:00,59.99,CUST-1050,United States,119.98
INV-103047,SKU-108,Portable Espresso Maker,Kitchen,10,2024-01-14 00:00:00,79.99,CUST-1261,United Kingdom,799.9
INV-103048,SKU-105,Smart Fitness Tracker Band,Wearables,5,2023-05-19 00:00:00,59.99,CUST-1178,Canada,299.95
INV-103049,SKU-110,LED Desk Lamp with Wireless Charging,Lighting,1,2023-10-26 00:00:00,49.99,CUST-1309,United States,49.99
INV-103050,SKU-108,Portable Espresso Maker,Kitchen,4,2023-10-03 00:00:00,79.99,CUST-1441,United States,319.96
INV-103051,SKU-108,Portable Espresso Maker,Kitchen,1,2023-06-27 00:00:00,79.99,CUST-1069,Canada,79.99
INV-103052,SKU-109,Laptop Stand Aluminum,Accessories,5,2023-12-20 00:00:00,39.99,CUST-1321,Germany,199.95
INV-103053,SKU-110,LED Desk Lamp with Wireless Charging,Lighting,1,2023-06-03 00:00:00,49.99,CUST-1271,United States,49.99
INV-103054,SKU-106,USB-C Multiport Adapter,Accessories,1,2023-07-20 00:00:00,34.5,CUST-1075,Canada,34.5
INV-103055,SKU-104,Stainless Steel Water Bottle,Lifestyle,1,2023-04-25 00:00:00,24.99,CUST-1358,United Kingdom,24.99
INV-103056,SKU-103,Mechanical Gaming Keyboard,Peripherals,1,2023-03-09 00:00:00,89.5,CUST-1154,United Kingdom,89.5
INV-103057,SKU-105,Smart Fitness Tracker Band,Wearables,2,2024-03-20 00:00:00,59.99,CUST-1261,India,119.98
INV-103058,SKU-106,USB-C Multiport Adapter,Accessories,5,2024-03-20 00:00:00,34.5,CUST-1050,France,172.5
INV-103059,SKU-103,Mechanical Gaming Keyboard,Peripherals,2,2023-11-22 00:00:00,89.5,CUST-1256,United States,179.0
INV-103060,SKU-102,Ergonomic Office Chair,Furniture,2,2023-12-25 00:00:00,229.0,CUST-1178,United States,458.0
INV-103061,SKU-107,Organic Cotton Throw Blanket,Home,2,2023-05-25 00:00:00,45.0,CUST-1446,United States,90.0
INV-103062,SKU-105,Smart Fitness Tracker Band,Wearables,1,2023-10-02 00:00:00,59.99,CUST-1034,United States,59.99
INV-103063,SKU-109,Laptop Stand Aluminum,Accessories,1,2024-05-23 00:00:00,39.99,CUST-1242,United States,39.99
INV-103064,SKU-103,Mechanical Gaming Keyboard,Peripherals,1,2023-06-28 00:00:00,89.5,CUST-1256,United States,89.5
INV-103065,SKU-108,Portable Espresso Maker,Kitchen,1,2024-04-21 00:00:00,79.99,CUST-1401,France,79.99
INV-103066,SKU-106,USB-C Multiport Adapter,Accessories,1,2024-02-18 00:00:00,34.5,CUST-1314,Australia,34.5
INV-103067,SKU-104,Stainless Steel Water Bottle,Lifestyle,1,2023-06-02 00:00:00,24.99,CUST-1383,United Kingdom,24.99
INV-103068,SKU-109,Laptop Stand Aluminum,Accessories,1,2023-04-14 00:00:00,39.99,CUST-1433,United Kingdom,39.99
INV-103069,SKU-105,Smart Fitness Tracker Band,Wearables,1,2023-03-16 00:00:00,59.99,CUST-1465,United States,59.99
INV-103070,SKU-110,LED Desk Lamp with Wireless Charging,Lighting,4,2023-05-08 00:00:00,49.99,CUST-1183,United States,199.96
INV-103071,SKU-106,USB-C Multiport Adapter,Accessories,1,2023-12-11 00:00:00,34.5,CUST-1296,United States,34.5
INV-103072,SKU-109,Laptop Stand Aluminum,Accessories,1,2024-06-14 00:00:00,39.99,CUST-1451,Canada,39.99
INV-103073,SKU-107,Organic Cotton Throw Blanket,Home,1,2023-06-08 00:00:00,45.0,CUST-1499,United States,45.0
INV-103074,SKU-105,Smart Fitness Tracker Band,Wearables,1,2024-06-21 00:00:00,59.99,CUST-1473,Australia,59.99
INV-103075,SKU-102,Ergonomic Office Chair,Furniture,1,2024-03-01 00:00:00,229.0,CUST-1225,Germany,229.0
INV-103076,SKU-104,Stainless Steel Water Bottle,Lifestyle,1,2023-01-23 00:00:00,24.99,CUST-1116,United States,24.99
INV-103077,SKU-102,Ergonomic Office Chair,Furniture,1,2023-02-16 00:00:00,229.0,CUST-1261,United States,229.0
INV-103078,SKU-103,Mechanical Gaming Keyboard,Peripherals,1,2024-06-08 00:00:00,89.5,CUST-1411,United Kingdom,89.5
INV-103079,SKU-110,LED Desk Lamp with Wireless Charging,Lighting,1,2023-05-24 00:00:00,49.99,CUST-1263,Australia,49.99
INV-103080,SKU-103,Mechanical Gaming Keyboard,Peripherals,1,2024-02-23 00:00:00,89.5,CUST-1261,Germany,89.5
INV-103081,SKU-104,Stainless Steel Water Bottle,Lifestyle,2,2023-03-26 00:00:00,24.99,CUST-1450,United States,49.98
INV-103082,SKU-106,USB-C Multiport Adapter,Accessories,1,2024-02-20 00:00:00,34.5,CUST-1215,United Kingdom,34.5
INV-103083,SKU-103,Mechanical Gaming Keyboard,Peripherals,1,2024-04-26 00:00:00,89.5,CUST-1464,United States,89.5
INV-103084,SKU-110,LED Desk Lamp with Wireless Charging,Lighting,1,2024-03-31 00:00:00,49.99,CUST-1241,India,49.99
INV-103085,SKU-101,Wireless Noise-Canceling Headphones,Audio,3,2023-10-24 00:00:00,149.99,CUST-1192,Germany,449.97
INV-103086,SKU-101,Wireless Noise-Canceling Headphones,Audio,1,2023-04-22 00:00:00,149.99,CUST-1252,United Kingdom,149.99
INV-103087,SKU-109,Laptop Stand Aluminum,Accessories,2,2023-08-18 00:00:00,39.99,CUST-1420,United States,79.98
INV-103088,SKU-109,Laptop Stand Aluminum,Accessories,2,2023-04-06 00:00:00,39.99,CUST-1069,United Kingdom,79.98
INV-103089,SKU-105,Smart Fitness Tracker Band,Wearables,1,2024-01-13 00:00:00,59.99,CUST-1116,United States,59.99
INV-103090,SKU-109,Laptop Stand Aluminum,Accessories,1,2023-06-05 00:00:00,39.99,CUST-1488,United States,39.99
INV-103091,SKU-107,Organic Cotton Throw Blanket,Home,1,2024-02-25 00:00:00,45.0,CUST-1104,United States,45.0
INV-103092,SKU-109,Laptop Stand Aluminum,Accessories,1,2023-04-15 00:00:00,39.99,CUST-1313,France,39.99
INV-103093,SKU-107,Organic Cotton Throw Blanket,Home,1,2023-11-26 00:00:00,45.0,CUST-1318,United Kingdom,45.0
INV-103094,SKU-109,Laptop Stand Aluminum,Accessories,1,2024-03-14 00:00:00,39.99,CUST-1261,United States,39.99
INV-103095,SKU-102,Ergonomic Office Chair,Furniture,1,2023-05-12 00:00:00,229.0,CUST-1366,Australia,229.0
INV-103096,SKU-108,Portable Espresso Maker,Kitchen,1,2024-01-17 00:00:00,79.99,CUST-1139,United States,79.99
INV-103097,SKU-107,Organic Cotton Throw Blanket,Home,3,2023-05-18 00:00:00,45.0,CUST-1305,United States,135.0
INV-103098,SKU-106,USB-C Multiport Adapter,Accessories,1,2023-09-27 00:00:00,34.5,CUST-1226,United States,34.5
INV-103099,SKU-105,Smart Fitness Tracker Band,Wearables,5,2024-01-31 00:00:00,59.99,CUST-1381,United Kingdom,299.95
INV-103100,SKU-104,Stainless Steel Water Bottle,Lifestyle,5,2024-04-08 00:00:00,24.99,CUST-1073,United Kingdom,124.95
INV-103101,SKU-107,Organic Cotton Throw Blanket,Home,5,2024-03-25 00:00:00,45.0,CUST-1313,United Kingdom,225.0
INV-103102,SKU-103,Mechanical Gaming Keyboard,Peripherals,3,2023-11-27 00:00:00,89.5,CUST-1112,Germany,268.5
INV-103103,SKU-108,Portable Espresso Maker,Kitchen,1,2023-09-10 00:00:00,79.99,CUST-1154,United States,79.99
INV-103104,SKU-102,Ergonomic Office Chair,Furniture,1,2023-10-12 00:00:00,229.0,CUST-1133,Canada,229.0
INV-103105,SKU-101,Wireless Noise-Canceling Headphones,Audio,1,2023-10-01 00:00:00,149.99,CUST-1112,United States,149.99
INV-103106,SKU-102,Ergonomic Office Chair,Furniture,1,2023-01-20 00:00:00,229.0,CUST-1446,Canada,229.0
INV-103107,SKU-109,Laptop Stand Aluminum,Accessories,3,2023-08-27 00:00:00,39.99,CUST-1159,Germany,119.97
INV-103108,SKU-105,Smart Fitness Tracker Band,Wearables,10,2023-09-27 00:00:00,59.99,CUST-1477,Germany,599.9
INV-103109,SKU-108,Portable Espresso Maker,Kitchen,1,2024-02-22 00:00:00,79.99,CUST-1498,United Kingdom,79.99
INV-103110,SKU-103,Mechanical Gaming Keyboard,Peripherals,1,2023-11-06 00:00:00,89.5,CUST-1313,Germany,89.5
INV-103111,SKU-107,Organic Cotton Throw Blanket,Home,1,2023-01-31 00:00:00,45.0,CUST-1074,United States,45.0
INV-103112,SKU-102,Ergonomic Office Chair,Furniture,1,2023-04-14 00:00:00,229.0,CUST-1226,Australia,229.0
INV-103113,SKU-108,Portable Espresso Maker,Kitchen,1,2023-07-05 00:00:00,79.99,CUST-1441,United States,79.99
INV-103114,SKU-107,Organic Cotton Throw Blanket,Home,1,2023-05-08 00:00:00,45.0,CUST-1219,United States,45.0
INV-103115,SKU-105,Smart Fitness Tracker Band,Wearables,3,2023-07-29 00:00:00,59.99,CUST-1050,United Kingdom,179.97
INV-103116,SKU-104,Stainless Steel Water Bottle,Lifestyle,1,2024-02-18 00:00:00,24.99,CUST-1305,Germany,24.99
INV-103117,SKU-101,Wireless Noise-Canceling Headphones,Audio,4,2023-10-08 00:00:00,149.99,CUST-1453,United States,599.96
INV-103118,SKU-105,Smart Fitness Tracker Band,Wearables,2,2023-09-10 00:00:00,59.99,CUST-1441,France,119.98
INV-103119,SKU-109,Laptop Stand Aluminum,Accessories,3,2023-01-19 00:00:00,39.99,CUST-1104,India,119.97
INV-103120,SKU-110,LED Desk Lamp with Wireless Charging,Lighting,1,2023-05-16 00:00:00,49.99,CUST-1388,United Kingdom,49.99
INV-103121,SKU-104,Stainless Steel Water Bottle,Lifestyle,3,2023-08-11 00:00:00,24.99,CUST-1134,United Kingdom,74.97
INV-103122,SKU-109,Laptop Stand Aluminum,Accessories,2,2023-01-03 00:00:00,39.99,CUST-1131,Germany,79.98
INV-103123,SKU-102,Ergonomic Office Chair,Furniture,1,2023-08-24 00:00:00,229.0,CUST-1469,United States,229.0
INV-103124,SKU-104,Stainless Steel Water Bottle,Lifestyle,1,2024-04-09 00:00:00,24.99,CUST-1140,United Kingdom,24.99
INV-103125,SKU-109,Laptop Stand Aluminum,Accessories,4,2023-08-16 00:00:00,39.99,CUST-1154,Australia,159.96
INV-103126,SKU-104,Stainless Steel Water Bottle,Lifestyle,1,2024-05-13 00:00:00,24.99,CUST-1001,France,24.99
INV-103127,SKU-105,Smart Fitness Tracker Band,Wearables,1,2024-06-04 00:00:00,59.99,CUST-1469,France,59.99
INV-103128,SKU-108,Portable Espresso Maker,Kitchen,1,2023-05-19 00:00:00,79.99,CUST-1441,United States,79.99
INV-103129,SKU-101,Wireless Noise-Canceling Headphones,Audio,2,2023-10-03 00:00:00,149.99,CUST-1359,United States,299.98
INV-103130,SKU-101,Wireless Noise-Canceling Headphones,Audio,3,2023-10-18 00:00:00,149.99,CUST-1412,United States,449.97
INV-103131,SKU-109,Laptop Stand Aluminum,Accessories,1,2023-02-22 00:00:00,39.99,CUST-1081,United States,39.99
INV-103132,SKU-109,Laptop Stand Aluminum,Accessories,1,2023-04-20 00:00:00,39.99,CUST-1256,United States,39.99
INV-103133,SKU-104,Stainless Steel Water Bottle,Lifestyle,10,2023-01-04 00:00:00,24.99,CUST-1203,United States,249.9
INV-103134,SKU-102,Ergonomic Office Chair,Furniture,2,2023-02-16 00:00:00,229.0,CUST-1052,United Kingdom,458.0
INV-103135,SKU-109,Laptop Stand Aluminum,Accessories,4,2023-04-04 00:00:00,39.99,CUST-1261,Canada,159.96
INV-103136,SKU-104,Stainless Steel Water Bottle,Lifestyle,1,2023-08-01 00:00:00,24.99,CUST-1475,Germany,24.99
INV-103137,SKU-106,USB-C Multiport Adapter,Accessories,1,2024-03-11 00:00:00,34.5,CUST-1027,Canada,34.5
INV-103138,SKU-101,Wireless Noise-Canceling Headphones,Audio,1,2024-05-22 00:00:00,149.99,CUST-1165,United States,149.99
INV-103139,SKU-109,Laptop Stand Aluminum,Accessories,2,2023-07-24 00:00:00,39.99,CUST-1121,United States,79.98
INV-103140,SKU-105,Smart Fitness Tracker Band,Wearables,1,2024-01-16 00:00:00,59.99,CUST-1139,Canada,59.99
INV-103141,SKU-103,Mechanical Gaming Keyboard,Peripherals,1,2023-03-14 00:00:00,89.5,CUST-1475,United Kingdom,89.5
INV-103142,SKU-104,Stainless Steel Water Bottle,Lifestyle,1,2024-05-30 00:00:00,24.99,CUST-1261,United Kingdom,24.99
INV-103143,SKU-101,Wireless Noise-Canceling Headphones,Audio,1,2023-03-17 00:00:00,149.99,CUST-1261,United States,149.99
INV-103144,SKU-109,Laptop Stand Aluminum,Accessories,3,2023-03-18 00:00:00,39.99,CUST-1419,United States,119.97
INV-103145,SKU-108,Portable Espresso Maker,Kitchen,1,2024-02-14 00:00:00,79.99,CUST-1086,Germany,79.99
INV-103146,SKU-104,Stainless Steel Water Bottle,Lifestyle,2,2023-04-16 00:00:00,24.99,CUST-1261,Australia,49.98
INV-103147,SKU-102,Ergonomic Office Chair,Furniture,5,2024-04-20 00:00:00,229.0,,Australia,1145.0
INV-103148,SKU-109,Laptop Stand Aluminum,Accessories,1,2023-10-02 00:00:00,39.99,CUST-1329,United Kingdom,39.99
INV-103149,SKU-104,Stainless Steel Water Bottle,Lifestyle,2,2023-03-29 00:00:00,24.99,CUST-1499,United Kingdom,49.98
INV-103150,SKU-109,Laptop Stand Aluminum,Accessories,8,2023-03-18 00:00:00,39.99,CUST-1427,Canada,319.92
INV-103151,SKU-110,LED Desk Lamp with Wireless Charging,Lighting,8,2023-03-18 00:00:00,49.99,CUST-1238,United Kingdom,399.92
INV-103152,SKU-103,Mechanical Gaming Keyboard,Peripherals,1,2024-03-17 00:00:00,89.5,CUST-1446,United Kingdom,89.5
INV-103153,SKU-107,Organic Cotton Throw Blanket,Home,1,2024-06-23 00:00:00,45.0,CUST-1101,Australia,45.0
INV-103154,SKU-107,Organic Cotton Throw Blanket,Home,1,2023-09-02 00:00:00,45.0,CUST-1012,Canada,45.0
INV-103155,SKU-110,LED Desk Lamp with Wireless Charging,Lighting,2,2024-01-17 00:00:00,49.99,CUST-1120,Australia,99.98
INV-103156,SKU-104,Stainless Steel Water Bottle,Lifestyle,2,2023-05-22 00:00:00,24.99,CUST-1197,United States,49.98
INV-103157,SKU-102,Ergonomic Office Chair,Furniture,2,2024-01-03 00:00:00,229.0,CUST-1272,United Kingdom,458.0
INV-103158,SKU-109,Laptop Stand Aluminum,Accessories,1,2023-03-25 00:00:00,39.99,CUST-1351,Canada,39.99
INV-103159,SKU-104,Stainless Steel Water Bottle,Lifestyle,1,2023-05-23 00:00:00,24.99,CUST-1475,United States,24.99
INV-103160,SKU-108,Portable Espresso Maker,Kitchen,1,2023-12-18 00:00:00,79.99,CUST-1272,Canada,79.99
INV-103161,SKU-102,Ergonomic Office Chair,Furniture,1,2024-06-28 00:00:00,229.0,CUST-1267,United States,229.0
INV-103162,SKU-108,Portable Espresso Maker,Kitchen,2,2023-06-01 00:00:00,79.99,CUST-1033,Canada,159.98
INV-103163,SKU-110,LED Desk Lamp with Wireless Charging,Lighting,1,2023-06-07 00:00:00,49.99,CUST-1019,United Kingdom,49.99
INV-103164,SKU-105,Smart Fitness Tracker Band,Wearables,1,2024-03-21 00:00:00,59.99,CUST-1305,United States,59.99
INV-103165,SKU-107,Organic Cotton Throw Blanket,Home,1,2023-10-30 00:00:00,45.0,CUST-1248,United Kingdom,45.0
INV-103166,SKU-107,Organic Cotton Throw Blanket,Home,1,2024-03-25 00:00:00,45.0,CUST-1450,Germany,45.0
INV-103167,SKU-109,Laptop Stand Aluminum,Accessories,1,2023-08-12 00:00:00,39.99,CUST-1088,Germany,39.99
INV-103168,SKU-103,Mechanical Gaming Keyboard,Peripherals,1,2023-02-12 00:00:00,89.5,CUST-1011,United States,89.5
INV-103169,SKU-110,LED Desk Lamp with Wireless Charging,Lighting,1,2023-09-21 00:00:00,49.99,CUST-1249,Australia,49.99
INV-103170,SKU-104,Stainless Steel Water Bottle,Lifestyle,1,2023-01-03 00:00:00,24.99,CUST-1139,United Kingdom,24.99
INV-103171,SKU-110,LED Desk Lamp with Wireless Charging,Lighting,1,2023-09-25 00:00:00,49.99,CUST-1033,United Kingdom,49.99
INV-103172,SKU-104,Stainless Steel Water Bottle,Lifestyle,2,2023-01-16 00:00:00,24.99,CUST-1401,United States,49.98
INV-103173,SKU-110,LED Desk Lamp with Wireless Charging,Lighting,1,2023-11-30 00:00:00,49.99,CUST-1062,France,49.99
INV-103174,SKU-105,Smart Fitness Tracker Band,Wearables,2,2024-04-08 00:00:00,59.99,CUST-1345,United States,119.98
INV-103175,SKU-106,USB-C Multiport Adapter,Accessories,2,2023-02-28 00:00:00,34.5,CUST-1155,United Kingdom,69.0
INV-103176,SKU-103,Mechanical Gaming Keyboard,Peripherals,1,2023-06-26 00:00:00,89.5,CUST-1104,Canada,89.5
INV-103177,SKU-104,Stainless Steel Water Bottle,Lifestyle,5,2023-03-04 00:00:00,24.99,CUST-1226,United States,124.95
INV-103178,SKU-103,Mechanical Gaming Keyboard,Peripherals,1,2023-11-03 00:00:00,89.5,CUST-1441,United Kingdom,89.5
INV-103179,SKU-102,Ergonomic Office Chair,Furniture,2,2023-09-03 00:00:00,229.0,CUST-1230,United States,458.0
INV-103180,SKU-110,LED Desk Lamp with Wireless Charging,Lighting,5,2023-10-16 00:00:00,49.99,CUST-1412,Canada,249.95
INV-103181,SKU-109,Laptop Stand Aluminum,Accessories,3,2023-11-28 00:00:00,39.99,CUST-1069,United Kingdom,119.97
INV-103182,SKU-101,Wireless Noise-Canceling Headphones,Audio,1,2024-06-10 00:00:00,149.99,CUST-1427,Australia,149.99
INV-103183,SKU-102,Ergonomic Office Chair,Furniture,1,2023-09-12 00:00:00,229.0,CUST-1139,Australia,229.0
INV-103184,SKU-108,Portable Espresso Maker,Kitchen,1,2024-05-24 00:00:00,79.99,CUST-1390,Germany,79.99
INV-103185,SKU-107,Organic Cotton Throw Blanket,Home,2,2024-04-07 00:00:00,45.0,CUST-1313,Germany,90.0
INV-103186,SKU-101,Wireless Noise-Canceling Headphones,Audio,2,2023-07-18 00:00:00,149.99,CUST-1478,United Kingdom,299.98
INV-103187,SKU-105,Smart Fitness Tracker Band,Wearables,1,2023-09-28 00:00:00,59.99,CUST-1228,United States,59.99
INV-103188,SKU-110,LED Desk Lamp with Wireless Charging,Lighting,1,2023-03-05 00:00:00,49.99,CUST-1039,Germany,49.99
INV-103189,SKU-106,USB-C Multiport Adapter,Accessories,2,2023-08-18 00:00:00,34.5,CUST-1011,Australia,69.0
INV-103190,SKU-105,Smart Fitness Tracker Band,Wearables,1,2023-09-06 00:00:00,59.99,CUST-1446,United States,59.99
INV-103191,SKU-104,Stainless Steel Water Bottle,Lifestyle,3,2023-09-03 00:00:00,24.99,CUST-1279,United States,74.97
INV-103192,SKU-101,Wireless Noise-Canceling Headphones,Audio,2,2023-06-06 00:00:00,149.99,CUST-1431,United States,299.98
INV-103193,SKU-107,Organic Cotton Throw Blanket,Home,1,2023-03-29 00:00:00,45.0,CUST-1139,United States,45.0
INV-103194,SKU-109,Laptop Stand Aluminum,Accessories,2,2023-11-09 00:00:00,39.99,CUST-1199,United States,79.98
INV-103195,SKU-106,USB-C Multiport Adapter,Accessories,1,2023-03-07 00:00:00,34.5,CUST-1012,United Kingdom,34.5
INV-103196,SKU-103,Mechanical Gaming Keyboard,Peripherals,1,2023-01-20 00:00:00,89.5,CUST-1489,United Kingdom,89.5
INV-103197,SKU-110,LED Desk Lamp with Wireless Charging,Lighting,5,2023-02-02 00:00:00,49.99,CUST-1384,United Kingdom,249.95
INV-103198,SKU-104,Stainless Steel Water Bottle,Lifestyle,3,2023-03-14 00:00:00,24.99,CUST-1478,United States,74.97
INV-103199,SKU-110,LED Desk Lamp with Wireless Charging,Lighting,1,2023-12-09 00:00:00,49.99,CUST-1154,United Kingdom,49.99
INV-103200,SKU-105,Smart Fitness Tracker Band,Wearables,1,2023-05-13 00:00:00,59.99,CUST-1349,Australia,59.99
INV-103201,SKU-101,Wireless Noise-Canceling Headphones,Audio,1,2023-02-24 00:00:00,149.99,CUST-1390,France,149.99
INV-103202,SKU-105,Smart Fitness Tracker Band,Wearables,1,2023-03-02 00:00:00,59.99,CUST-1184,United Kingdom,59.99
INV-103203,SKU-101,Wireless Noise-Canceling Headphones,Audio,1,2024-06-03 00:00:00,149.99,CUST-1461,United States,149.99
INV-103204,SKU-109,Laptop Stand Aluminum,Accessories,1,2023-09-29 00:00:00,39.99,CUST-1485,France,39.99
INV-103205,SKU-107,Organic Cotton Throw Blanket,Home,1,2023-09-03 00:00:00,45.0,CUST-1471,Germany,45.0
INV-103206,SKU-103,Mechanical Gaming Keyboard,Peripherals,1,2023-06-25 00:00:00,89.5,CUST-1410,United States,89.5
INV-103207,SKU-109,Laptop Stand Aluminum,Accessories,1,2023-11-13 00:00:00,39.99,CUST-1154,United States,39.99
INV-103208,SKU-102,Ergonomic Office Chair,Furniture,8,2023-05-11 00:00:00,229.0,CUST-1156,United States,1832.0
INV-103209,SKU-107,Organic Cotton Throw Blanket,Home,2,2023-04-12 00:00:00,45.0,CUST-1491,United States,90.0
INV-103210,SKU-109,Laptop Stand Aluminum,Accessories,1,2023-11-06 00:00:00,39.99,CUST-1003,United States,39.99
INV-103211,SKU-106,USB-C Multiport Adapter,Accessories,1,2023-10-19 00:00:00,34.5,CUST-1396,Australia,34.5
INV-103212,SKU-110,LED Desk Lamp with Wireless Charging,Lighting,1,2024-05-09 00:00:00,49.99,CUST-1393,United Kingdom,49.99
INV-103213,SKU-105,Smart Fitness Tracker Band,Wearables,1,2023-12-27 00:00:00,59.99,CUST-1358,Germany,59.99
INV-103214,SKU-107,Organic Cotton Throw Blanket,Home,1,2023-12-04 00:00:00,45.0,CUST-1499,Canada,45.0
INV-103215,SKU-106,USB-C Multiport Adapter,Accessories,3,2023-01-10 00:00:00,34.5,CUST-1182,Canada,103.5
INV-103216,SKU-105,Smart Fitness Tracker Band,Wearables,2,2023-02-18 00:00:00,59.99,CUST-1197,Australia,119.98
INV-103217,SKU-102,Ergonomic Office Chair,Furniture,2,2024-05-01 00:00:00,229.0,CUST-1050,France,458.0
INV-103218,SKU-108,Portable Espresso Maker,Kitchen,1,2023-11-17 00:00:00,79.99,CUST-1248,United States,79.99
INV-103219,SKU-107,Organic Cotton Throw Blanket,Home,4,2023-05-13 00:00:00,45.0,CUST-1153,France,180.0
INV-103220,SKU-106,USB-C Multiport Adapter,Accessories,5,2023-03-24 00:00:00,34.5,CUST-1198,Germany,172.5
INV-103221,SKU-105,Smart Fitness Tracker Band,Wearables,1,2023-02-26 00:00:00,59.99,CUST-1446,United States,59.99
INV-103222,SKU-105,Smart Fitness Tracker Band,Wearables,1,2024-01-11 00:00:00,59.99,CUST-1478,Germany,59.99
INV-103223,SKU-109,Laptop Stand Aluminum,Accessories,1,2023-12-15 00:00:00,39.99,CUST-1112,Germany,39.99
INV-103224,SKU-101,Wireless Noise-Canceling Headphones,Audio,1,2023-09-28 00:00:00,149.99,CUST-1226,Australia,149.99
INV-103225,SKU-109,Laptop Stand Aluminum,Accessories,2,2024-04-27 00:00:00,39.99,CUST-1478,United States,79.98
INV-103226,SKU-106,USB-C Multiport Adapter,Accessories,1,2023-04-21 00:00:00,34.5,CUST-1035,United Kingdom,34.5
INV-103227,SKU-104,Stainless Steel Water Bottle,Lifestyle,1,2023-03-17 00:00:00,24.99,,United States,24.99
INV-103228,SKU-110,LED Desk Lamp with Wireless Charging,Lighting,1,2023-06-07 00:00:00,49.99,CUST-1091,United States,49.99
INV-103229,SKU-107,Organic Cotton Throw Blanket,Home,1,2024-06-15 00:00:00,45.0,CUST-1327,United States,45.0
INV-103230,SKU-109,Laptop Stand Aluminum,Accessories,4,2023-11-25 00:00:00,39.99,CUST-1080,United Kingdom,159.96
INV-103231,SKU-105,Smart Fitness Tracker Band,Wearables,1,2023-05-02 00:00:00,59.99,CUST-1498,Canada,59.99
INV-103232,SKU-105,Smart Fitness Tracker Band,Wearables,2,2023-02-10 00:00:00,59.99,CUST-1248,United States,119.98
INV-103233,SKU-108,Portable Espresso Maker,Kitchen,1,2023-06-16 00:00:00,79.99,CUST-1268,United Kingdom,79.99
INV-103234,SKU-107,Organic Cotton Throw Blanket,Home,1,2023-01-23 00:00:00,45.0,CUST-1140,United States,45.0
INV-103235,SKU-108,Portable Espresso Maker,Kitchen,1,2023-10-06 00:00:00,79.99,CUST-1261,United States,79.99
INV-103236,SKU-110,LED Desk Lamp with Wireless Charging,Lighting,2,2024-04-13 00:00:00,49.99,CUST-1381,United Kingdom,99.98
INV-103237,SKU-102,Ergonomic Office Chair,Furniture,1,2024-02-04 00:00:00,229.0,CUST-1412,United States,229.0
INV-103238,SKU-109,Laptop Stand Aluminum,Accessories,1,2023-01-09 00:00:00,39.99,CUST-1412,United Kingdom,39.99
INV-103239,SKU-103,Mechanical Gaming Keyboard,Peripherals,1,2023-01-13 00:00:00,89.5,CUST-1315,United States,89.5
INV-103240,SKU-106,USB-C Multiport Adapter,Accessories,1,2023-02-21 00:00:00,34.5,CUST-1475,United States,34.5
INV-103241,SKU-106,USB-C Multiport Adapter,Accessories,8,2023-07-28 00:00:00,34.5,CUST-1446,United Kingdom,276.0
INV-103242,SKU-102,Ergonomic Office Chair,Furniture,1,2024-02-06 00:00:00,229.0,CUST-1414,United Kingdom,229.0
INV-103243,SKU-107,Organic Cotton Throw Blanket,Home,1,2023-07-10 00:00:00,45.0,CUST-1034,United States,45.0
INV-103244,SKU-109,Laptop Stand Aluminum,Accessories,1,2023-02-20 00:00:00,39.99,CUST-1001,United Kingdom,39.99
INV-103245,SKU-110,LED Desk Lamp with Wireless Charging,Lighting,3,2024-01-28 00:00:00,49.99,CUST-1126,Canada,149.97
INV-103246,SKU-101,Wireless Noise-Canceling Headphones,Audio,1,2023-10-27 00:00:00,149.99,CUST-1382,Germany,149.99
INV-103247,SKU-108,Portable Espresso Maker,Kitchen,2,2023-07-15 00:00:00,79.99,CUST-1241,United States,159.98
INV-103248,SKU-102,Ergonomic Office Chair,Furniture,3,2024-02-21 00:00:00,229.0,CUST-1240,United Kingdom,687.0
INV-103249,SKU-101,Wireless Noise-Canceling Headphones,Audio,1,2024-02-24 00:00:00,149.99,CUST-1471,Germany,149.99
INV-103250,SKU-108,Portable Espresso Maker,Kitchen,1,2024-06-05 00:00:00,79.99,CUST-1475,United States,79.99
INV-103251,SKU-102,Ergonomic Office Chair,Furniture,1,2023-12-22 00:00:00,229.0,CUST-1475,Australia,229.0
INV-103252,SKU-106,USB-C Multiport Adapter,Accessories,3,2023-05-28 00:00:00,34.5,CUST-1183,Australia,103.5
INV-103253,SKU-106,USB-C Multiport Adapter,Accessories,1,2023-12-31 00:00:00,34.5,CUST-1390,Australia,34.5
INV-103254,SKU-105,Smart Fitness Tracker Band,Wearables,1,2023-12-30 00:00:00,59.99,CUST-1154,Canada,59.99
INV-103255,SKU-108,Portable Espresso Maker,Kitchen,2,2024-02-06 00:00:00,79.99,CUST-1114,Germany,159.98
INV-103256,SKU-103,Mechanical Gaming Keyboard,Peripherals,1,2024-05-06 00:00:00,89.5,CUST-1112,Germany,89.5
INV-103257,SKU-110,LED Desk Lamp with Wireless Charging,Lighting,1,2023-08-17 00:00:00,49.99,CUST-1198,Germany,49.99
INV-103258,SKU-104,Stainless Steel Water Bottle,Lifestyle,1,2024-06-20 00:00:00,24.99,CUST-1247,Canada,24.99
INV-103259,SKU-107,Organic Cotton Throw Blanket,Home,1,2023-09-25 00:00:00,45.0,CUST-1446,Germany,45.0
INV-103260,SKU-107,Organic Cotton Throw Blanket,Home,1,2024-02-09 00:00:00,45.0,CUST-1069,United States,45.0
INV-103261,SKU-108,Portable Espresso Maker,Kitchen,1,2023-01-11 00:00:00,79.99,CUST-1408,United States,79.99
INV-103262,SKU-102,Ergonomic Office Chair,Furniture,4,2023-11-16 00:00:00,229.0,CUST-1286,Australia,916.0
INV-103263,SKU-102,Ergonomic Office Chair,Furniture,1,2023-05-06 00:00:00,229.0,CUST-1161,United States,229.0
INV-103264,SKU-104,Stainless Steel Water Bottle,Lifestyle,3,2023-11-02 00:00:00,24.99,CUST-1264,Germany,74.97
INV-103265,SKU-110,LED Desk Lamp with Wireless Charging,Lighting,2,2024-05-25 00:00:00,49.99,CUST-1176,France,99.98
INV-103266,SKU-109,Laptop Stand Aluminum,Accessories,1,2023-03-30 00:00:00,39.99,CUST-1327,Germany,39.99
INV-103267,SKU-110,LED Desk Lamp with Wireless Charging,Lighting,2,2023-12-21 00:00:00,49.99,CUST-1247,India,99.98
INV-103268,SKU-109,Laptop Stand Aluminum,Accessories,1,2023-12-18 00:00:00,39.99,CUST-1092,Germany,39.99
INV-103269,SKU-104,Stainless Steel Water Bottle,Lifestyle,10,2023-01-14 00:00:00,24.99,CUST-1069,United States,249.9
INV-103270,SKU-109,Laptop Stand Aluminum,Accessories,3,2023-09-14 00:00:00,39.99,CUST-1305,Canada,119.97
INV-103271,SKU-103,Mechanical Gaming Keyboard,Peripherals,1,2023-07-28 00:00:00,89.5,CUST-1475,United States,89.5
INV-103272,SKU-105,Smart Fitness Tracker Band,Wearables,1,2023-10-08 00:00:00,59.99,CUST-1198,United States,59.99
INV-103273,SKU-110,LED Desk Lamp with Wireless Charging,Lighting,1,2024-03-18 00:00:00,49.99,CUST-1405,United States,49.99
INV-103274,SKU-109,Laptop Stand Aluminum,Accessories,1,2024-01-24 00:00:00,39.99,CUST-1378,United States,39.99
INV-103275,SKU-106,USB-C Multiport Adapter,Accessories,1,2024-04-27 00:00:00,34.5,CUST-1478,United States,34.5
INV-103276,SKU-103,Mechanical Gaming Keyboard,Peripherals,1,2023-05-27 00:00:00,89.5,CUST-1446,United States,89.5
INV-103277,SKU-110,LED Desk Lamp with Wireless Charging,Lighting,2,2023-10-06 00:00:00,49.99,CUST-1313,Germany,99.98
INV-103278,SKU-109,Laptop Stand Aluminum,Accessories,1,2024-06-04 00:00:00,39.99,CUST-1376,Canada,39.99
INV-103279,SKU-106,USB-C Multiport Adapter,Accessories,3,2024-03-09 00:00:00,34.5,CUST-1475,United States,103.5
INV-103280,SKU-104,Stainless Steel Water Bottle,Lifestyle,3,2023-05-24 00:00:00,24.99,,United States,74.97
INV-103281,SKU-104,Stainless Steel Water Bottle,Lifestyle,1,2023-10-16 00:00:00,24.99,CUST-1191,Germany,24.99
INV-103282,SKU-108,Portable Espresso Maker,Kitchen,3,2024-01-21 00:00:00,79.99,CUST-1003,Germany,239.97
INV-103283,SKU-107,Organic Cotton Throw Blanket,Home,1,2023-01-14 00:00:00,45.0,CUST-1446,Australia,45.0
INV-103284,SKU-101,Wireless Noise-Canceling Headphones,Audio,1,2023-09-14 00:00:00,149.99,CUST-1441,United States,149.99
INV-103285,SKU-106,USB-C Multiport Adapter,Accessories,2,2023-12-12 00:00:00,34.5,CUST-1055,Australia,69.0
INV-103286,SKU-108,Portable Espresso Maker,Kitchen,1,2023-12-11 00:00:00,79.99,CUST-1314,United Kingdom,79.99
INV-103287,SKU-103,Mechanical Gaming Keyboard,Peripherals,1,2024-02-04 00:00:00,89.5,CUST-1258,United Kingdom,89.5
INV-103288,SKU-109,Laptop Stand Aluminum,Accessories,4,2023-07-26 00:00:00,39.99,CUST-1069,United States,159.96
INV-103289,SKU-110,LED Desk Lamp with Wireless Charging,Lighting,8,2023-06-21 00:00:00,49.99,CUST-1499,United States,399.92
INV-103290,SKU-102,Ergonomic Office Chair,Furniture,2,2024-04-08 00:00:00,229.0,CUST-1127,United States,458.0
INV-103291,SKU-106,USB-C Multiport Adapter,Accessories,2,2023-09-27 00:00:00,34.5,CUST-1041,United States,69.0
INV-103292,SKU-101,Wireless Noise-Canceling Headphones,Audio,1,2023-08-09 00:00:00,149.99,CUST-1326,United Kingdom,149.99
INV-103293,SKU-102,Ergonomic Office Chair,Furniture,1,2023-06-01 00:00:00,229.0,CUST-1408,Canada,229.0
INV-103294,SKU-105,Smart Fitness Tracker Band,Wearables,2,2023-07-02 00:00:00,59.99,CUST-1013,Germany,119.98
INV-103295,SKU-101,Wireless Noise-Canceling Headphones,Audio,1,2024-02-03 00:00:00,149.99,CUST-1378,United Kingdom,149.99
INV-103296,SKU-108,Portable Espresso Maker,Kitchen,1,2023-03-13 00:00:00,79.99,CUST-1287,United Kingdom,79.99
INV-103297,SKU-101,Wireless Noise-Canceling Headphones,Audio,1,2024-02-22 00:00:00,149.99,CUST-1055,United States,149.99
INV-103298,SKU-109,Laptop Stand Aluminum,Accessories,2,2023-10-10 00:00:00,39.99,CUST-1103,India,79.98
INV-103299,SKU-110,LED Desk Lamp with Wireless Charging,Lighting,1,2023-03-15 00:00:00,49.99,CUST-1313,United Kingdom,49.99
INV-103300,SKU-103,Mechanical Gaming Keyboard,Peripherals,2,2023-12-21 00:00:00,89.5,CUST-1172,United States,179.0
INV-103301,SKU-102,Ergonomic Office Chair,Furniture,1,2024-05-11 00:00:00,229.0,CUST-1478,United States,229.0
INV-103302,SKU-101,Wireless Noise-Canceling Headphones,Audio,1,2023-11-24 00:00:00,149.99,CUST-1446,United Kingdom,149.99
INV-103303,SKU-109,Laptop Stand Aluminum,Accessories,1,2024-06-18 00:00:00,39.99,CUST-1499,United Kingdom,39.99
INV-103304,SKU-104,Stainless Steel Water Bottle,Lifestyle,1,2024-03-22 00:00:00,24.99,CUST-1150,United States,24.99
INV-103305,SKU-101,Wireless Noise-Canceling Headphones,Audio,4,2024-01-08 00:00:00,149.99,CUST-1498,Canada,599.96
INV-103306,SKU-101,Wireless Noise-Canceling Headphones,Audio,1,2023-12-28 00:00:00,149.99,CUST-1247,Germany,149.99
INV-103307,SKU-107,Organic Cotton Throw Blanket,Home,1,2023-04-03 00:00:00,45.0,CUST-1200,Germany,45.0
INV-103308,SKU-102,Ergonomic Office Chair,Furniture,1,2023-11-17 00:00:00,229.0,CUST-1033,United States,229.0
INV-103309,SKU-107,Organic Cotton Throw Blanket,Home,1,2023-11-20 00:00:00,45.0,CUST-1034,United States,45.0
INV-103310,SKU-107,Organic Cotton Throw Blanket,Home,1,2024-01-19 00:00:00,45.0,CUST-1390,France,45.0
INV-103311,SKU-110,LED Desk Lamp with Wireless Charging,Lighting,1,2023-12-12 00:00:00,49.99,CUST-1256,Australia,49.99
INV-103312,SKU-109,Laptop Stand Aluminum,Accessories,10,2023-04-13 00:00:00,39.99,CUST-1136,United States,399.9
INV-103313,SKU-107,Organic Cotton Throw Blanket,Home,2,2023-08-03 00:00:00,45.0,CUST-1351,United States,90.0
INV-103314,SKU-101,Wireless Noise-Canceling Headphones,Audio,1,2023-07-11 00:00:00,149.99,CUST-1144,United States,149.99
INV-103315,SKU-108,Portable Espresso Maker,Kitchen,1,2023-07-13 00:00:00,79.99,CUST-1315,United States,79.99
INV-103316,SKU-108,Portable Espresso Maker,Kitchen,1,2024-01-15 00:00:00,79.99,CUST-1212,Germany,79.99
INV-103317,SKU-104,Stainless Steel Water Bottle,Lifestyle,1,2024-02-07 00:00:00,24.99,CUST-1446,France,24.99
INV-103318,SKU-108,Portable Espresso Maker,Kitchen,2,2023-01-11 00:00:00,79.99,CUST-1446,United States,159.98
INV-103319,SKU-104,Stainless Steel Water Bottle,Lifestyle,4,2023-07-06 00:00:00,24.99,CUST-1261,United States,99.96
INV-103320,SKU-108,Portable Espresso Maker,Kitchen,1,2023-01-15 00:00:00,79.99,CUST-1203,Australia,79.99
INV-103321,SKU-105,Smart Fitness Tracker Band,Wearables,3,2023-10-24 00:00:00,59.99,CUST-1217,United States,179.97
INV-103322,SKU-104,Stainless Steel Water Bottle,Lifestyle,1,2024-02-15 00:00:00,24.99,CUST-1444,France,24.99
INV-103323,SKU-106,USB-C Multiport Adapter,Accessories,1,2023-02-21 00:00:00,34.5,CUST-1191,Germany,34.5
INV-103324,SKU-102,Ergonomic Office Chair,Furniture,1,2023-01-28 00:00:00,229.0,CUST-1121,France,229.0
INV-103325,SKU-102,Ergonomic Office Chair,Furniture,1,2023-01-17 00:00:00,229.0,CUST-1050,United States,229.0
INV-103326,SKU-102,Ergonomic Office Chair,Furniture,4,2023-12-17 00:00:00,229.0,CUST-1261,United States,916.0
INV-103327,SKU-109,Laptop Stand Aluminum,Accessories,1,2024-03-03 00:00:00,39.99,CUST-1261,United Kingdom,39.99
INV-103328,SKU-110,LED Desk Lamp with Wireless Charging,Lighting,1,2023-08-17 00:00:00,49.99,CUST-1451,United Kingdom,49.99
INV-103329,SKU-103,Mechanical Gaming Keyboard,Peripherals,5,2023-07-29 00:00:00,89.5,CUST-1134,United States,447.5
INV-103330,SKU-110,LED Desk Lamp with Wireless Charging,Lighting,3,2024-03-06 00:00:00,49.99,CUST-1226,France,149.97
INV-103331,SKU-104,Stainless Steel Water Bottle,Lifestyle,2,2023-10-21 00:00:00,24.99,CUST-1445,Canada,49.98
INV-103332,SKU-110,LED Desk Lamp with Wireless Charging,Lighting,5,2023-04-14 00:00:00,49.99,CUST-1446,Germany,249.95
INV-103333,SKU-108,Portable Espresso Maker,Kitchen,1,2023-07-23 00:00:00,79.99,CUST-1227,United States,79.99
INV-103334,SKU-104,Stainless Steel Water Bottle,Lifestyle,3,2023-02-22 00:00:00,24.99,CUST-1256,Germany,74.97
INV-103335,SKU-110,LED Desk Lamp with Wireless Charging,Lighting,2,2024-01-10 00:00:00,49.99,CUST-1178,Germany,99.98
INV-103336,SKU-110,LED Desk Lamp with Wireless Charging,Lighting,3,2023-02-23 00:00:00,49.99,CUST-1478,United States,149.97
INV-103337,SKU-107,Organic Cotton Throw Blanket,Home,2,2023-10-03 00:00:00,45.0,CUST-1069,France,90.0
INV-103338,SKU-105,Smart Fitness Tracker Band,Wearables,1,2023-12-01 00:00:00,59.99,CUST-1478,United States,59.99
INV-103339,SKU-109,Laptop Stand Aluminum,Accessories,2,2023-01-31 00:00:00,39.99,CUST-1390,United States,79.98
INV-103340,SKU-104,Stainless Steel Water Bottle,Lifestyle,1,2023-05-15 00:00:00,24.99,CUST-1286,United States,24.99
INV-103341,SKU-103,Mechanical Gaming Keyboard,Peripherals,1,2023-02-27 00:00:00,89.5,,Canada,89.5
INV-103342,SKU-102,Ergonomic Office Chair,Furniture,1,2023-04-15 00:00:00,229.0,CUST-1261,United Kingdom,229.0
INV-103343,SKU-101,Wireless Noise-Canceling Headphones,Audio,5,2023-09-23 00:00:00,149.99,CUST-1241,United States,749.95
INV-103344,SKU-106,USB-C Multiport Adapter,Accessories,1,2024-06-05 00:00:00,34.5,CUST-1089,United States,34.5
INV-103345,SKU-110,LED Desk Lamp with Wireless Charging,Lighting,1,2024-05-10 00:00:00,49.99,CUST-1376,United States,49.99
INV-103346,SKU-102,Ergonomic Office Chair,Furniture,1,2023-09-10 00:00:00,229.0,CUST-1498,United States,229.0
INV-103347,SKU-108,Portable Espresso Maker,Kitchen,5,2023-10-22 00:00:00,79.99,CUST-1308,United Kingdom,399.95
INV-103348,SKU-106,USB-C Multiport Adapter,Accessories,1,2023-06-07 00:00:00,34.5,CUST-1396,United States,34.5
INV-103349,SKU-105,Smart Fitness Tracker Band,Wearables,2,2023-03-08 00:00:00,59.99,CUST-1043,United States,119.98
INV-103350,SKU-102,Ergonomic Office Chair,Furniture,3,2023-10-26 00:00:00,229.0,CUST-1242,Australia,687.0
INV-103351,SKU-107,Organic Cotton Throw Blanket,Home,1,2024-04-07 00:00:00,45.0,CUST-1069,United Kingdom,45.0
INV-103352,SKU-102,Ergonomic Office Chair,Furniture,1,2023-04-11 00:00:00,229.0,CUST-1351,Germany,229.0
INV-103353,SKU-105,Smart Fitness Tracker Band,Wearables,2,2023-02-25 00:00:00,59.99,CUST-1478,United States,119.98
INV-103354,SKU-102,Ergonomic Office Chair,Furniture,4,2023-11-28 00:00:00,229.0,CUST-1381,United States,916.0
INV-103355,SKU-110,LED Desk Lamp with Wireless Charging,Lighting,2,2024-01-28 00:00:00,49.99,CUST-1050,United Kingdom,99.98
INV-103356,SKU-102,Ergonomic Office Chair,Furniture,1,2024-01-16 00:00:00,229.0,CUST-1207,United States,229.0
INV-103357,SKU-107,Organic Cotton Throw Blanket,Home,4,2023-04-02 00:00:00,45.0,CUST-1305,United States,180.0
INV-103358,SKU-109,Laptop Stand Aluminum,Accessories,1,2024-03-22 00:00:00,39.99,CUST-1240,Australia,39.99
INV-103359,SKU-105,Smart Fitness Tracker Band,Wearables,1,2023-04-19 00:00:00,59.99,CUST-1446,France,59.99
INV-103360,SKU-107,Organic Cotton Throw Blanket,Home,3,2023-11-13 00:00:00,45.0,CUST-1445,United States,135.0
INV-103361,SKU-104,Stainless Steel Water Bottle,Lifestyle,1,2023-06-17 00:00:00,24.99,CUST-1350,United States,24.99
INV-103362,SKU-102,Ergonomic Office Chair,Furniture,2,2024-03-10 00:00:00,229.0,CUST-1226,France,458.0
INV-103363,SKU-103,Mechanical Gaming Keyboard,Peripherals,1,2024-03-17 00:00:00,89.5,CUST-1150,United States,89.5
INV-103364,SKU-102,Ergonomic Office Chair,Furniture,4,2023-08-06 00:00:00,229.0,CUST-1055,Germany,916.0
INV-103365,SKU-105,Smart Fitness Tracker Band,Wearables,1,2023-08-10 00:00:00,59.99,CUST-1207,India,59.99
INV-103366,SKU-106,USB-C Multiport Adapter,Accessories,1,2024-06-11 00:00:00,34.5,CUST-1241,India,34.5
INV-103367,SKU-107,Organic Cotton Throw Blanket,Home,3,2023-10-05 00:00:00,45.0,CUST-1389,United Kingdom,135.0
INV-103368,SKU-103,Mechanical Gaming Keyboard,Peripherals,1,2024-04-10 00:00:00,89.5,CUST-1378,United States,89.5
INV-103369,SKU-104,Stainless Steel Water Bottle,Lifestyle,1,2023-01-30 00:00:00,24.99,CUST-1043,United States,24.99
INV-103370,SKU-108,Portable Espresso Maker,Kitchen,10,2023-12-25 00:00:00,79.99,CUST-1235,Australia,799.9
INV-103371,SKU-104,Stainless Steel Water Bottle,Lifestyle,1,2023-10-15 00:00:00,24.99,CUST-1112,Australia,24.99
INV-103372,SKU-107,Organic Cotton Throw Blanket,Home,8,2023-03-27 00:00:00,45.0,CUST-1087,United Kingdom,360.0
INV-103373,SKU-106,USB-C Multiport Adapter,Accessories,1,2023-08-22 00:00:00,34.5,CUST-1446,Canada,34.5
INV-103374,SKU-107,Organic Cotton Throw Blanket,Home,1,2023-11-09 00:00:00,45.0,CUST-1030,Germany,45.0
INV-103375,SKU-101,Wireless Noise-Canceling Headphones,Audio,2,2023-12-31 00:00:00,149.99,CUST-1243,Germany,299.98
INV-103376,SKU-103,Mechanical Gaming Keyboard,Peripherals,2,2023-09-26 00:00:00,89.5,CUST-1094,Canada,179.0
INV-103377,SKU-106,USB-C Multiport Adapter,Accessories,1,2023-05-11 00:00:00,34.5,CUST-1471,Germany,34.5
INV-103378,SKU-103,Mechanical Gaming Keyboard,Peripherals,1,2023-12-17 00:00:00,89.5,CUST-1305,United Kingdom,89.5
INV-103379,SKU-107,Organic Cotton Throw Blanket,Home,3,2023-06-29 00:00:00,45.0,CUST-1139,United States,135.0
INV-103380,SKU-109,Laptop Stand Aluminum,Accessories,1,2024-04-24 00:00:00,39.99,CUST-1270,Germany,39.99
INV-103381,SKU-103,Mechanical Gaming Keyboard,Peripherals,1,2023-06-12 00:00:00,89.5,CUST-1405,United Kingdom,89.5
INV-103382,SKU-101,Wireless Noise-Canceling Headphones,Audio,1,2023-04-06 00:00:00,149.99,CUST-1489,United States,149.99
INV-103383,SKU-110,LED Desk Lamp with Wireless Charging,Lighting,1,2024-05-24 00:00:00,49.99,CUST-1134,Canada,49.99
INV-103384,SKU-106,USB-C Multiport Adapter,Accessories,1,2023-12-31 00:00:00,34.5,CUST-1471,Germany,34.5
INV-103385,SKU-101,Wireless Noise-Canceling Headphones,Audio,1,2023-12-19 00:00:00,149.99,CUST-1478,France,149.99
INV-103386,SKU-101,Wireless Noise-Canceling Headphones,Audio,1,2024-03-11 00:00:00,149.99,CUST-1475,United States,149.99
INV-103387,SKU-108,Portable Espresso Maker,Kitchen,1,2023-03-24 00:00:00,79.99,CUST-1364,Germany,79.99
INV-103388,SKU-109,Laptop Stand Aluminum,Accessories,1,2023-08-13 00:00:00,39.99,CUST-1362,United States,39.99
INV-103389,SKU-102,Ergonomic Office Chair,Furniture,2,2024-02-16 00:00:00,229.0,CUST-1240,Australia,458.0
INV-103390,SKU-109,Laptop Stand Aluminum,Accessories,1,2023-04-28 00:00:00,39.99,CUST-1412,United States,39.99
INV-103391,SKU-105,Smart Fitness Tracker Band,Wearables,3,2024-04-26 00:00:00,59.99,CUST-1286,Germany,179.97
INV-103392,SKU-108,Portable Espresso Maker,Kitchen,2,2023-07-11 00:00:00,79.99,CUST-1390,Canada,159.98
INV-103393,SKU-107,Organic Cotton Throw Blanket,Home,1,2023-04-17 00:00:00,45.0,CUST-1247,United States,45.0
INV-103394,SKU-107,Organic Cotton Throw Blanket,Home,2,2024-01-17 00:00:00,45.0,CUST-1405,France,90.0
INV-103395,SKU-104,Stainless Steel Water Bottle,Lifestyle,1,2024-01-25 00:00:00,24.99,CUST-1446,Australia,24.99
INV-103396,SKU-102,Ergonomic Office Chair,Furniture,2,2023-09-01 00:00:00,229.0,CUST-1076,United States,458.0
INV-103397,SKU-105,Smart Fitness Tracker Band,Wearables,10,2024-04-12 00:00:00,59.99,CUST-1446,United States,599.9
INV-103398,SKU-103,Mechanical Gaming Keyboard,Peripherals,1,2024-06-21 00:00:00,89.5,CUST-1298,United States,89.5
INV-103399,SKU-109,Laptop Stand Aluminum,Accessories,2,2023-07-29 00:00:00,39.99,CUST-1453,United States,79.98
INV-103400,SKU-106,USB-C Multiport Adapter,Accessories,1,2023-03-14 00:00:00,34.5,CUST-1247,Australia,34.5
INV-103401,SKU-101,Wireless Noise-Canceling Headphones,Audio,1,2023-11-05 00:00:00,149.99,CUST-1226,France,149.99
INV-103402,SKU-103,Mechanical Gaming Keyboard,Peripherals,3,2023-07-05 00:00:00,89.5,CUST-1475,United States,268.5
INV-103403,SKU-104,Stainless Steel Water Bottle,Lifestyle,1,2023-09-10 00:00:00,24.99,CUST-1140,United Kingdom,24.99
INV-103404,SKU-109,Laptop Stand Aluminum,Accessories,1,2023-01-13 00:00:00,39.99,CUST-1453,United Kingdom,39.99
INV-103405,SKU-106,USB-C Multiport Adapter,Accessories,1,2023-10-26 00:00:00,34.5,CUST-1261,United States,34.5
INV-103406,SKU-104,Stainless Steel Water Bottle,Lifestyle,2,2023-03-17 00:00:00,24.99,CUST-1273,United States,49.98
INV-103407,SKU-101,Wireless Noise-Canceling Headphones,Audio,1,2023-02-20 00:00:00,149.99,CUST-1182,United States,149.99
INV-103408,SKU-108,Portable Espresso Maker,Kitchen,4,2023-05-29 00:00:00,79.99,CUST-1313,United Kingdom,319.96
INV-103409,SKU-102,Ergonomic Office Chair,Furniture,1,2023-05-02 00:00:00,229.0,CUST-1191,Germany,229.0
INV-103410,SKU-108,Portable Espresso Maker,Kitchen,1,2023-07-30 00:00:00,79.99,CUST-1025,Germany,79.99
INV-103411,SKU-106,USB-C Multiport Adapter,Accessories,2,2023-10-07 00:00:00,34.5,CUST-1154,United States,69.0
INV-103412,SKU-108,Portable Espresso Maker,Kitchen,1,2024-06-21 00:00:00,79.99,CUST-1001,Canada,79.99
INV-103413,SKU-106,USB-C Multiport Adapter,Accessories,2,2023-06-05 00:00:00,34.5,CUST-1498,Germany,69.0
INV-103414,SKU-105,Smart Fitness Tracker Band,Wearables,1,2023-08-26 00:00:00,59.99,CUST-1496,Australia,59.99
INV-103415,SKU-105,Smart Fitness Tracker Band,Wearables,1,2024-01-11 00:00:00,59.99,CUST-1235,United States,59.99
INV-103416,SKU-110,LED Desk Lamp with Wireless Charging,Lighting,1,2023-03-23 00:00:00,49.99,CUST-1403,Australia,49.99
INV-103417,SKU-110,LED Desk Lamp with Wireless Charging,Lighting,4,2024-05-06 00:00:00,49.99,CUST-1199,Australia,199.96
INV-103418,SKU-108,Portable Espresso Maker,Kitchen,1,2023-12-22 00:00:00,79.99,CUST-1385,United States,79.99
INV-103419,SKU-107,Organic Cotton Throw Blanket,Home,2,2023-09-30 00:00:00,45.0,CUST-1444,United States,90.0
INV-103420,SKU-108,Portable Espresso Maker,Kitchen,1,2023-02-13 00:00:00,79.99,CUST-1485,France,79.99
INV-103421,SKU-108,Portable Espresso Maker,Kitchen,1,2023-05-03 00:00:00,79.99,CUST-1240,Germany,79.99
INV-103422,SKU-107,Organic Cotton Throw Blanket,Home,1,2023-12-15 00:00:00,45.0,CUST-1441,France,45.0
INV-103423,SKU-102,Ergonomic Office Chair,Furniture,5,2023-11-26 00:00:00,229.0,CUST-1154,Canada,1145.0
INV-103424,SKU-109,Laptop Stand Aluminum,Accessories,2,2024-02-13 00:00:00,39.99,CUST-1499,United Kingdom,79.98
INV-103425,SKU-107,Organic Cotton Throw Blanket,Home,2,2023-11-19 00:00:00,45.0,CUST-1011,United States,90.0
INV-103426,SKU-106,USB-C Multiport Adapter,Accessories,1,2023-04-21 00:00:00,34.5,CUST-1337,United States,34.5
INV-103427,SKU-109,Laptop Stand Aluminum,Accessories,1,2023-03-30 00:00:00,39.99,CUST-1378,France,39.99
INV-103428,SKU-101,Wireless Noise-Canceling Headphones,Audio,1,2024-03-08 00:00:00,149.99,CUST-1390,United States,149.99
INV-103429,SKU-102,Ergonomic Office Chair,Furniture,4,2023-04-09 00:00:00,229.0,CUST-1069,United States,916.0
INV-103430,SKU-101,Wireless Noise-Canceling Headphones,Audio,1,2024-06-22 00:00:00,149.99,CUST-1478,Germany,149.99
INV-103431,SKU-110,LED Desk Lamp with Wireless Charging,Lighting,1,2023-05-26 00:00:00,49.99,CUST-1110,Germany,49.99
INV-103432,SKU-103,Mechanical Gaming Keyboard,Peripherals,1,2023-09-14 00:00:00,89.5,CUST-1358,United States,89.5
INV-103433,SKU-105,Smart Fitness Tracker Band,Wearables,1,2023-07-08 00:00:00,59.99,CUST-1134,United States,59.99
INV-103434,SKU-101,Wireless Noise-Canceling Headphones,Audio,1,2023-08-28 00:00:00,149.99,CUST-1178,United Kingdom,149.99
INV-103435,SKU-104,Stainless Steel Water Bottle,Lifestyle,3,2024-05-17 00:00:00,24.99,CUST-1305,United States,74.97
INV-103436,SKU-108,Portable Espresso Maker,Kitchen,1,2023-09-28 00:00:00,79.99,CUST-1242,Canada,79.99
INV-103437,SKU-106,USB-C Multiport Adapter,Accessories,3,2024-06-03 00:00:00,34.5,CUST-1088,United States,103.5
INV-103438,SKU-101,Wireless Noise-Canceling Headphones,Audio,3,2023-04-24 00:00:00,149.99,CUST-1101,Australia,449.97
INV-103439,SKU-101,Wireless Noise-Canceling Headphones,Audio,1,2023-12-05 00:00:00,149.99,CUST-1242,Canada,149.99
INV-103440,SKU-103,Mechanical Gaming Keyboard,Peripherals,1,2023-12-25 00:00:00,89.5,CUST-1414,Germany,89.5
INV-103441,SKU-110,LED Desk Lamp with Wireless Charging,Lighting,1,2023-11-30 00:00:00,49.99,CUST-1475,United States,49.99
INV-103442,SKU-108,Portable Espresso Maker,Kitchen,4,2023-06-18 00:00:00,79.99,CUST-1050,United Kingdom,319.96
INV-103443,SKU-108,Portable Espresso Maker,Kitchen,1,2023-12-05 00:00:00,79.99,CUST-1231,United States,79.99
INV-103444,SKU-103,Mechanical Gaming Keyboard,Peripherals,1,2023-09-18 00:00:00,89.5,CUST-1053,United States,89.5
INV-103445,SKU-107,Organic Cotton Throw Blanket,Home,1,2023-07-18 00:00:00,45.0,CUST-1009,Canada,45.0
INV-103446,SKU-103,Mechanical Gaming Keyboard,Peripherals,1,2023-07-30 00:00:00,89.5,CUST-1381,United Kingdom,89.5
INV-103447,SKU-104,Stainless Steel Water Bottle,Lifestyle,1,2023-10-14 00:00:00,24.99,CUST-1336,Canada,24.99
INV-103448,SKU-109,Laptop Stand Aluminum,Accessories,1,2024-04-16 00:00:00,39.99,CUST-1091,United States,39.99
INV-103449,SKU-104,Stainless Steel Water Bottle,Lifestyle,2,2024-04-26 00:00:00,24.99,CUST-1139,United States,49.98
INV-103450,SKU-103,Mechanical Gaming Keyboard,Peripherals,3,2023-01-23 00:00:00,89.5,CUST-1011,India,268.5
INV-103451,SKU-105,Smart Fitness Tracker Band,Wearables,1,2023-04-19 00:00:00,59.99,CUST-1446,United Kingdom,59.99
INV-103452,SKU-107,Organic Cotton Throw Blanket,Home,1,2023-10-23 00:00:00,45.0,CUST-1498,United Kingdom,45.0
INV-103453,SKU-105,Smart Fitness Tracker Band,Wearables,3,2023-01-06 00:00:00,59.99,CUST-1069,United Kingdom,179.97
INV-103454,SKU-104,Stainless Steel Water Bottle,Lifestyle,1,2023-07-22 00:00:00,24.99,CUST-1139,United States,24.99
INV-103455,SKU-108,Portable Espresso Maker,Kitchen,4,2023-11-21 00:00:00,79.99,CUST-1469,Germany,319.96
INV-103456,SKU-104,Stainless Steel Water Bottle,Lifestyle,1,2023-09-01 00:00:00,24.99,CUST-1477,United States,24.99
INV-103457,SKU-102,Ergonomic Office Chair,Furniture,2,2023-11-23 00:00:00,229.0,CUST-1245,United Kingdom,458.0
INV-103458,SKU-110,LED Desk Lamp with Wireless Charging,Lighting,1,2023-02-16 00:00:00,49.99,CUST-1033,United Kingdom,49.99
INV-103459,SKU-106,USB-C Multiport Adapter,Accessories,1,2023-01-13 00:00:00,34.5,CUST-1025,Australia,34.5
INV-103460,SKU-102,Ergonomic Office Chair,Furniture,3,2024-01-15 00:00:00,229.0,CUST-1313,United Kingdom,687.0
INV-103461,SKU-103,Mechanical Gaming Keyboard,Peripherals,1,2023-12-31 00:00:00,89.5,CUST-1231,United States,89.5
INV-103462,SKU-101,Wireless Noise-Canceling Headphones,Audio,1,2023-12-08 00:00:00,149.99,CUST-1011,United Kingdom,149.99
INV-103463,SKU-105,Smart Fitness Tracker Band,Wearables,1,2023-08-09 00:00:00,59.99,CUST-1322,United States,59.99
INV-103464,SKU-109,Laptop Stand Aluminum,Accessories,3,2023-03-14 00:00:00,39.99,CUST-1003,United States,119.97
INV-103465,SKU-102,Ergonomic Office Chair,Furniture,1,2023-02-15 00:00:00,229.0,CUST-1441,United States,229.0
INV-103466,SKU-107,Organic Cotton Throw Blanket,Home,3,2024-05-18 00:00:00,45.0,CUST-1178,United Kingdom,135.0
INV-103467,SKU-105,Smart Fitness Tracker Band,Wearables,1,2023-10-01 00:00:00,59.99,CUST-1027,United States,59.99
INV-103468,SKU-102,Ergonomic Office Chair,Furniture,1,2023-07-27 00:00:00,229.0,CUST-1324,United Kingdom,229.0
INV-103469,SKU-108,Portable Espresso Maker,Kitchen,2,2023-05-04 00:00:00,79.99,CUST-1238,France,159.98
INV-103470,SKU-106,USB-C Multiport Adapter,Accessories,1,2023-01-10 00:00:00,34.5,CUST-1498,Germany,34.5
INV-103471,SKU-104,Stainless Steel Water Bottle,Lifestyle,1,2023-11-25 00:00:00,24.99,CUST-1303,United States,24.99
INV-103472,SKU-104,Stainless Steel Water Bottle,Lifestyle,1,2023-07-06 00:00:00,24.99,CUST-1154,United States,24.99
INV-103473,SKU-102,Ergonomic Office Chair,Furniture,1,2024-06-26 00:00:00,229.0,CUST-1395,Germany,229.0
INV-103474,SKU-103,Mechanical Gaming Keyboard,Peripherals,2,2023-03-01 00:00:00,89.5,CUST-1154,Australia,179.0
INV-103475,SKU-107,Organic Cotton Throw Blanket,Home,1,2024-03-17 00:00:00,45.0,CUST-1475,United States,45.0
INV-103476,SKU-103,Mechanical Gaming Keyboard,Peripherals,1,2023-08-05 00:00:00,89.5,CUST-1226,Canada,89.5
INV-103477,SKU-105,Smart Fitness Tracker Band,Wearables,1,2023-01-02 00:00:00,59.99,CUST-1305,United Kingdom,59.99
INV-103478,SKU-110,LED Desk Lamp with Wireless Charging,Lighting,1,2024-06-19 00:00:00,49.99,CUST-1033,United Kingdom,49.99
INV-103479,SKU-106,USB-C Multiport Adapter,Accessories,1,2023-12-22 00:00:00,34.5,CUST-1247,France,34.5
INV-103480,SKU-106,USB-C Multiport Adapter,Accessories,5,2023-06-14 00:00:00,34.5,CUST-1446,Germany,172.5
INV-103481,SKU-104,Stainless Steel Water Bottle,Lifestyle,3,2023-04-01 00:00:00,24.99,CUST-1444,Australia,74.97
INV-103482,SKU-106,USB-C Multiport Adapter,Accessories,1,2023-06-16 00:00:00,34.5,CUST-1134,United States,34.5
INV-103483,SKU-103,Mechanical Gaming Keyboard,Peripherals,1,2023-07-26 00:00:00,89.5,CUST-1135,United Kingdom,89.5
INV-103484,SKU-107,Organic Cotton Throw Blanket,Home,5,2023-10-09 00:00:00,45.0,,United Kingdom,225.0
INV-103485,SKU-107,Organic Cotton Throw Blanket,Home,1,2023-03-06 00:00:00,45.0,CUST-1478,United States,45.0
INV-103486,SKU-104,Stainless Steel Water Bottle,Lifestyle,1,2024-05-30 00:00:00,24.99,CUST-1052,United Kingdom,24.99
INV-103487,SKU-102,Ergonomic Office Chair,Furniture,2,2023-06-06 00:00:00,229.0,CUST-1249,United States,458.0
INV-103488,SKU-107,Organic Cotton Throw Blanket,Home,1,2023-11-02 00:00:00,45.0,CUST-1197,United States,45.0
INV-103489,SKU-103,Mechanical Gaming Keyboard,Peripherals,1,2024-01-30 00:00:00,89.5,CUST-1469,United States,89.5
INV-103490,SKU-101,Wireless Noise-Canceling Headphones,Audio,8,2023-03-15 00:00:00,149.99,CUST-1050,Germany,1199.92
INV-103491,SKU-102,Ergonomic Office Chair,Furniture,2,2023-07-06 00:00:00,229.0,CUST-1126,Australia,458.0
INV-103492,SKU-110,LED Desk Lamp with Wireless Charging,Lighting,1,2023-12-03 00:00:00,49.99,CUST-1412,United Kingdom,49.99
INV-103493,SKU-109,Laptop Stand Aluminum,Accessories,1,2023-08-28 00:00:00,39.99,CUST-1034,Germany,39.99
INV-103494,SKU-108,Portable Espresso Maker,Kitchen,1,2024-06-16 00:00:00,79.99,CUST-1263,United States,79.99
INV-103495,SKU-106,USB-C Multiport Adapter,Accessories,2,2023-05-21 00:00:00,34.5,CUST-1248,Australia,69.0
INV-103496,SKU-106,USB-C Multiport Adapter,Accessories,1,2023-09-22 00:00:00,34.5,CUST-1195,United Kingdom,34.5
INV-103497,SKU-101,Wireless Noise-Canceling Headphones,Audio,1,2023-05-19 00:00:00,149.99,CUST-1233,Canada,149.99
INV-103498,SKU-102,Ergonomic Office Chair,Furniture,5,2024-04-03 00:00:00,229.0,CUST-1283,Canada,1145.0
INV-103499,SKU-104,Stainless Steel Water Bottle,Lifestyle,1,2023-03-11 00:00:00,24.99,CUST-1089,United States,24.99
